"uuid","tenantid","businessserviceid","state","applicationstatus","sla","docuploadrequired","isstartstate","isterminatestate","createdby","createdtime","lastmodifiedby","lastmodifiedtime","seq","isstateupdatable"
"002eea7c-54c4-4c80-affd-35412386de13","pg","73a1bc6f-8d57-4e84-b5a3-e3b5ea126725","APPROVED","ACTIVE",NULL,False,False,True,"1723f919-bcce-4f6f-a135-4757075c5c27","1745170781516","1723f919-bcce-4f6f-a135-4757075c5c27","1750320098459",606,False
"0185bfbf-f7e3-457b-aab0-eb2bd0438cc7","pg","30980eed-6094-4074-a2b6-3cb5bac7b6a0","PENDING_FOR_APPROVAL","PENDING_FOR_APPROVAL","86400000",False,False,False,"1723f919-bcce-4f6f-a135-4757075c5c27","1745170757723","1723f919-bcce-4f6f-a135-4757075c5c27","1745170757723",589,False
"01c8bb7e-a2a1-49f8-ba0f-1606da658931","pg","a5d1baa4-6d6b-4fe9-830d-21b08c2f0b1b","APPROVED","APPROVED",NULL,False,False,True,"1723f919-bcce-4f6f-a135-4757075c5c27","1745170615341","1723f919-bcce-4f6f-a135-4757075c5c27","1745170615341",520,False
"01eb74e4-fe6e-490c-9e91-4ad262329f2b","pg.citya","61692547-0453-4d2d-a696-f272c03c3731","FIELDINSPECTION","FIELDINSPECTION","86400000",False,False,False,"1723f919-bcce-4f6f-a135-4757075c5c27","1743484407631","c8d9141d-b3f3-41e3-bc1f-649af40dee6a","1747222452265",84,True
"0227c254-14e7-4089-b259-bc54fea1c0a8","pg","601b4c9b-b61a-47e0-a175-2909e713a003","PENDING_FOR_DOCUMENT_VERIFICATION","PENDING_FOR_DOCUMENT_VERIFICATION",NULL,False,False,False,"1723f919-bcce-4f6f-a135-4757075c5c27","1745170768730","1723f919-bcce-4f6f-a135-4757075c5c27","1750320031573",594,True
"024b4b66-c58c-43e0-abad-daab1cd1611b","pg","18311687-f9b2-4c5f-ae1a-c7861a9463e1",NULL,NULL,NULL,False,True,False,"3903e096-3b9f-43a5-b5f0-4c37079d6cd5","1744197611210","3903e096-3b9f-43a5-b5f0-4c37079d6cd5","1744197611210",262,True
"0292c11c-fe97-44f5-92da-321da2fa5ec8","pg.citya","58d3bdfb-e1f9-40d8-bd04-88d65af3c0eb","CITIZENACTIONREQUIRED","CITIZENACTIONREQUIRED",NULL,False,False,False,"1723f919-bcce-4f6f-a135-4757075c5c27","1743483264461","1723f919-bcce-4f6f-a135-4757075c5c27","1743483264461",66,True
"02e5b406-7560-4d76-aecd-84513f2e4825","pg","f7329b4a-c3cf-4587-9ffa-e439bf8d9c58","OPEN","INWORKFLOW","432000000",False,True,False,"919f4168-223a-4ea9-8d27-9a9e27e672bd","1743070107121","c8d9141d-b3f3-41e3-bc1f-649af40dee6a","1747291928326",16,False
"0352f845-af68-470f-a91e-d2afed3fc981","pg.citya","c7848f64-b6ca-4c61-9459-3e4788a4aaeb","PENDING_FOR_PAYMENT","PENDING_FOR_PAYMENT","43200000",False,False,False,"d14f1116-6b07-4345-9db9-820d2e85daa0","1750331394335","d14f1116-6b07-4345-9db9-820d2e85daa0","1750331394335",1012,False
"03da0e04-2f50-4fa6-a797-8dd0782d6ea8","pg","da95f7f1-812d-46d4-bfa6-ad93e3c983e6","APPROVED","APPROVED",NULL,False,False,True,"1723f919-bcce-4f6f-a135-4757075c5c27","1744621912674","c8d9141d-b3f3-41e3-bc1f-649af40dee6a","1747300462548",400,False
"040098e2-b615-41aa-aa88-312d43d59afe","pg","7f960ae1-9e5a-48b1-8aa4-0e137e3656a4",NULL,NULL,NULL,False,True,False,"1723f919-bcce-4f6f-a135-4757075c5c27","1744613193390","c8d9141d-b3f3-41e3-bc1f-649af40dee6a","1747302742562",348,False
"046bf108-ab75-427b-9367-55a13970b9c5","pg.citya","4119190b-4b04-4609-8571-e5653e96ca5b","CITIZEN_APPROVAL_PENDING","CITIZEN_APPROVAL_INPROCESS",NULL,False,False,False,"3709110a-4b1d-49a4-b639-95b689a86aa5","1743501511811","c8d9141d-b3f3-41e3-bc1f-649af40dee6a","1747225208046",99,False
"0548169a-1290-4099-881f-73803e4ab455","pg.citya","ad41ee60-a3ca-4783-92c9-6f83668401dc","PENDING_FOR_CITIZEN_ACTION","PENDING_FOR_CITIZEN_ACTION",NULL,False,False,False,"d14f1116-6b07-4345-9db9-820d2e85daa0","1750331517050","d14f1116-6b07-4345-9db9-820d2e85daa0","1750331517050",1033,True
"05ef8c20-46ff-41c8-b98b-1bef0b2e70ec","pg.citya","09aa243d-f43d-4da1-8058-6c4a6b531b16","APPROVALPENDING","INWORKFLOW",NULL,False,True,False,"3709110a-4b1d-49a4-b639-95b689a86aa5","1743506632422","3709110a-4b1d-49a4-b639-95b689a86aa5","1743506632422",258,False
"0632905f-241c-4b73-99bd-0a47263fc4fd","pg.citya","8f035da0-cb06-45d5-b46a-bbb072765aae",NULL,"INITIATED",NULL,False,True,False,"1723f919-bcce-4f6f-a135-4757075c5c27","1743483264461","1723f919-bcce-4f6f-a135-4757075c5c27","1743483264461",53,True
"064a6460-f0db-4df9-8725-bf0eb51da2e9","pg.citya","9b0e880c-5293-47d6-b9bb-f4a250884577","PENDINGRESULTS","PENDINGRESULTS",NULL,False,False,False,"5130f2e3-efc1-401a-94fb-b9e60d9fa17d","1746620493337","5130f2e3-efc1-401a-94fb-b9e60d9fa17d","1746620493337",676,False
"0781d3ee-39a6-432e-a30a-6a4982782607","pg.citya","979c1920-32ed-4337-8e56-60d9ccec24ec","DSO_REJECTED","DSO_REJECTED",NULL,False,False,False,"11b0e02b-0145-4de2-bc42-c97b96264807","1746620314146","11b0e02b-0145-4de2-bc42-c97b96264807","1746620314146",640,True
"08270771-6d3c-4a32-a6e5-652ba10117f8","pg.citya","6b68a2a2-45f9-4101-92e7-fdd62fcefbb5","INITIATED","INPROGRESS",NULL,False,False,False,"1723f919-bcce-4f6f-a135-4757075c5c27","1743483264461","1723f919-bcce-4f6f-a135-4757075c5c27","1743483264461",45,False
"08d80fd9-02ad-4643-b93e-b67590fcb374","pg.citya","61692547-0453-4d2d-a696-f272c03c3731",NULL,NULL,NULL,False,True,False,"1723f919-bcce-4f6f-a135-4757075c5c27","1743484407631","c8d9141d-b3f3-41e3-bc1f-649af40dee6a","1747222452265",80,True
"0986acff-ee96-47c0-81e6-d19cbbc42509","pg.citya","c0123d81-115e-4e80-9307-51d20500d5f9","REJECTED","INACTIVE",NULL,False,False,True,"3709110a-4b1d-49a4-b639-95b689a86aa5","1743506463523","c8d9141d-b3f3-41e3-bc1f-649af40dee6a","1747296696098",189,False
"0a3a0130-1950-47ed-b558-cd3c6ac54c6e","pg.cityb","200de84f-9503-4d0b-a3f2-6780fc0d2897","DRAFTED","DRAFTED",NULL,False,False,False,"5130f2e3-efc1-401a-94fb-b9e60d9fa17d","1748348009641","5130f2e3-efc1-401a-94fb-b9e60d9fa17d","1748348009641",941,True
"0a406fa7-5db3-4aae-932e-f91774137e6c","pg.citya","7c33d4ed-e749-4f04-9422-b44b4684d2da","VOIDED","VOIDED",NULL,False,False,True,"1723f919-bcce-4f6f-a135-4757075c5c27","1743483264461","1723f919-bcce-4f6f-a135-4757075c5c27","1743483264461",51,False
"0b02c4e1-4888-459b-8f6c-956ddf31aa08","pg","7de13989-75d7-468d-b05a-36d16ccae18a","CANCELED","CANCELED",NULL,False,False,True,"5130f2e3-efc1-401a-94fb-b9e60d9fa17d","1744197702516","5130f2e3-efc1-401a-94fb-b9e60d9fa17d","1744197702516",320,False
"0b43ab5d-b987-410b-a6c9-f393f5b308a1","pg","601b4c9b-b61a-47e0-a175-2909e713a003","PENDING_FOR_PAYMENT","PENDING_FOR_PAYMENT",NULL,False,False,False,"1723f919-bcce-4f6f-a135-4757075c5c27","1745170768730","1723f919-bcce-4f6f-a135-4757075c5c27","1750320031573",600,False
"0c42f37f-609e-48be-9480-85bf77a80542","pg.citya","a511d0e1-b7eb-44b2-9a66-6f6e76d65ec3","CANCELED","CANCELED",NULL,False,False,True,"5130f2e3-efc1-401a-94fb-b9e60d9fa17d","1746620274309","5130f2e3-efc1-401a-94fb-b9e60d9fa17d","1746620274309",635,False
"0c6c1bf7-c281-4cd8-8872-69f05c22d288","pg.citya","0e0739fc-882a-444e-9c18-28c65ba33fca","PENDINGDOCVERIFICATION","PENDINGDOCVERIFICATION",NULL,False,False,False,"3709110a-4b1d-49a4-b639-95b689a86aa5","1743501511811","c8d9141d-b3f3-41e3-bc1f-649af40dee6a","1747303229636",174,False
"0cd986d2-76db-4143-96c5-85efb4257771","pg","7de13989-75d7-468d-b05a-36d16ccae18a","DSO_INPROGRESS","DSO_INPROGRESS",NULL,False,False,False,"5130f2e3-efc1-401a-94fb-b9e60d9fa17d","1744197702516","5130f2e3-efc1-401a-94fb-b9e60d9fa17d","1744197702516",316,True
"0cfcdef7-9d85-494c-8097-221e31fc763a","pg.citya","28050927-9e2c-4ebd-afca-1c67d72e5f77","REJECTED","REJECTED",NULL,False,False,True,"1723f919-bcce-4f6f-a135-4757075c5c27","1743483264461","1723f919-bcce-4f6f-a135-4757075c5c27","1743483264461",41,False
"0d2a5d69-5ea1-4fe1-8fe9-3ccf0c9cb02f","pg","767feec3-12a8-433c-8c6c-622dac620a83","VOIDED","VOIDED",NULL,False,False,True,"1723f919-bcce-4f6f-a135-4757075c5c27","1745170626068","1723f919-bcce-4f6f-a135-4757075c5c27","1745170626068",526,False
"0d69f79e-2b70-44be-931d-7efc4544f92f","pg.citya","09aa243d-f43d-4da1-8058-6c4a6b531b16","PENDING_FOR_CITIZEN_ACTION","INWORKFLOW",NULL,False,False,False,"3709110a-4b1d-49a4-b639-95b689a86aa5","1743506632422","3709110a-4b1d-49a4-b639-95b689a86aa5","1743506632422",261,True
"0d8b111a-8439-470e-97f6-cf306041c88d","pg","13825637-e367-4cc5-a7b7-333924a383eb",NULL,"INITIATED",NULL,False,True,False,"1723f919-bcce-4f6f-a135-4757075c5c27","1745170642694","1723f919-bcce-4f6f-a135-4757075c5c27","1745170642694",531,True
"0da312c3-09b5-4ef7-8ca8-fa82b57893ab","pg.citya","399fd2bf-348d-428f-a2a6-fbbfe927e7a7","PENDING_SANC_FEE_PAYMENT","PENDING_SANC_FEE_PAYMENT",NULL,False,False,False,"3709110a-4b1d-49a4-b639-95b689a86aa5","1743501511811","c8d9141d-b3f3-41e3-bc1f-649af40dee6a","1747227583985",136,False
"0e4f02b3-5498-408c-a7c1-7e4fb04bb879","pg.citya","fece7167-03f8-4622-8be2-ebc75ad94f79","CLOSEDAFTERREJECTION","CLOSEDAFTERREJECTION",NULL,False,False,True,"a4a0d5a5-2edc-4c3d-bf97-5fdd1f88cbaa","1743096883293","a4a0d5a5-2edc-4c3d-bf97-5fdd1f88cbaa","1743096883293",37,False
"0ed13691-915e-4583-9bf4-70cb144da8ba","pg","ee9d1dbc-d6f1-4fd6-b91d-d67fd0e25b4d","APPROVED","APPROVED",NULL,False,False,False,"1723f919-bcce-4f6f-a135-4757075c5c27","1745170648438","1723f919-bcce-4f6f-a135-4757075c5c27","1745170648438",542,False
"0f4b97a4-8401-40b3-969e-ed008a129497","pg","d027138a-517e-4a03-a2ca-d471c093b171","CITIZEN_APPROVAL_PENDING","CITIZEN_APPROVAL_INPROCESS",NULL,False,False,False,"1723f919-bcce-4f6f-a135-4757075c5c27","1744621900491","c8d9141d-b3f3-41e3-bc1f-649af40dee6a","1747300294366",377,True
"0face35e-40bb-4441-978c-9fc1ee58d0e5","pg","d353ce5f-ab8d-4523-bb12-e50343095cd7",NULL,NULL,NULL,True,True,False,"5130f2e3-efc1-401a-94fb-b9e60d9fa17d","1744197760141","5130f2e3-efc1-401a-94fb-b9e60d9fa17d","1744197760141",321,True
"0febbec6-1180-40c0-950d-d099218c9b15","pg","7de13989-75d7-468d-b05a-36d16ccae18a","REJECTED","REJECTED",NULL,False,False,True,"5130f2e3-efc1-401a-94fb-b9e60d9fa17d","1744197702516","5130f2e3-efc1-401a-94fb-b9e60d9fa17d","1744197702516",319,False
"0ffa6840-88d7-4721-a618-8fb02fe0e5cb","pg","7de13989-75d7-468d-b05a-36d16ccae18a","PENDING_DSO_APPROVAL","PENDING_DSO_APPROVAL",NULL,False,False,False,"5130f2e3-efc1-401a-94fb-b9e60d9fa17d","1744197702516","5130f2e3-efc1-401a-94fb-b9e60d9fa17d","1744197702516",314,True
"10106d9b-4d72-4589-978f-48e5182174e0","pg","601b4c9b-b61a-47e0-a175-2909e713a003","PENDING_FOR_DISCONNECTION_EXECUTION","PENDING_FOR_DISCONNECTION_EXECUTION",NULL,False,False,False,"1723f919-bcce-4f6f-a135-4757075c5c27","1745170768730","1723f919-bcce-4f6f-a135-4757075c5c27","1750320031573",601,True
"10c202ab-14d8-4049-b415-6750440d5183","pg.citya","0639ccd3-26e4-45b4-be62-2029317dfb67","COMPLETED","COMPLETED",NULL,False,False,True,"5130f2e3-efc1-401a-94fb-b9e60d9fa17d","1746620339237","5130f2e3-efc1-401a-94fb-b9e60d9fa17d","1746620339237",655,False
"1131cc73-7888-4b13-8c37-6225ad04261b","pg","601b4c9b-b61a-47e0-a175-2909e713a003",NULL,NULL,NULL,False,True,False,"1723f919-bcce-4f6f-a135-4757075c5c27","1745170768730","1723f919-bcce-4f6f-a135-4757075c5c27","1750320031573",592,True
"11453774-fa3b-40e7-af54-8b5ede217be4","pg","d7f70200-e91c-405d-88a3-92969fae5b9f","APPROVALPENDING","INWORKFLOW",NULL,False,True,False,"1723f919-bcce-4f6f-a135-4757075c5c27","1745170721050","1723f919-bcce-4f6f-a135-4757075c5c27","1750320275276",573,False
"1176abf5-5022-4dbf-8442-878032295198","pg","e282afcd-f22c-4a48-b6d5-6d4945c93273","PENDINGDOCVERIFICATION","PENDINGDOCVERIFICATION",NULL,False,False,False,"1723f919-bcce-4f6f-a135-4757075c5c27","1744621925179","c8d9141d-b3f3-41e3-bc1f-649af40dee6a","1747299993886",407,False
"1210904b-b98e-4172-a53a-ccc0569c9f0f","pg","b2187912-ae23-48a6-a3a9-d6fcf4dda8db","PENDINGFORTECHNICALSANCTION","TECHNICALLY SANCTIONED","86400000",False,False,False,"b43b260c-f620-45d3-a43f-f53148f87f15","1759748291264","b43b260c-f620-45d3-a43f-f53148f87f15","1759748291264",1087,True
"122f0ba0-70f5-4289-9df2-df5ee598cc10","pg.citya","399fd2bf-348d-428f-a2a6-fbbfe927e7a7","BACK_FROM_DOC_VERIFICATION","CITIZEN_ACTION_PENDING_AT_DOC_VERIF",NULL,False,False,False,"3709110a-4b1d-49a4-b639-95b689a86aa5","1743501511811","c8d9141d-b3f3-41e3-bc1f-649af40dee6a","1747227583985",139,True
"12cdc2a0-b7be-48a6-a196-25080e687751","pg.citya","a511d0e1-b7eb-44b2-9a66-6f6e76d65ec3","CITIZEN_FEEDBACK_PENDING","CITIZEN_FEEDBACK_PENDING",NULL,False,False,False,"5130f2e3-efc1-401a-94fb-b9e60d9fa17d","1746620274309","5130f2e3-efc1-401a-94fb-b9e60d9fa17d","1746620274309",632,False
"12f61d44-b1cf-4bb9-9da4-4988a21a26b9","pg.citya","4119190b-4b04-4609-8571-e5653e96ca5b","FIELDINSPECTION_PENDING","FIELDINSPECTION_INPROGRESS",NULL,False,False,False,"3709110a-4b1d-49a4-b639-95b689a86aa5","1743501511811","c8d9141d-b3f3-41e3-bc1f-649af40dee6a","1747225208046",103,False
"13d5d3b6-dcbd-42cc-8b44-839fb7dd79c4","pg","da95f7f1-812d-46d4-bfa6-ad93e3c983e6","NOC_VERIFICATION_PENDING","NOC_VERIFICATION_INPROGRESS",NULL,False,False,False,"1723f919-bcce-4f6f-a135-4757075c5c27","1744621912674","c8d9141d-b3f3-41e3-bc1f-649af40dee6a","1747300462548",397,False
"13d95bd8-fde7-4e96-affd-da39e8deac74","pg","d7f70200-e91c-405d-88a3-92969fae5b9f","APPROVED","ACTIVE",NULL,False,False,True,"1723f919-bcce-4f6f-a135-4757075c5c27","1745170721050","1723f919-bcce-4f6f-a135-4757075c5c27","1750320275276",575,False
"13e7fdfb-b71e-4b5b-96f6-ea05e7fc1843","pg","e849a68d-93f0-4e6e-9694-451b1b1e32d5","PENDING_FOR_DISCONNECTION_EXECUTION","PENDING_FOR_DISCONNECTION_EXECUTION",NULL,False,False,False,"1723f919-bcce-4f6f-a135-4757075c5c27","1745170711814","1723f919-bcce-4f6f-a135-4757075c5c27","1750320234575",570,True
"13f57cc2-ac3c-4d47-b1fe-9b46a3fa6b46","pg.citya","399fd2bf-348d-428f-a2a6-fbbfe927e7a7","PENDINGAPPROVAL","APPROVAL_INPROGRESS",NULL,False,False,False,"3709110a-4b1d-49a4-b639-95b689a86aa5","1743501511811","c8d9141d-b3f3-41e3-bc1f-649af40dee6a","1747227583985",135,False
"146024fc-f18b-49d6-b935-c3fbea34cf95","pg","0ab34fa0-9b83-4b29-94fa-bf6c5a49f6b8","PENDING_FOR_CONNECTION_ACTIVATION","PENDING_FOR_CONNECTION_ACTIVATION",NULL,False,False,False,"1723f919-bcce-4f6f-a135-4757075c5c27","1745170748360","1723f919-bcce-4f6f-a135-4757075c5c27","1750319946627",585,True
"151d7560-c708-456d-8a98-50b8da655f1c","pg","abf08b04-abe9-4164-9b7d-a0848be4e5c6","COMPLETED","COMPLETED",NULL,False,False,True,"5130f2e3-efc1-401a-94fb-b9e60d9fa17d","1744197634808","5130f2e3-efc1-401a-94fb-b9e60d9fa17d","1744197634808",280,False
"163fbc71-9b5e-4510-bacd-35c4cba14b05","pg","b343dcef-68f1-4a86-9825-d1b7d458cd44","REJECTED","REJECTED",NULL,False,False,True,"a4a0d5a5-2edc-4c3d-bf97-5fdd1f88cbaa","1743096378513","a4a0d5a5-2edc-4c3d-bf97-5fdd1f88cbaa","1743096378513",27,False
"16a67ad6-232c-44cd-80e6-2b846e503b3d","pg","e2da0963-ea85-4cf8-bf2a-bd0c217117a7",NULL,"INITIATED",NULL,False,True,False,"1723f919-bcce-4f6f-a135-4757075c5c27","1745170635449","1723f919-bcce-4f6f-a135-4757075c5c27","1745170635449",527,True
"16c72b06-14cc-41d0-82b4-b4a75b9dad88","pg.citya","58d3bdfb-e1f9-40d8-bd04-88d65af3c0eb","FIELDINSPECTION","FIELDINSPECTION","86400000",False,False,False,"1723f919-bcce-4f6f-a135-4757075c5c27","1743483264461","1723f919-bcce-4f6f-a135-4757075c5c27","1743483264461",62,False
"172f4685-b9bb-4518-ba38-4e02bbf1c563","pg","abf08b04-abe9-4164-9b7d-a0848be4e5c6","CREATED","CREATED",NULL,False,False,False,"5130f2e3-efc1-401a-94fb-b9e60d9fa17d","1744197634808","5130f2e3-efc1-401a-94fb-b9e60d9fa17d","1744197634808",274,True
"1751623e-2dda-4b07-a7ce-886748be7882","pg.citya","ad41ee60-a3ca-4783-92c9-6f83668401dc",NULL,NULL,NULL,False,True,False,"d14f1116-6b07-4345-9db9-820d2e85daa0","1750331517050","d14f1116-6b07-4345-9db9-820d2e85daa0","1750331517050",1031,False
"17b50346-dcde-4229-be29-c25260929139","pg","ee9d1dbc-d6f1-4fd6-b91d-d67fd0e25b4d","CITIZENACTIONREQUIRED-DV","CITIZENACTIONREQUIRED-DV",NULL,False,False,False,"1723f919-bcce-4f6f-a135-4757075c5c27","1745170648438","1723f919-bcce-4f6f-a135-4757075c5c27","1745170648438",545,True
"17c2605d-39b8-45aa-a838-34cc92122566","pg.citya","6b68a2a2-45f9-4101-92e7-fdd62fcefbb5","REJECTED","REJECTED",NULL,False,False,True,"1723f919-bcce-4f6f-a135-4757075c5c27","1743483264461","1723f919-bcce-4f6f-a135-4757075c5c27","1743483264461",46,False
"17c6a499-2104-47af-b3a2-67591da26a65","pg.citya","5f1412d2-ae8f-45f4-9e26-045eb4b81433","REJECTED","REJECTED",NULL,False,False,True,"3709110a-4b1d-49a4-b639-95b689a86aa5","1743501511811","c8d9141d-b3f3-41e3-bc1f-649af40dee6a","1747303159965",169,False
"18e469aa-3cda-4825-937e-5be25698e798","pg","3ce59e63-7fa9-4971-9515-d571abfbd957","SEND_TO_CITIZEN","INITIATED",NULL,False,False,False,"1723f919-bcce-4f6f-a135-4757075c5c27","1744621887819","c8d9141d-b3f3-41e3-bc1f-649af40dee6a","1747300190538",361,True
"190be015-37bd-4edf-8329-b834777ea410","pg","e282afcd-f22c-4a48-b6d5-6d4945c93273","APPROVED","APPROVED",NULL,False,False,True,"1723f919-bcce-4f6f-a135-4757075c5c27","1744621925179","c8d9141d-b3f3-41e3-bc1f-649af40dee6a","1747299993886",410,False
"192ac155-bc41-424b-aedd-c606fd7dc600","pg.citya","0639ccd3-26e4-45b4-be62-2029317dfb67","CANCELED","CANCELED",NULL,False,False,True,"5130f2e3-efc1-401a-94fb-b9e60d9fa17d","1746620339237","5130f2e3-efc1-401a-94fb-b9e60d9fa17d","1746620339237",657,False
"197af202-6bd0-4143-9588-32a952af4d00","pg.citya","5efaa4c5-f329-4c75-8e73-4d1ed5e069de",NULL,NULL,NULL,False,True,False,"5130f2e3-efc1-401a-94fb-b9e60d9fa17d","1746620465019","5130f2e3-efc1-401a-94fb-b9e60d9fa17d","1746620465019",664,True
"19b5b4a0-8f9f-410b-a784-e16cab6efaf8","pg","b2187912-ae23-48a6-a3a9-d6fcf4dda8db","APPROVED","APPROVED",NULL,False,False,True,"b43b260c-f620-45d3-a43f-f53148f87f15","1759748291264","b43b260c-f620-45d3-a43f-f53148f87f15","1759748291264",1090,False
"1add7391-2707-4dd3-a115-bd1ecd52a901","pg","3ce59e63-7fa9-4971-9515-d571abfbd957","BACK_FROM_FI_VERIFICATION","CITIZEN_ACTION_PENDING_AT_FI_VERIF",NULL,False,False,False,"1723f919-bcce-4f6f-a135-4757075c5c27","1744621887819","c8d9141d-b3f3-41e3-bc1f-649af40dee6a","1747300190538",373,True
"1afa7302-f4c1-4bde-a27b-22d82926ebb2","pg","97092661-77f6-47a2-9397-d6f450397617","DSO_INPROGRESS","DSO_INPROGRESS",NULL,False,False,False,"5130f2e3-efc1-401a-94fb-b9e60d9fa17d","1744197661636","5130f2e3-efc1-401a-94fb-b9e60d9fa17d","1744197661636",300,True
"1b56fcc6-ce7a-42da-9458-49ac6c4780c1","pg.citya","491b502c-0b7f-4659-980d-934eb3ee2c84","CANCELLED","CANCELLED",NULL,False,False,True,"1723f919-bcce-4f6f-a135-4757075c5c27","1743484407631","c8d9141d-b3f3-41e3-bc1f-649af40dee6a","1747222345985",79,False
"1b7dd7eb-eb80-44aa-8089-be5739a69f4d","pg.citya","022d53ab-71c7-41e8-85e7-a27d4fcbc66c","REJECTED","REJECTED",NULL,False,False,True,"3709110a-4b1d-49a4-b639-95b689a86aa5","1743501511811","c8d9141d-b3f3-41e3-bc1f-649af40dee6a","1747302781861",151,False
"1c3bdda8-e29f-40f4-8465-a397660074cf","pg","18311687-f9b2-4c5f-ae1a-c7861a9463e1","CANCELED","CANCELED",NULL,False,False,True,"3903e096-3b9f-43a5-b5f0-4c37079d6cd5","1744197611210","3903e096-3b9f-43a5-b5f0-4c37079d6cd5","1744197611210",271,False
"1cb30d5a-f165-4050-9d63-5015fe4939a8","pg.citya","5f1412d2-ae8f-45f4-9e26-045eb4b81433","PENDINGPAYMENT","PENDINGPAYMENT",NULL,False,False,False,"3709110a-4b1d-49a4-b639-95b689a86aa5","1743501511811","c8d9141d-b3f3-41e3-bc1f-649af40dee6a","1747303159965",167,False
"1dc7429d-6274-4fa7-87da-8c6c2f7f92b4","pg","7f960ae1-9e5a-48b1-8aa4-0e137e3656a4","PENDINGPAYMENT","PENDINGPAYMENT",NULL,False,False,False,"1723f919-bcce-4f6f-a135-4757075c5c27","1744613193390","c8d9141d-b3f3-41e3-bc1f-649af40dee6a","1747302742562",349,False
"1e17d4ed-a0c8-4735-9cee-cb5b4051a41c","pg.citya","f72c4a22-ef79-4d3e-a9f0-774a63b67e8a",NULL,"APPLIED",NULL,False,True,False,"1723f919-bcce-4f6f-a135-4757075c5c27","1743484407631","c8d9141d-b3f3-41e3-bc1f-649af40dee6a","1747222194863",68,False
"1e442c24-fef4-4992-a548-42564176da59","pg.citya","a7b81d5f-d1b4-4b76-8310-db1bd42a76d7","OPEN","INWORKFLOW","432000000",False,True,False,"3709110a-4b1d-49a4-b639-95b689a86aa5","1743506463523","c8d9141d-b3f3-41e3-bc1f-649af40dee6a","1747221963724",193,True
"1e7785c7-9d0c-40d3-a1d9-7ed26ee87aa3","pg","7f960ae1-9e5a-48b1-8aa4-0e137e3656a4","REJECTED","REJECTED",NULL,False,False,True,"1723f919-bcce-4f6f-a135-4757075c5c27","1744613193390","c8d9141d-b3f3-41e3-bc1f-649af40dee6a","1747302742562",351,False
"1e9cce4e-63bc-4e41-b1a1-51e4f2d2f656","pg","abf08b04-abe9-4164-9b7d-a0848be4e5c6","CITIZEN_FEEDBACK_PENDING","CITIZEN_FEEDBACK_PENDING",NULL,False,False,False,"5130f2e3-efc1-401a-94fb-b9e60d9fa17d","1744197634808","5130f2e3-efc1-401a-94fb-b9e60d9fa17d","1744197634808",279,False
"1ec18eff-459c-4870-87d7-6e14976dfcea","pg","d027138a-517e-4a03-a2ca-d471c093b171",NULL,NULL,NULL,False,True,False,"1723f919-bcce-4f6f-a135-4757075c5c27","1744621900491","c8d9141d-b3f3-41e3-bc1f-649af40dee6a","1747300294366",375,True
"1f3c996e-bfc1-4a28-aa49-e2cc110f49c2","pg","da95f7f1-812d-46d4-bfa6-ad93e3c983e6","CITIZEN_APPROVAL_PENDING","CITIZEN_APPROVAL_INPROCESS",NULL,False,False,False,"1723f919-bcce-4f6f-a135-4757075c5c27","1744621912674","c8d9141d-b3f3-41e3-bc1f-649af40dee6a","1747300462548",392,False
"20a1c33f-4f94-4817-8ac3-2c88a1925c15","pg.citya","491b502c-0b7f-4659-980d-934eb3ee2c84",NULL,NULL,NULL,False,True,False,"1723f919-bcce-4f6f-a135-4757075c5c27","1743484407631","c8d9141d-b3f3-41e3-bc1f-649af40dee6a","1747222345985",71,False
"224f12d8-3722-419f-8b08-0311c9273206","pg","767feec3-12a8-433c-8c6c-622dac620a83","REJECTED","REJECTED",NULL,False,False,True,"1723f919-bcce-4f6f-a135-4757075c5c27","1745170626068","1723f919-bcce-4f6f-a135-4757075c5c27","1745170626068",524,False
"24416d41-d7a9-4744-976c-de270e03b452","pg","d353ce5f-ab8d-4523-bb12-e50343095cd7","PENDINGRESULTS","PENDINGRESULTS",NULL,False,False,False,"5130f2e3-efc1-401a-94fb-b9e60d9fa17d","1744197760141","5130f2e3-efc1-401a-94fb-b9e60d9fa17d","1744197760141",323,False
"24b38a55-9ab8-401f-9a27-80916497306c","pg.citya","f72c4a22-ef79-4d3e-a9f0-774a63b67e8a","APPROVED","APPROVED",NULL,False,False,True,"1723f919-bcce-4f6f-a135-4757075c5c27","1743484407631","c8d9141d-b3f3-41e3-bc1f-649af40dee6a","1747222194863",70,False
"24ef2b6e-8e10-4420-a2c6-3a43372cbfa7","pg","d2a3600e-80c2-4333-ab49-e0c3fc5ddf93","PENDINGAPPROVAL","PENDINGAPPROVAL","43200000",False,False,False,"1723f919-bcce-4f6f-a135-4757075c5c27","1744621953667","c8d9141d-b3f3-41e3-bc1f-649af40dee6a","1747302990941",421,False
"26f70616-ef80-4093-bec2-b63ed6707a47","pg.citya","14fd45d4-025b-467c-96d2-059af099dd03","REJECTED","INACTIVE",NULL,False,False,True,"3709110a-4b1d-49a4-b639-95b689a86aa5","1743506587586","3709110a-4b1d-49a4-b639-95b689a86aa5","1743506587586",228,False
"2726cb75-1ddf-463a-ba4a-31de619f0809","pg","97092661-77f6-47a2-9397-d6f450397617","PENDING_APPL_FEE_PAYMENT","PENDING_APPL_FEE_PAYMENT",NULL,False,False,False,"5130f2e3-efc1-401a-94fb-b9e60d9fa17d","1744197661636","5130f2e3-efc1-401a-94fb-b9e60d9fa17d","1744197661636",297,True
"27c8c3d4-5e23-401c-8f1d-395df4c05b00","pg.citya","4119190b-4b04-4609-8571-e5653e96ca5b","BACK_FROM_FI_VERIFICATION","CITIZEN_ACTION_PENDING_AT_FI_VERIF",NULL,False,False,False,"3709110a-4b1d-49a4-b639-95b689a86aa5","1743501511811","c8d9141d-b3f3-41e3-bc1f-649af40dee6a","1747225208046",110,True
"27e82cfe-8795-4e97-a4f1-d27b6d59ffdb","pg.citya","74869757-3306-41f1-af48-11114c78aeb3","APPROVED","APPROVED",NULL,False,False,True,"3709110a-4b1d-49a4-b639-95b689a86aa5","1743501511811","c8d9141d-b3f3-41e3-bc1f-649af40dee6a","1747303039536",165,False
"2892a427-3789-4eb8-9787-05614da39ca1","pg.citya","399fd2bf-348d-428f-a2a6-fbbfe927e7a7","FIELDINSPECTION_PENDING","FIELDINSPECTION_INPROGRESS",NULL,False,False,False,"3709110a-4b1d-49a4-b639-95b689a86aa5","1743501511811","c8d9141d-b3f3-41e3-bc1f-649af40dee6a","1747227583985",133,False
"28ce2014-4f28-4ae4-8b0a-ea31b50ba4f1","pg","d7f70200-e91c-405d-88a3-92969fae5b9f","REJECTED","INACTIVE",NULL,False,False,True,"1723f919-bcce-4f6f-a135-4757075c5c27","1745170721050","1723f919-bcce-4f6f-a135-4757075c5c27","1750320275276",574,False
"290cd305-225c-426b-a13f-166f9077a71e","pg.citya","5f1412d2-ae8f-45f4-9e26-045eb4b81433",NULL,NULL,NULL,False,True,False,"3709110a-4b1d-49a4-b639-95b689a86aa5","1743501511811","c8d9141d-b3f3-41e3-bc1f-649af40dee6a","1747303159965",166,False
"291b08d9-e66f-4420-8000-9962a70a8c3c","pg.citya","5b008a43-2cb5-4d4d-b5bb-fcd0f65a8c8b","COMPLETED","COMPLETED",NULL,False,False,True,"3903e096-3b9f-43a5-b5f0-4c37079d6cd5","1746620241301","3903e096-3b9f-43a5-b5f0-4c37079d6cd5","1746620241301",622,False
"29d16ea4-a2dd-438b-96ae-9f3312fa74a7","pg","ee9d1dbc-d6f1-4fd6-b91d-d67fd0e25b4d","DOCUMENTVERIFY","DOCUMENTVERIFY","86400000",False,False,False,"1723f919-bcce-4f6f-a135-4757075c5c27","1745170648438","1723f919-bcce-4f6f-a135-4757075c5c27","1745170648438",538,False
"2a6391a4-496a-4f94-9040-6c0bf9f6c68a","pg.citya","fece7167-03f8-4622-8be2-ebc75ad94f79","RESOLVED","RESOLVED",NULL,False,False,True,"a4a0d5a5-2edc-4c3d-bf97-5fdd1f88cbaa","1743096883293","a4a0d5a5-2edc-4c3d-bf97-5fdd1f88cbaa","1743096883293",36,False
"2a95814a-8827-4779-8d45-15e47c744961","pg.citya","5f1412d2-ae8f-45f4-9e26-045eb4b81433","PENDINGDOCVERIFICATION","PENDINGDOCVERIFICATION",NULL,False,False,False,"3709110a-4b1d-49a4-b639-95b689a86aa5","1743501511811","c8d9141d-b3f3-41e3-bc1f-649af40dee6a","1747303159965",168,False
"2acf767c-c4eb-4357-8653-9c3303df9933","pg","11b3ca26-af4e-47cb-b7c7-5fde995e3623","PENDING_FOR_FIELD_INSPECTION","PENDING_FOR_FIELD_INSPECTION","86400000",False,False,False,"1723f919-bcce-4f6f-a135-4757075c5c27","1745170689502","1723f919-bcce-4f6f-a135-4757075c5c27","1750320158669",551,True
"2b6a000e-b068-4609-bf92-84b8d885b9a2","pg","3ce59e63-7fa9-4971-9515-d571abfbd957","BACK_FROM_NOC_VERIFICATION","CITIZEN_ACTION_PENDING_AT_NOC_VERIF",NULL,False,False,False,"1723f919-bcce-4f6f-a135-4757075c5c27","1744621887819","c8d9141d-b3f3-41e3-bc1f-649af40dee6a","1747300190538",374,True
"2c581cc6-2bd4-4797-bc81-9c55f90d7b87","pg","a35da505-55ef-4bf0-a52c-48a086d20d73","REJECTED","REJECTED",NULL,False,False,True,"11b0e02b-0145-4de2-bc42-c97b96264807","1744197648205","11b0e02b-0145-4de2-bc42-c97b96264807","1744197648205",293,False
"2c7acec2-374f-4be1-b2c7-8257dab5dfa1","pg.citya","0e0739fc-882a-444e-9c18-28c65ba33fca",NULL,NULL,NULL,False,True,False,"3709110a-4b1d-49a4-b639-95b689a86aa5","1743501511811","c8d9141d-b3f3-41e3-bc1f-649af40dee6a","1747303229636",172,False
"2cdd085b-ac20-4378-97bd-e3617abfbb38","pg","e849a68d-93f0-4e6e-9694-451b1b1e32d5","PENDING_APPROVAL_FOR_DISCONNECTION","PENDING_APPROVAL_FOR_DISCONNECTION",NULL,False,False,False,"1723f919-bcce-4f6f-a135-4757075c5c27","1745170711814","1723f919-bcce-4f6f-a135-4757075c5c27","1750320234575",565,False
"2d77f0b0-4c82-4057-8fd1-9949bc36c757","pg.citya","5b008a43-2cb5-4d4d-b5bb-fcd0f65a8c8b","PENDING_DSO_APPROVAL","PENDING_DSO_APPROVAL",NULL,False,False,False,"3903e096-3b9f-43a5-b5f0-4c37079d6cd5","1746620241301","3903e096-3b9f-43a5-b5f0-4c37079d6cd5","1746620241301",621,True
"2e98a386-f09f-4724-8288-c33eb3905fcc","pg.citya","5426b2ad-f6ca-4e30-a9f8-a7a743f86b75","PENDING_FOR_PAYMENT","PENDING_FOR_PAYMENT",NULL,False,False,False,"d14f1116-6b07-4345-9db9-820d2e85daa0","1750331436198","d14f1116-6b07-4345-9db9-820d2e85daa0","1750331436198",1028,False
"2ebea066-e754-4a44-9e76-180c58692e9e","pg.citya","979c1920-32ed-4337-8e56-60d9ccec24ec","COMPLETED","COMPLETED",NULL,False,False,True,"11b0e02b-0145-4de2-bc42-c97b96264807","1746620314146","11b0e02b-0145-4de2-bc42-c97b96264807","1746620314146",645,False
"2ed950bd-e694-4a83-9486-683926677d0f","pg","abf08b04-abe9-4164-9b7d-a0848be4e5c6","REJECTED","REJECTED",NULL,False,False,True,"5130f2e3-efc1-401a-94fb-b9e60d9fa17d","1744197634808","5130f2e3-efc1-401a-94fb-b9e60d9fa17d","1744197634808",281,False
"2f159dab-2c12-4a07-b909-a4b004a5679c","pg","abf08b04-abe9-4164-9b7d-a0848be4e5c6","DSO_REJECTED","DSO_REJECTED",NULL,False,False,False,"5130f2e3-efc1-401a-94fb-b9e60d9fa17d","1744197634808","5130f2e3-efc1-401a-94fb-b9e60d9fa17d","1744197634808",277,True
"2f9e1be1-df1c-40db-b960-32d0db15e9a1","pg","30980eed-6094-4074-a2b6-3cb5bac7b6a0",NULL,NULL,NULL,False,True,False,"1723f919-bcce-4f6f-a135-4757075c5c27","1745170757723","1723f919-bcce-4f6f-a135-4757075c5c27","1745170757723",587,False
"2fe3caf2-d3d3-4ee4-8d2a-e139e351da20","pg","cc572490-fe84-4e1a-b7a8-c91709e66ef6","APPROVED","APPROVED",NULL,False,False,True,"1723f919-bcce-4f6f-a135-4757075c5c27","1744621746981","c8d9141d-b3f3-41e3-bc1f-649af40dee6a","1747303115855",359,False
"3062b64d-bf07-4c52-a052-02bfe58ac03b","pg","0ab34fa0-9b83-4b29-94fa-bf6c5a49f6b8","PENDING_APPROVAL_FOR_CONNECTION","PENDING_APPROVAL_FOR_CONNECTION","43200000",False,False,False,"1723f919-bcce-4f6f-a135-4757075c5c27","1745170748360","1723f919-bcce-4f6f-a135-4757075c5c27","1750319946627",583,True
"30be6c2c-804c-40f4-9cfe-428a8ccccee6","pg","d353ce5f-ab8d-4523-bb12-e50343095cd7","SUBMITTED","SUBMITTED",NULL,False,False,True,"5130f2e3-efc1-401a-94fb-b9e60d9fa17d","1744197760141","5130f2e3-efc1-401a-94fb-b9e60d9fa17d","1744197760141",325,False
"30f029af-db26-4b12-9c70-2fda076d8f51","pg.citya","c7848f64-b6ca-4c61-9459-3e4788a4aaeb","PENDING_APPROVAL_FOR_CONNECTION","PENDING_APPROVAL_FOR_CONNECTION","43200000",False,False,False,"d14f1116-6b07-4345-9db9-820d2e85daa0","1750331394335","d14f1116-6b07-4345-9db9-820d2e85daa0","1750331394335",1011,False
"31653490-c691-4f35-8533-f0e7a2b9d876","pg","a35da505-55ef-4bf0-a52c-48a086d20d73","CANCELED","CANCELED",NULL,False,False,True,"11b0e02b-0145-4de2-bc42-c97b96264807","1744197648205","11b0e02b-0145-4de2-bc42-c97b96264807","1744197648205",294,False
"316d3ecc-0924-4314-95fb-97ce6b116556","pg.citya","0e0739fc-882a-444e-9c18-28c65ba33fca","REJECTED","REJECTED",NULL,False,False,True,"3709110a-4b1d-49a4-b639-95b689a86aa5","1743501511811","c8d9141d-b3f3-41e3-bc1f-649af40dee6a","1747303229636",175,False
"323d268c-afd3-48c8-b1b3-3cd9e232be71","pg","e849a68d-93f0-4e6e-9694-451b1b1e32d5","PENDING_FOR_DOCUMENT_VERIFICATION","PENDING_FOR_DOCUMENT_VERIFICATION",NULL,False,False,False,"1723f919-bcce-4f6f-a135-4757075c5c27","1745170711814","1723f919-bcce-4f6f-a135-4757075c5c27","1750320234575",563,True
"331dedf9-9b36-4d9e-a573-5f635a4cc579","pg.citya","e7d23620-da9f-44d4-8e27-870d2a143a96","DISPOSED","DISPOSED",NULL,False,False,True,"3903e096-3b9f-43a5-b5f0-4c37079d6cd5","1746620373694","3903e096-3b9f-43a5-b5f0-4c37079d6cd5","1746620373694",662,True
"33d17730-23e6-4c18-9c6d-78f15c181d10","pg","ee9d1dbc-d6f1-4fd6-b91d-d67fd0e25b4d","CANCELLED","CANCELLED",NULL,False,False,True,"1723f919-bcce-4f6f-a135-4757075c5c27","1745170648438","1723f919-bcce-4f6f-a135-4757075c5c27","1745170648438",543,False
"3408aa24-24b1-4517-b5e6-16503edddb7e","pg","e849a68d-93f0-4e6e-9694-451b1b1e32d5",NULL,NULL,NULL,False,True,False,"1723f919-bcce-4f6f-a135-4757075c5c27","1745170711814","1723f919-bcce-4f6f-a135-4757075c5c27","1750320234575",561,True
"34306aeb-b933-4d1a-bbdb-01c1cc2d09c8","pg","dec743c4-5594-4884-b006-009cb33a1830","SCHEDULED","SCHEDULED",NULL,False,True,False,"3903e096-3b9f-43a5-b5f0-4c37079d6cd5","1744197691155","3903e096-3b9f-43a5-b5f0-4c37079d6cd5","1744197691155",307,NULL
"350f9f04-c855-4aeb-88d3-cd1c1d9d6f3b","pg.citya","c0123d81-115e-4e80-9307-51d20500d5f9","APPROVED","ACTIVE",NULL,False,False,True,"3709110a-4b1d-49a4-b639-95b689a86aa5","1743506463523","c8d9141d-b3f3-41e3-bc1f-649af40dee6a","1747296696098",190,False
"35b2f7e2-f55a-4808-94b5-a92a5ee5eed5","pg","b343dcef-68f1-4a86-9825-d1b7d458cd44","PENDINGATLME","PENDINGATLME","259200000",False,False,False,"a4a0d5a5-2edc-4c3d-bf97-5fdd1f88cbaa","1743096378513","a4a0d5a5-2edc-4c3d-bf97-5fdd1f88cbaa","1743096378513",26,False
"360d4aa0-b54b-4f58-9c12-9d895229ac5e","pg","11b3ca26-af4e-47cb-b7c7-5fde995e3623","PENDING_FOR_CITIZEN_ACTION","PENDING_FOR_CITIZEN_ACTION",NULL,False,False,False,"1723f919-bcce-4f6f-a135-4757075c5c27","1745170689502","1723f919-bcce-4f6f-a135-4757075c5c27","1750320158669",548,True
"360f021f-5894-49cb-a487-030ad8a1cb1f","pg.citya","979c1920-32ed-4337-8e56-60d9ccec24ec","CITIZEN_FEEDBACK_PENDING","CITIZEN_FEEDBACK_PENDING",NULL,False,False,False,"11b0e02b-0145-4de2-bc42-c97b96264807","1746620314146","11b0e02b-0145-4de2-bc42-c97b96264807","1746620314146",644,False
"3620408c-a291-4933-b4a8-f99be0ce356b","pg.citya","72fc7f2b-f4ce-40c9-8f30-d1e681dec3a2","PENDING_FOR_COUNTER_EMPLOYEE_ACTION","PENDING_FOR_COUNTER_EMPLOYEE_ACTION",NULL,False,True,False,"d14f1116-6b07-4345-9db9-820d2e85daa0","1750331545883","d14f1116-6b07-4345-9db9-820d2e85daa0","1750331545883",1052,True
"3672e189-6e89-4454-a067-ce1f269d98ac","pg","b2187912-ae23-48a6-a3a9-d6fcf4dda8db","PENDINGFORVERIFICATION","VERIFIED","172800000",False,True,False,"b43b260c-f620-45d3-a43f-f53148f87f15","1759748291264","b43b260c-f620-45d3-a43f-f53148f87f15","1759748291264",1086,True
"37177417-9daa-4650-a89f-274f14a0d4f8","pg","0ab34fa0-9b83-4b29-94fa-bf6c5a49f6b8","PENDING_FOR_CITIZEN_ACTION","PENDING_FOR_CITIZEN_ACTION",NULL,False,False,False,"1723f919-bcce-4f6f-a135-4757075c5c27","1745170748360","1723f919-bcce-4f6f-a135-4757075c5c27","1750319946627",579,True
"373f96bf-cc57-4124-a3e1-66f08bdf1ac4","pg","7f960ae1-9e5a-48b1-8aa4-0e137e3656a4","APPROVED","APPROVED",NULL,False,False,True,"1723f919-bcce-4f6f-a135-4757075c5c27","1744613193390","c8d9141d-b3f3-41e3-bc1f-649af40dee6a","1747302742562",353,False
"380065d9-2fcc-40c2-ad46-820df6f3d8a4","pg.citya","979c1920-32ed-4337-8e56-60d9ccec24ec","DISPOSAL_IN_PROGRESS","DISPOSAL_IN_PROGRESS",NULL,False,False,False,"11b0e02b-0145-4de2-bc42-c97b96264807","1746620314146","11b0e02b-0145-4de2-bc42-c97b96264807","1746620314146",643,True
"382801d5-8898-4735-aaef-9a9e0be1aedf","pg","b2187912-ae23-48a6-a3a9-d6fcf4dda8db","REJECTED","REJECTED",NULL,False,False,True,"b43b260c-f620-45d3-a43f-f53148f87f15","1759748291264","b43b260c-f620-45d3-a43f-f53148f87f15","1759748291264",1091,False
"382d5acc-4130-44e6-818b-7b2f47392f88","pg.cityb","200de84f-9503-4d0b-a3f2-6780fc0d2897","PENDINGRESULTS","PENDINGRESULTS",NULL,False,False,False,"5130f2e3-efc1-401a-94fb-b9e60d9fa17d","1748348009641","5130f2e3-efc1-401a-94fb-b9e60d9fa17d","1748348009641",940,False
"390280f8-64a0-4ff5-bf22-0f27ed7b182d","pg","117e8465-d2fc-4b93-8bb1-0b3bb64247c8",NULL,NULL,NULL,False,True,False,"1723f919-bcce-4f6f-a135-4757075c5c27","1744621944477","c8d9141d-b3f3-41e3-bc1f-649af40dee6a","1747302871860",411,False
"3967ce9c-f4de-491c-9626-30e1706c27d4","pg","e282afcd-f22c-4a48-b6d5-6d4945c93273",NULL,NULL,NULL,False,True,False,"1723f919-bcce-4f6f-a135-4757075c5c27","1744621925179","c8d9141d-b3f3-41e3-bc1f-649af40dee6a","1747299993886",405,False
"3984a72e-e9c7-473a-9662-a57a8bf801ef","pg.citya","09aa243d-f43d-4da1-8058-6c4a6b531b16","REJECTED","INACTIVE",NULL,False,False,True,"3709110a-4b1d-49a4-b639-95b689a86aa5","1743506632422","3709110a-4b1d-49a4-b639-95b689a86aa5","1743506632422",259,False
"39eea235-b4b9-4bb7-9ac2-17d6c6f5cda4","pg","a5d1baa4-6d6b-4fe9-830d-21b08c2f0b1b","VOIDED","VOIDED",NULL,False,False,True,"1723f919-bcce-4f6f-a135-4757075c5c27","1745170615341","1723f919-bcce-4f6f-a135-4757075c5c27","1745170615341",521,False
"3a311ec8-9a5b-41a5-a172-db2e56ac5d98","pg","a35da505-55ef-4bf0-a52c-48a086d20d73","CITIZEN_FEEDBACK_PENDING","CITIZEN_FEEDBACK_PENDING",NULL,False,False,False,"11b0e02b-0145-4de2-bc42-c97b96264807","1744197648205","11b0e02b-0145-4de2-bc42-c97b96264807","1744197648205",291,False
"3a4500e2-f9e2-44ce-b638-42b2c750f188","pg.citya","4c1e1b43-9f0d-481c-a996-cb20086a1b8e","APPROVED","ACTIVE",NULL,False,False,True,"3709110a-4b1d-49a4-b639-95b689a86aa5","1743506463523","d14f1116-6b07-4345-9db9-820d2e85daa0","1758271856474",183,False
"3a9a9b9e-8b9c-490a-95a0-a1a1adcdec9f","pg.cityb","200de84f-9503-4d0b-a3f2-6780fc0d2897","SCHEDULED","SCHEDULED",NULL,False,False,False,"5130f2e3-efc1-401a-94fb-b9e60d9fa17d","1748348009641","5130f2e3-efc1-401a-94fb-b9e60d9fa17d","1748348009641",939,True
"3b6e706d-ffa9-4227-8fa3-bb25c2524ac7","pg.citya","bb95d434-7e8a-4406-9db5-418ed4c6c6e0","BACK_FROM_NOC_VERIFICATION","CITIZEN_ACTION_PENDING_AT_NOC_VERIF",NULL,False,False,False,"3709110a-4b1d-49a4-b639-95b689a86aa5","1743501511811","c8d9141d-b3f3-41e3-bc1f-649af40dee6a","1747227433277",126,True
"3b96116b-ad7c-4561-9bc3-1a961f2ede62","pg","ee9d1dbc-d6f1-4fd6-b91d-d67fd0e25b4d","INITIATED","INITIATED",NULL,False,True,False,"1723f919-bcce-4f6f-a135-4757075c5c27","1745170648438","1723f919-bcce-4f6f-a135-4757075c5c27","1745170648438",536,False
"3bbdfeef-2abb-4958-b8e3-1d436b6f334e","pg.citya","ea74d6c5-5b34-410f-ba87-ac874dbab86b","APPROVED","APPROVED",NULL,False,False,True,"1723f919-bcce-4f6f-a135-4757075c5c27","1743485624550","1723f919-bcce-4f6f-a135-4757075c5c27","1743485624550",95,False
"3c0b6004-7c16-459c-81e1-17269dea5474","pg.citya","0639ccd3-26e4-45b4-be62-2029317dfb67","PENDING_APPL_FEE_PAYMENT","PENDING_APPL_FEE_PAYMENT",NULL,False,False,False,"5130f2e3-efc1-401a-94fb-b9e60d9fa17d","1746620339237","5130f2e3-efc1-401a-94fb-b9e60d9fa17d","1746620339237",650,True
"3c7f8bd8-dd50-49aa-acce-75b261dfc611","pg.citya","4119190b-4b04-4609-8571-e5653e96ca5b","PENDING_APPL_FEE_PAYMENT","PENDING_APPL_FEE",NULL,False,False,False,"3709110a-4b1d-49a4-b639-95b689a86aa5","1743501511811","c8d9141d-b3f3-41e3-bc1f-649af40dee6a","1747225208046",101,False
"3dcdac23-5869-4843-98f7-63217acf67fb","pg","0ab34fa0-9b83-4b29-94fa-bf6c5a49f6b8","PENDING_FOR_PAYMENT","PENDING_FOR_PAYMENT","43200000",False,False,False,"1723f919-bcce-4f6f-a135-4757075c5c27","1745170748360","1723f919-bcce-4f6f-a135-4757075c5c27","1750319946627",584,False
"3e0461ba-7a84-49b1-9ffe-7a36a9326d90","pg","18311687-f9b2-4c5f-ae1a-c7861a9463e1","PENDING_DSO_APPROVAL","PENDING_DSO_APPROVAL",NULL,False,False,False,"3903e096-3b9f-43a5-b5f0-4c37079d6cd5","1744197611210","3903e096-3b9f-43a5-b5f0-4c37079d6cd5","1744197611210",268,True
"3e1fd9fc-17b9-4619-99fb-c07f8116272b","pg.citya","b3790f2c-d0ac-4244-b74d-7b8a3224460a","APPROVED","APPROVED",NULL,False,False,True,"d14f1116-6b07-4345-9db9-820d2e85daa0","1750331424350","d14f1116-6b07-4345-9db9-820d2e85daa0","1750331424350",1019,False
"3e304c63-af88-4ec4-9616-87d047a0ca3e","pg","7f960ae1-9e5a-48b1-8aa4-0e137e3656a4","PENDINGAPPROVAL","PENDINGAPPROVAL","43200000",False,False,False,"1723f919-bcce-4f6f-a135-4757075c5c27","1744613193390","c8d9141d-b3f3-41e3-bc1f-649af40dee6a","1747302742562",352,False
"3edc955f-87a4-437c-a074-0bdce1b030eb","pg.citya","022d53ab-71c7-41e8-85e7-a27d4fcbc66c","APPROVED","APPROVED",NULL,False,False,True,"3709110a-4b1d-49a4-b639-95b689a86aa5","1743501511811","c8d9141d-b3f3-41e3-bc1f-649af40dee6a","1747302781861",153,False
"3ee36991-6aff-413e-8861-5ea90c3ed65a","pg","ee9d1dbc-d6f1-4fd6-b91d-d67fd0e25b4d",NULL,NULL,NULL,False,True,False,"1723f919-bcce-4f6f-a135-4757075c5c27","1745170648438","1723f919-bcce-4f6f-a135-4757075c5c27","1745170648438",535,False
"3eea0d6d-e04a-486f-bff5-eaee0b35bf18","pg.citya","6b07af8a-7e0c-4ba1-bb27-65c9a0aeb207","APPROVED","APPROVED",NULL,False,False,True,"3709110a-4b1d-49a4-b639-95b689a86aa5","1743501511811","c8d9141d-b3f3-41e3-bc1f-649af40dee6a","1747299813060",147,False
"3eec7e2a-c7dc-4938-af25-09bb331484fa","pg.citya","72fc7f2b-f4ce-40c9-8f30-d1e681dec3a2","PENDING_FOR_PAYMENT","PENDING_FOR_PAYMENT",NULL,False,False,False,"d14f1116-6b07-4345-9db9-820d2e85daa0","1750331545883","d14f1116-6b07-4345-9db9-820d2e85daa0","1750331545883",1054,False
"3f07f19a-8948-4cc9-a891-87829854374f","pg.citya","5426b2ad-f6ca-4e30-a9f8-a7a743f86b75","PENDING_FOR_DISCONNECTION_EXECUTION","PENDING_FOR_DISCONNECTION_EXECUTION",NULL,False,False,False,"d14f1116-6b07-4345-9db9-820d2e85daa0","1750331436198","d14f1116-6b07-4345-9db9-820d2e85daa0","1750331436198",1029,True
"3f571a3b-fad5-479d-820b-72df0335c3db","pg","3ce59e63-7fa9-4971-9515-d571abfbd957","DOC_VERIFICATION_PENDING","DOC_VERIFICATION_INPROGRESS",NULL,False,False,False,"1723f919-bcce-4f6f-a135-4757075c5c27","1744621887819","c8d9141d-b3f3-41e3-bc1f-649af40dee6a","1747300190538",365,False
"400f9f61-d977-4286-b02c-3fd2733905e5","pg.citya","8f035da0-cb06-45d5-b46a-bbb072765aae","VOIDED","VOIDED",NULL,False,False,True,"1723f919-bcce-4f6f-a135-4757075c5c27","1743483264461","1723f919-bcce-4f6f-a135-4757075c5c27","1743483264461",55,False
"4014b6ca-91e1-46a2-b5ac-ce6b0683c26e","pg","e282afcd-f22c-4a48-b6d5-6d4945c93273","PENDINGPAYMENT","PENDINGPAYMENT",NULL,False,False,False,"1723f919-bcce-4f6f-a135-4757075c5c27","1744621925179","c8d9141d-b3f3-41e3-bc1f-649af40dee6a","1747299993886",406,False
"402c9c85-f08c-4b7c-8db1-ce202fd9e2fe","pg.citya","9b0e880c-5293-47d6-b9bb-f4a250884577","SCHEDULED","SCHEDULED",NULL,False,False,False,"5130f2e3-efc1-401a-94fb-b9e60d9fa17d","1746620493337","5130f2e3-efc1-401a-94fb-b9e60d9fa17d","1746620493337",675,True
"40506c52-2e8f-439e-bac0-1afaf58bdeb9","pg.citya","a511d0e1-b7eb-44b2-9a66-6f6e76d65ec3","CREATED","CREATED",NULL,False,False,False,"5130f2e3-efc1-401a-94fb-b9e60d9fa17d","1746620274309","5130f2e3-efc1-401a-94fb-b9e60d9fa17d","1746620274309",627,True
"405384d2-cacc-4cb9-a542-6f6ce375164f","pg.citya","61692547-0453-4d2d-a696-f272c03c3731","EXPIRED","EXPIRED",NULL,False,False,True,"1723f919-bcce-4f6f-a135-4757075c5c27","1743484407631","c8d9141d-b3f3-41e3-bc1f-649af40dee6a","1747222452265",91,False
"4075d28b-4d90-4bb0-9aba-f5f52aea7cdc","pg","dec743c4-5594-4884-b006-009cb33a1830","WAITING_FOR_DISPOSAL","WAITING_FOR_DISPOSAL",NULL,False,True,False,"3903e096-3b9f-43a5-b5f0-4c37079d6cd5","1744197691155","3903e096-3b9f-43a5-b5f0-4c37079d6cd5","1744197691155",308,NULL
"407c9fe5-8941-4c62-b369-7127ab37b8b9","pg","a35da505-55ef-4bf0-a52c-48a086d20d73","DISPOSAL_IN_PROGRESS","DISPOSAL_IN_PROGRESS",NULL,False,False,False,"11b0e02b-0145-4de2-bc42-c97b96264807","1744197648205","11b0e02b-0145-4de2-bc42-c97b96264807","1744197648205",290,True
"40b49cb5-e0c1-4270-893f-3ffd04c8fc00","pg.citya","e7d23620-da9f-44d4-8e27-870d2a143a96","VEHICLE_DECLINED","VEHICLE_DECLINED",NULL,False,False,True,"3903e096-3b9f-43a5-b5f0-4c37079d6cd5","1746620373694","3903e096-3b9f-43a5-b5f0-4c37079d6cd5","1746620373694",663,True
"40b88ef1-d126-49dd-aad0-4bd777e05ca4","pg","11b3ca26-af4e-47cb-b7c7-5fde995e3623",NULL,NULL,NULL,False,True,False,"1723f919-bcce-4f6f-a135-4757075c5c27","1745170689502","1723f919-bcce-4f6f-a135-4757075c5c27","1750320158669",546,False
"40ee8bd5-0d29-4482-9dd2-5e08eb178773","pg","18311687-f9b2-4c5f-ae1a-c7861a9463e1","PENDING_APPL_FEE_PAYMENT","PENDING_APPL_FEE_PAYMENT",NULL,False,False,False,"3903e096-3b9f-43a5-b5f0-4c37079d6cd5","1744197611210","3903e096-3b9f-43a5-b5f0-4c37079d6cd5","1744197611210",264,True
"41122b3e-b304-436c-9bc0-c587d85b4e27","pg","f7329b4a-c3cf-4587-9ffa-e439bf8d9c58","PAID","INWORKFLOW","432000000",False,False,False,"919f4168-223a-4ea9-8d27-9a9e27e672bd","1743070107121","c8d9141d-b3f3-41e3-bc1f-649af40dee6a","1747291928326",19,False
"42890bfe-70e3-4264-86ff-9ccd1e9f8a7b","pg","601b4c9b-b61a-47e0-a175-2909e713a003","PENDING_FOR_FIELD_INSPECTION","PENDING_FOR_FIELD_INSPECTION",NULL,False,False,False,"1723f919-bcce-4f6f-a135-4757075c5c27","1745170768730","1723f919-bcce-4f6f-a135-4757075c5c27","1750320031573",595,True
"434a246e-7e99-43a6-8b3e-a01c4b6aefb5","pg.citya","61692547-0453-4d2d-a696-f272c03c3731","APPLIED","APPLIED",NULL,False,False,False,"1723f919-bcce-4f6f-a135-4757075c5c27","1743484407631","c8d9141d-b3f3-41e3-bc1f-649af40dee6a","1747222452265",82,True
"4365ad91-5ea4-47ed-9ed5-43e0fd6d97e9","pg","3ce59e63-7fa9-4971-9515-d571abfbd957",NULL,NULL,NULL,False,True,False,"1723f919-bcce-4f6f-a135-4757075c5c27","1744621887819","c8d9141d-b3f3-41e3-bc1f-649af40dee6a","1747300190538",360,True
"439100ef-8bc7-41fa-871e-12c49f23714c","pg","e2da0963-ea85-4cf8-bf2a-bd0c217117a7","INITIATED","INPROGRESS",NULL,False,False,False,"1723f919-bcce-4f6f-a135-4757075c5c27","1745170635449","1723f919-bcce-4f6f-a135-4757075c5c27","1745170635449",528,False
"43969e78-d7b2-4003-aa87-c5a198f8e504","pg.citya","7c33d4ed-e749-4f04-9422-b44b4684d2da",NULL,"INITIATED",NULL,False,True,False,"1723f919-bcce-4f6f-a135-4757075c5c27","1743483264461","1723f919-bcce-4f6f-a135-4757075c5c27","1743483264461",49,True
"43bc730e-ed42-4a1d-b85e-290af5e46a6b","pg.citya","491b502c-0b7f-4659-980d-934eb3ee2c84","PENDINGAPPROVAL","PENDINGAPPROVAL",NULL,False,False,False,"1723f919-bcce-4f6f-a135-4757075c5c27","1743484407631","c8d9141d-b3f3-41e3-bc1f-649af40dee6a","1747222345985",76,False
"4484cbc1-df39-41db-b7ec-592911cbb120","pg.citya","bb95d434-7e8a-4406-9db5-418ed4c6c6e0","APPROVED","APPROVED",NULL,False,False,True,"3709110a-4b1d-49a4-b639-95b689a86aa5","1743501511811","c8d9141d-b3f3-41e3-bc1f-649af40dee6a","1747227433277",121,False
"45ceee54-b2c6-4ad4-92c3-75246ea4b8ae","pg.citya","ad41ee60-a3ca-4783-92c9-6f83668401dc","CONNECTION_ACTIVATED","CONNECTION_ACTIVATED",NULL,False,False,True,"d14f1116-6b07-4345-9db9-820d2e85daa0","1750331517050","d14f1116-6b07-4345-9db9-820d2e85daa0","1750331517050",1040,False
"462d81fc-de94-49da-afcd-5d13075b7b03","pg.citya","ad41ee60-a3ca-4783-92c9-6f83668401dc","PENDING_FOR_DOCUMENT_VERIFICATION","PENDING_FOR_DOCUMENT_VERIFICATION",NULL,False,False,False,"d14f1116-6b07-4345-9db9-820d2e85daa0","1750331517050","d14f1116-6b07-4345-9db9-820d2e85daa0","1750331517050",1034,True
"463f4a9e-d632-4be5-9245-0727df3ab6fe","pg.citya","58d3bdfb-e1f9-40d8-bd04-88d65af3c0eb","REJECTED","REJECTED",NULL,False,False,True,"1723f919-bcce-4f6f-a135-4757075c5c27","1743483264461","1723f919-bcce-4f6f-a135-4757075c5c27","1743483264461",61,False
"46ca16ac-adcd-45db-9a96-73e6bb10b184","pg.citya","74869757-3306-41f1-af48-11114c78aeb3","PENDINGDOCVERIFICATION","PENDINGDOCVERIFICATION",NULL,False,False,False,"3709110a-4b1d-49a4-b639-95b689a86aa5","1743501511811","c8d9141d-b3f3-41e3-bc1f-649af40dee6a","1747303039536",162,False
"46ea9969-bff9-48c7-a557-ba7677458738","pg","767feec3-12a8-433c-8c6c-622dac620a83","APPROVED","APPROVED",NULL,False,False,True,"1723f919-bcce-4f6f-a135-4757075c5c27","1745170626068","1723f919-bcce-4f6f-a135-4757075c5c27","1745170626068",525,False
"4760ae47-f4a1-4ab5-8802-49d87ab01902","pg","18311687-f9b2-4c5f-ae1a-c7861a9463e1","REJECTED","REJECTED",NULL,False,False,True,"3903e096-3b9f-43a5-b5f0-4c37079d6cd5","1744197611210","3903e096-3b9f-43a5-b5f0-4c37079d6cd5","1744197611210",270,False
"477e0b38-0b75-46f5-9fb0-905a1ad0649b","pg.citya","28050927-9e2c-4ebd-afca-1c67d72e5f77","VOIDED","VOIDED",NULL,False,False,True,"1723f919-bcce-4f6f-a135-4757075c5c27","1743483264461","1723f919-bcce-4f6f-a135-4757075c5c27","1743483264461",43,False
"48b779f2-f0ad-4158-baa2-999504deb8bd","pg","18311687-f9b2-4c5f-ae1a-c7861a9463e1","ASSING_DSO","ASSING_DSO",NULL,False,False,False,"3903e096-3b9f-43a5-b5f0-4c37079d6cd5","1744197611210","3903e096-3b9f-43a5-b5f0-4c37079d6cd5","1744197611210",265,True
"48dc7108-c8ca-4ca1-9dee-328a91224d41","pg","601b4c9b-b61a-47e0-a175-2909e713a003","INITIATED","INITIATED",NULL,False,False,False,"1723f919-bcce-4f6f-a135-4757075c5c27","1745170768730","1723f919-bcce-4f6f-a135-4757075c5c27","1750320031573",593,True
"49fb089f-3d36-4fac-bf64-40f7aaaa326a","pg.citya","4119190b-4b04-4609-8571-e5653e96ca5b","DOC_VERIFICATION_PENDING","DOC_VERIFICATION_INPROGRESS",NULL,False,False,False,"3709110a-4b1d-49a4-b639-95b689a86aa5","1743501511811","c8d9141d-b3f3-41e3-bc1f-649af40dee6a","1747225208046",102,False
"4a2fdea6-0b85-420a-a696-a62528c0b069","pg.citya","80c44e31-1a10-4ae4-9ee7-3fa714089b1b",NULL,NULL,NULL,False,True,False,"d14f1116-6b07-4345-9db9-820d2e85daa0","1750331535903","d14f1116-6b07-4345-9db9-820d2e85daa0","1750331535903",1041,False
"4a5b88bf-fd54-4d57-b79b-b306f3315231","pg.citya","c0123d81-115e-4e80-9307-51d20500d5f9","FIELDVERIFIED","INWORKFLOW",NULL,False,False,False,"3709110a-4b1d-49a4-b639-95b689a86aa5","1743506463523","c8d9141d-b3f3-41e3-bc1f-649af40dee6a","1747296696098",188,False
"4abfbf27-2e64-4657-87bd-d8056f6fb1d1","pg","ea71ddec-05bc-432c-90a8-1c276b6d185e","DOCVERIFIED","INWORKFLOW",NULL,False,False,False,"919f4168-223a-4ea9-8d27-9a9e27e672bd","1743070107121","c8d9141d-b3f3-41e3-bc1f-649af40dee6a","1747894463358",3,False
"4b2eff8f-22d4-441a-9707-e3cbe6a7c016","pg.citya","0e0739fc-882a-444e-9c18-28c65ba33fca","APPROVED","APPROVED",NULL,False,False,True,"3709110a-4b1d-49a4-b639-95b689a86aa5","1743501511811","c8d9141d-b3f3-41e3-bc1f-649af40dee6a","1747303229636",177,False
"4b751246-304c-4cba-bf20-f0a065e1ccbe","pg","a35da505-55ef-4bf0-a52c-48a086d20d73","ASSIGN_DSO","ASSIGN_DSO",NULL,False,False,False,"11b0e02b-0145-4de2-bc42-c97b96264807","1744197648205","11b0e02b-0145-4de2-bc42-c97b96264807","1744197648205",285,True
"4ba9acae-f793-475f-b33a-0a7d162be846","pg.citya","74869757-3306-41f1-af48-11114c78aeb3","PENDINGAPPROVAL","PENDINGAPPROVAL","43200000",False,False,False,"3709110a-4b1d-49a4-b639-95b689a86aa5","1743501511811","c8d9141d-b3f3-41e3-bc1f-649af40dee6a","1747303039536",164,False
"4bb72461-2b55-42b1-a274-e44fd36dadf0","pg","e849a68d-93f0-4e6e-9694-451b1b1e32d5","DISCONNECTION_EXECUTED","DISCONNECTION_EXECUTED",NULL,False,False,True,"1723f919-bcce-4f6f-a135-4757075c5c27","1745170711814","1723f919-bcce-4f6f-a135-4757075c5c27","1750320234575",571,False
"4bd796d6-b3a1-4510-b4c1-d73b77f3e1cd","pg","ea71ddec-05bc-432c-90a8-1c276b6d185e","APPROVED","ACTIVE",NULL,False,False,True,"919f4168-223a-4ea9-8d27-9a9e27e672bd","1743070107121","c8d9141d-b3f3-41e3-bc1f-649af40dee6a","1747894463358",6,False
"4c40f431-4b34-4275-9d5f-ea361ad20298","pg","6693a900-6df6-4802-96a7-4dc096936eaf","REJECTED","REJECTED",NULL,False,False,True,"1723f919-bcce-4f6f-a135-4757075c5c27","1745170704298","1723f919-bcce-4f6f-a135-4757075c5c27","1745170704298",559,False
"4c8ebe47-30f8-4903-8550-a431dc9e7d9d","pg.citya","0639ccd3-26e4-45b4-be62-2029317dfb67","DSO_INPROGRESS","DSO_INPROGRESS",NULL,False,False,False,"5130f2e3-efc1-401a-94fb-b9e60d9fa17d","1746620339237","5130f2e3-efc1-401a-94fb-b9e60d9fa17d","1746620339237",653,True
"4d23db06-f804-4de1-a2c7-6544003284f8","pg","3ce59e63-7fa9-4971-9515-d571abfbd957","FIELDINSPECTION_PENDING","FIELDINSPECTION_INPROGRESS",NULL,False,False,False,"1723f919-bcce-4f6f-a135-4757075c5c27","1744621887819","c8d9141d-b3f3-41e3-bc1f-649af40dee6a","1747300190538",366,False
"4d6d1eab-f735-4196-8572-e3df73224b3e","pg","da95f7f1-812d-46d4-bfa6-ad93e3c983e6","FIELDINSPECTION_PENDING","FIELDINSPECTION_INPROGRESS",NULL,False,False,False,"1723f919-bcce-4f6f-a135-4757075c5c27","1744621912674","c8d9141d-b3f3-41e3-bc1f-649af40dee6a","1747300462548",396,False
"4e39d0f1-6efa-4444-8170-abd56c432445","pg.citya","72fc7f2b-f4ce-40c9-8f30-d1e681dec3a2","INITIATED","INITIATED",NULL,False,False,False,"d14f1116-6b07-4345-9db9-820d2e85daa0","1750331545883","d14f1116-6b07-4345-9db9-820d2e85daa0","1750331545883",1047,True
"4e474581-f048-4fb6-a628-45bf7595e0c6","pg.citya","72fc7f2b-f4ce-40c9-8f30-d1e681dec3a2",NULL,NULL,NULL,False,True,False,"d14f1116-6b07-4345-9db9-820d2e85daa0","1750331545883","d14f1116-6b07-4345-9db9-820d2e85daa0","1750331545883",1046,True
"4e9683b3-c06d-4982-a855-db6223a92591","pg","cc572490-fe84-4e1a-b7a8-c91709e66ef6",NULL,NULL,NULL,False,True,False,"1723f919-bcce-4f6f-a135-4757075c5c27","1744621746981","c8d9141d-b3f3-41e3-bc1f-649af40dee6a","1747303115855",354,False
"4e97b4fd-7c51-4455-8f96-05ae56d88327","pg","cc572490-fe84-4e1a-b7a8-c91709e66ef6","PENDINGPAYMENT","PENDINGPAYMENT",NULL,False,False,False,"1723f919-bcce-4f6f-a135-4757075c5c27","1744621746981","c8d9141d-b3f3-41e3-bc1f-649af40dee6a","1747303115855",355,False
"4ff47f50-5682-4332-bebf-fb20009ed66a","pg.citya","58d3bdfb-e1f9-40d8-bd04-88d65af3c0eb","PENDINGAPPROVAL","PENDINGAPPROVAL","43200000",False,False,False,"1723f919-bcce-4f6f-a135-4757075c5c27","1743483264461","1723f919-bcce-4f6f-a135-4757075c5c27","1743483264461",63,False
"50ea4c61-f49c-4ed2-9a58-f92a3d87ad97","pg.citya","b3790f2c-d0ac-4244-b74d-7b8a3224460a","INITIATED","INITIATED",NULL,False,False,False,"d14f1116-6b07-4345-9db9-820d2e85daa0","1750331424350","d14f1116-6b07-4345-9db9-820d2e85daa0","1750331424350",1016,True
"50ed760b-f456-41a8-bb0a-4b1183a041cd","pg","3ce59e63-7fa9-4971-9515-d571abfbd957","CITIZEN_APPROVAL_PENDING","CITIZEN_APPROVAL_INPROCESS",NULL,False,False,False,"1723f919-bcce-4f6f-a135-4757075c5c27","1744621887819","c8d9141d-b3f3-41e3-bc1f-649af40dee6a","1747300190538",362,False
"510683c3-7c27-4420-9feb-def58efb44d6","pg","da95f7f1-812d-46d4-bfa6-ad93e3c983e6","BACK_FROM_NOC_VERIFICATION","CITIZEN_ACTION_PENDING_AT_NOC_VERIF",NULL,False,False,False,"1723f919-bcce-4f6f-a135-4757075c5c27","1744621912674","c8d9141d-b3f3-41e3-bc1f-649af40dee6a","1747300462548",404,True
"514c516e-2791-4757-b396-1e32e399f4be","pg","b2187912-ae23-48a6-a3a9-d6fcf4dda8db","PENDINGFORAPPROVAL","SENT BACK","86400000",False,False,False,"b43b260c-f620-45d3-a43f-f53148f87f15","1759748291264","b43b260c-f620-45d3-a43f-f53148f87f15","1759748291264",1088,True
"5179269d-2cdd-4d1b-b468-5cfcc36045c1","pg","7de13989-75d7-468d-b05a-36d16ccae18a","CREATED","CREATED",NULL,False,False,False,"5130f2e3-efc1-401a-94fb-b9e60d9fa17d","1744197702516","5130f2e3-efc1-401a-94fb-b9e60d9fa17d","1744197702516",312,True
"52c727f7-e5f0-478a-89e3-d72bb4aaee7e","pg","da95f7f1-812d-46d4-bfa6-ad93e3c983e6","REJECTED","REJECTED",NULL,False,False,True,"1723f919-bcce-4f6f-a135-4757075c5c27","1744621912674","c8d9141d-b3f3-41e3-bc1f-649af40dee6a","1747300462548",401,False
"53d5c1f2-c9ef-480f-afdd-d51afb636136","pg.citya","0e0739fc-882a-444e-9c18-28c65ba33fca","PENDINGPAYMENT","PENDINGPAYMENT",NULL,False,False,False,"3709110a-4b1d-49a4-b639-95b689a86aa5","1743501511811","c8d9141d-b3f3-41e3-bc1f-649af40dee6a","1747303229636",173,False
"547625cd-43c9-496c-95c1-6faa608c7c5b","pg.citya","399fd2bf-348d-428f-a2a6-fbbfe927e7a7",NULL,NULL,NULL,False,True,False,"3709110a-4b1d-49a4-b639-95b689a86aa5","1743501511811","c8d9141d-b3f3-41e3-bc1f-649af40dee6a","1747227583985",127,True
"54b8f9ae-ed2c-4111-ac2c-b7fd0b673cfe","pg.citya","c7848f64-b6ca-4c61-9459-3e4788a4aaeb",NULL,NULL,NULL,False,True,False,"d14f1116-6b07-4345-9db9-820d2e85daa0","1750331394335","d14f1116-6b07-4345-9db9-820d2e85daa0","1750331394335",1005,False
"54fd18e9-964b-4081-82e8-35a5cbde0241","pg.citya","fece7167-03f8-4622-8be2-ebc75ad94f79","PENDINGFORREASSIGNMENT","PENDINGFORREASSIGNMENT",NULL,False,False,False,"a4a0d5a5-2edc-4c3d-bf97-5fdd1f88cbaa","1743096883293","a4a0d5a5-2edc-4c3d-bf97-5fdd1f88cbaa","1743096883293",33,False
"5551ffc3-84c8-43d1-80a1-4a98559bb7ce","pg","4a4755e7-9d32-4fc8-8545-384074d71a5f","ACCEPTED","ACCEPTED",NULL,False,False,True,"b43b260c-f620-45d3-a43f-f53148f87f15","1759748358987","b43b260c-f620-45d3-a43f-f53148f87f15","1759748358987",1098,False
"561fd503-8b33-4078-ae69-28152ae7a7cb","pg.citya","61692547-0453-4d2d-a696-f272c03c3731","PENDINGPAYMENT","PENDINGPAYMENT","43200000",False,False,False,"1723f919-bcce-4f6f-a135-4757075c5c27","1743484407631","c8d9141d-b3f3-41e3-bc1f-649af40dee6a","1747222452265",86,False
"56a77359-ec79-47d3-ba03-48561b69d0a1","pg","7de13989-75d7-468d-b05a-36d16ccae18a",NULL,NULL,NULL,False,True,False,"5130f2e3-efc1-401a-94fb-b9e60d9fa17d","1744197702516","5130f2e3-efc1-401a-94fb-b9e60d9fa17d","1744197702516",311,True
"574e0882-e4c0-40be-911a-8fb791238162","pg","117e8465-d2fc-4b93-8bb1-0b3bb64247c8","APPROVED","APPROVED",NULL,False,False,True,"1723f919-bcce-4f6f-a135-4757075c5c27","1744621944477","c8d9141d-b3f3-41e3-bc1f-649af40dee6a","1747302871860",416,False
"57657236-e530-4aea-949a-e5b5539df0d3","pg","5506e26b-b69d-4eb8-a836-9377408f13d5","DOCVERIFIED","INWORKFLOW",NULL,False,False,False,"919f4168-223a-4ea9-8d27-9a9e27e672bd","1743070107121","c8d9141d-b3f3-41e3-bc1f-649af40dee6a","1747291813744",10,False
"577d5c69-904e-4231-94d2-83c110bc89b9","pg","73a1bc6f-8d57-4e84-b5a3-e3b5ea126725","REJECTED","INACTIVE",NULL,False,False,True,"1723f919-bcce-4f6f-a135-4757075c5c27","1745170781516","1723f919-bcce-4f6f-a135-4757075c5c27","1750320098459",605,False
"5790ab4d-c2da-4f96-bbf6-236bd243b126","pg.citya","4119190b-4b04-4609-8571-e5653e96ca5b","APPROVED","APPROVED",NULL,False,False,True,"3709110a-4b1d-49a4-b639-95b689a86aa5","1743501511811","c8d9141d-b3f3-41e3-bc1f-649af40dee6a","1747225208046",107,False
"58f9b9fd-b298-432b-9ff0-50312496dd6a","pg.citya","c7848f64-b6ca-4c61-9459-3e4788a4aaeb","INITIATED","INITIATED",NULL,False,False,False,"d14f1116-6b07-4345-9db9-820d2e85daa0","1750331394335","d14f1116-6b07-4345-9db9-820d2e85daa0","1750331394335",1006,True
"597c7664-2a96-499d-8719-cbe7858da447","pg.citya","61692547-0453-4d2d-a696-f272c03c3731","APPROVED","APPROVED",NULL,False,False,False,"1723f919-bcce-4f6f-a135-4757075c5c27","1743484407631","c8d9141d-b3f3-41e3-bc1f-649af40dee6a","1747222452265",87,False
"5a7ef49d-0188-4a88-b1aa-49ec02ab7566","pg.citya","5426b2ad-f6ca-4e30-a9f8-a7a743f86b75","PENDING_FOR_FIELD_INSPECTION","PENDING_FOR_FIELD_INSPECTION",NULL,False,False,False,"d14f1116-6b07-4345-9db9-820d2e85daa0","1750331436198","d14f1116-6b07-4345-9db9-820d2e85daa0","1750331436198",1023,True
"5ad8cc6c-1053-43e4-90ea-4394a443dff8","pg","b343dcef-68f1-4a86-9825-d1b7d458cd44","RESOLVED","RESOLVED",NULL,False,False,True,"a4a0d5a5-2edc-4c3d-bf97-5fdd1f88cbaa","1743096378513","a4a0d5a5-2edc-4c3d-bf97-5fdd1f88cbaa","1743096378513",28,False
"5ad9a5df-d63b-4ea7-83ba-ced7754a7258","pg.citya","5426b2ad-f6ca-4e30-a9f8-a7a743f86b75",NULL,NULL,NULL,False,True,False,"d14f1116-6b07-4345-9db9-820d2e85daa0","1750331436198","d14f1116-6b07-4345-9db9-820d2e85daa0","1750331436198",1020,True
"5afd95c9-9739-46c5-ae1a-1e0a1f6c5e88","pg","3ce59e63-7fa9-4971-9515-d571abfbd957","REJECTED","REJECTED",NULL,False,False,True,"1723f919-bcce-4f6f-a135-4757075c5c27","1744621887819","c8d9141d-b3f3-41e3-bc1f-649af40dee6a","1747300190538",371,False
"5b8de733-6824-4f4c-8aa4-8733b1db3fe9","pg","73a1bc6f-8d57-4e84-b5a3-e3b5ea126725","APPROVALPENDING","INWORKFLOW",NULL,False,True,False,"1723f919-bcce-4f6f-a135-4757075c5c27","1745170781516","1723f919-bcce-4f6f-a135-4757075c5c27","1750320098459",604,False
"5bf2b38f-af3d-4eac-8109-42542c29366c","pg.citya","022d53ab-71c7-41e8-85e7-a27d4fcbc66c","PENDINGAPPROVAL","PENDINGAPPROVAL","43200000",False,False,False,"3709110a-4b1d-49a4-b639-95b689a86aa5","1743501511811","c8d9141d-b3f3-41e3-bc1f-649af40dee6a","1747302781861",152,False
"5c35ba1f-4493-49a1-9fee-d996c5d84951","pg","d027138a-517e-4a03-a2ca-d471c093b171","REJECTED","REJECTED",NULL,False,False,True,"1723f919-bcce-4f6f-a135-4757075c5c27","1744621900491","c8d9141d-b3f3-41e3-bc1f-649af40dee6a","1747300294366",386,False
"5c52f9b6-2464-44fa-b840-9b336cfc7242","pg.citya","bb95d434-7e8a-4406-9db5-418ed4c6c6e0","SEND_TO_CITIZEN","INITIATED",NULL,False,False,False,"3709110a-4b1d-49a4-b639-95b689a86aa5","1743501511811","c8d9141d-b3f3-41e3-bc1f-649af40dee6a","1747227433277",113,False
"5c8c8497-0459-41b4-96c0-662fc37d919f","pg.citya","61692547-0453-4d2d-a696-f272c03c3731","REJECTED","REJECTED",NULL,False,False,True,"1723f919-bcce-4f6f-a135-4757075c5c27","1743484407631","c8d9141d-b3f3-41e3-bc1f-649af40dee6a","1747222452265",83,False
"5da84af8-5bba-4261-b006-94af31779b2c","pg.citya","979c1920-32ed-4337-8e56-60d9ccec24ec","DSO_INPROGRESS","DSO_INPROGRESS",NULL,False,False,False,"11b0e02b-0145-4de2-bc42-c97b96264807","1746620314146","11b0e02b-0145-4de2-bc42-c97b96264807","1746620314146",641,True
"5da8940d-783a-460c-9170-7778dff52e70","pg","f7329b4a-c3cf-4587-9ffa-e439bf8d9c58","CORRECTIONPENDING","INWORKFLOW",NULL,False,False,False,"919f4168-223a-4ea9-8d27-9a9e27e672bd","1743070107121","c8d9141d-b3f3-41e3-bc1f-649af40dee6a","1747291928326",22,True
"5e44668d-4b18-477a-b51f-b62277c8eadd","pg.citya","6b07af8a-7e0c-4ba1-bb27-65c9a0aeb207","PENDINGDOCVERIFICATION","PENDINGDOCVERIFICATION",NULL,False,False,False,"3709110a-4b1d-49a4-b639-95b689a86aa5","1743501511811","c8d9141d-b3f3-41e3-bc1f-649af40dee6a","1747299813060",144,False
"5e60d88c-8f3c-4370-8363-4a53a09c43f7","pg","f7329b4a-c3cf-4587-9ffa-e439bf8d9c58","APPROVED","ACTIVE",NULL,False,False,True,"919f4168-223a-4ea9-8d27-9a9e27e672bd","1743070107121","c8d9141d-b3f3-41e3-bc1f-649af40dee6a","1747291928326",21,False
"5ea79b24-0f5d-48bf-92ee-7caa90bdfa81","pg.citya","a511d0e1-b7eb-44b2-9a66-6f6e76d65ec3","PENDING_DSO_APPROVAL","PENDING_DSO_APPROVAL",NULL,False,False,False,"5130f2e3-efc1-401a-94fb-b9e60d9fa17d","1746620274309","5130f2e3-efc1-401a-94fb-b9e60d9fa17d","1746620274309",629,True
"5fa57a6b-2cef-4780-832a-a8b1862bc17f","pg","abf08b04-abe9-4164-9b7d-a0848be4e5c6",NULL,NULL,NULL,False,True,False,"5130f2e3-efc1-401a-94fb-b9e60d9fa17d","1744197634808","5130f2e3-efc1-401a-94fb-b9e60d9fa17d","1744197634808",273,True
"600d2d0a-a3b0-47de-b007-43141f10dc50","pg","d2a3600e-80c2-4333-ab49-e0c3fc5ddf93","REJECTED","REJECTED",NULL,False,False,True,"1723f919-bcce-4f6f-a135-4757075c5c27","1744621953667","c8d9141d-b3f3-41e3-bc1f-649af40dee6a","1747302990941",420,False
"600f900d-14b6-4e76-96ec-45f8d3f68e01","pg","5506e26b-b69d-4eb8-a836-9377408f13d5","OPEN","INWORKFLOW",NULL,False,True,False,"919f4168-223a-4ea9-8d27-9a9e27e672bd","1743070107121","c8d9141d-b3f3-41e3-bc1f-649af40dee6a","1747291813744",9,False
"60355f2c-5675-46a3-8bef-69f7e3fb0c05","pg","d2a3600e-80c2-4333-ab49-e0c3fc5ddf93","PENDINGDOCVERIFICATION","PENDINGDOCVERIFICATION",NULL,False,False,False,"1723f919-bcce-4f6f-a135-4757075c5c27","1744621953667","c8d9141d-b3f3-41e3-bc1f-649af40dee6a","1747302990941",419,False
"603a5c7b-9e6f-4c2b-8e31-6b7ef4290c87","pg.citya","b76082e4-40b1-43aa-9434-17b243e16618","PENDINGPAYMENT","PENDINGPAYMENT",NULL,False,False,False,"3709110a-4b1d-49a4-b639-95b689a86aa5","1743501511811","c8d9141d-b3f3-41e3-bc1f-649af40dee6a","1747302921144",155,False
"603e4eff-06b1-4585-8e7a-9f037a41d009","pg.citya","bb95d434-7e8a-4406-9db5-418ed4c6c6e0",NULL,NULL,NULL,False,True,False,"3709110a-4b1d-49a4-b639-95b689a86aa5","1743501511811","c8d9141d-b3f3-41e3-bc1f-649af40dee6a","1747227433277",112,True
"60dcf909-fe29-4b0b-b749-e2dc2d3ff54d","pg.citya","5efaa4c5-f329-4c75-8e73-4d1ed5e069de","REJECTED","REJECTED",NULL,False,False,True,"5130f2e3-efc1-401a-94fb-b9e60d9fa17d","1746620465019","5130f2e3-efc1-401a-94fb-b9e60d9fa17d","1746620465019",672,False
"61cfbab3-0a58-4d38-803d-891a2f7b57ce","pg","abf08b04-abe9-4164-9b7d-a0848be4e5c6","CANCELED","CANCELED",NULL,False,False,True,"5130f2e3-efc1-401a-94fb-b9e60d9fa17d","1744197634808","5130f2e3-efc1-401a-94fb-b9e60d9fa17d","1744197634808",282,False
"624cf2a1-e3d2-4acc-981e-50e272cc264b","pg","ea71ddec-05bc-432c-90a8-1c276b6d185e",NULL,"INWORKFLOW",NULL,False,True,False,"919f4168-223a-4ea9-8d27-9a9e27e672bd","1743070107121","c8d9141d-b3f3-41e3-bc1f-649af40dee6a","1747894463358",1,False
"6271bda4-c8ee-4f21-9371-4a349d4e11fb","pg","11b3ca26-af4e-47cb-b7c7-5fde995e3623","INITIATED","INITIATED",NULL,False,False,False,"1723f919-bcce-4f6f-a135-4757075c5c27","1745170689502","1723f919-bcce-4f6f-a135-4757075c5c27","1750320158669",547,True
"637367b0-3765-436a-8f50-62628ae115e4","pg.citya","491b502c-0b7f-4659-980d-934eb3ee2c84","PENDINGPAYMENT","PENDINGPAYMENT",NULL,False,False,False,"1723f919-bcce-4f6f-a135-4757075c5c27","1743484407631","c8d9141d-b3f3-41e3-bc1f-649af40dee6a","1747222345985",77,False
"63fc5c53-85ca-4c43-b62e-6e262e29e78a","pg","ee9d1dbc-d6f1-4fd6-b91d-d67fd0e25b4d","FIELDINSPECTION","FIELDINSPECTION","86400000",False,False,False,"1723f919-bcce-4f6f-a135-4757075c5c27","1745170648438","1723f919-bcce-4f6f-a135-4757075c5c27","1745170648438",540,False
"6442507a-60a3-4ed8-a736-5627d4bd5398","pg","3ce59e63-7fa9-4971-9515-d571abfbd957","INPROGRESS","INPROGRESS",NULL,False,False,False,"1723f919-bcce-4f6f-a135-4757075c5c27","1744621887819","c8d9141d-b3f3-41e3-bc1f-649af40dee6a","1747300190538",363,False
"648e5565-1fa7-41bc-b898-6199f1a0a936","pg","117e8465-d2fc-4b93-8bb1-0b3bb64247c8","PENDINGDOCVERIFICATION","PENDINGDOCVERIFICATION",NULL,False,False,False,"1723f919-bcce-4f6f-a135-4757075c5c27","1744621944477","c8d9141d-b3f3-41e3-bc1f-649af40dee6a","1747302871860",413,False
"64abc187-1dcb-443c-80c0-116912da9a5b","pg","97092661-77f6-47a2-9397-d6f450397617","PENDING_DSO_APPROVAL","PENDING_DSO_APPROVAL",NULL,False,False,False,"5130f2e3-efc1-401a-94fb-b9e60d9fa17d","1744197661636","5130f2e3-efc1-401a-94fb-b9e60d9fa17d","1744197661636",301,True
"64cebe86-2f62-460a-93a0-f72ddf68ae84","pg.citya","5426b2ad-f6ca-4e30-a9f8-a7a743f86b75","INITIATED","INITIATED",NULL,False,False,False,"d14f1116-6b07-4345-9db9-820d2e85daa0","1750331436198","d14f1116-6b07-4345-9db9-820d2e85daa0","1750331436198",1021,True
"651ebfd5-7bcc-44cb-b190-bb889375b061","pg","da95f7f1-812d-46d4-bfa6-ad93e3c983e6","BACK_FROM_FI_VERIFICATION","CITIZEN_ACTION_PENDING_AT_FI_VERIF",NULL,False,False,False,"1723f919-bcce-4f6f-a135-4757075c5c27","1744621912674","c8d9141d-b3f3-41e3-bc1f-649af40dee6a","1747300462548",403,True
"652100e7-95a0-473d-a483-ddab279c7bbd","pg","da95f7f1-812d-46d4-bfa6-ad93e3c983e6","PENDING_APPL_FEE_PAYMENT","PENDING_APPL_FEE",NULL,False,False,False,"1723f919-bcce-4f6f-a135-4757075c5c27","1744621912674","c8d9141d-b3f3-41e3-bc1f-649af40dee6a","1747300462548",394,False
"66631907-705f-4855-82b5-4f7facbd6d2e","pg.citya","61692547-0453-4d2d-a696-f272c03c3731","INITIATED","INITIATED",NULL,False,True,False,"1723f919-bcce-4f6f-a135-4757075c5c27","1743484407631","c8d9141d-b3f3-41e3-bc1f-649af40dee6a","1747222452265",81,True
"66df96d5-b8d9-4c02-ab30-a66de945e54f","pg.citya","0639ccd3-26e4-45b4-be62-2029317dfb67","REJECTED","REJECTED",NULL,False,False,True,"5130f2e3-efc1-401a-94fb-b9e60d9fa17d","1746620339237","5130f2e3-efc1-401a-94fb-b9e60d9fa17d","1746620339237",656,False
"66e74543-edd4-48c1-b743-8f2e309abb6e","pg.citya","0639ccd3-26e4-45b4-be62-2029317dfb67","ASSING_DSO","ASSING_DSO",NULL,False,False,False,"5130f2e3-efc1-401a-94fb-b9e60d9fa17d","1746620339237","5130f2e3-efc1-401a-94fb-b9e60d9fa17d","1746620339237",651,True
"66fbbe04-608c-4ddb-8940-d8c6c047c355","pg.citya","4c1e1b43-9f0d-481c-a996-cb20086a1b8e","FIELDVERIFIED","INWORKFLOW",NULL,False,False,False,"3709110a-4b1d-49a4-b639-95b689a86aa5","1743506463523","d14f1116-6b07-4345-9db9-820d2e85daa0","1758271856474",181,True
"673a0441-6c37-44b3-b1e0-c78328d916e5","pg.citya","bb95d434-7e8a-4406-9db5-418ed4c6c6e0","BACK_FROM_FI_VERIFICATION","CITIZEN_ACTION_PENDING_AT_FI_VERIF",NULL,False,False,False,"3709110a-4b1d-49a4-b639-95b689a86aa5","1743501511811","c8d9141d-b3f3-41e3-bc1f-649af40dee6a","1747227433277",125,True
"67aaa3cd-0507-4aa7-ba74-16dbd14fff21","pg.citya","979c1920-32ed-4337-8e56-60d9ccec24ec","PENDING_DSO_APPROVAL","PENDING_DSO_APPROVAL",NULL,False,False,False,"11b0e02b-0145-4de2-bc42-c97b96264807","1746620314146","11b0e02b-0145-4de2-bc42-c97b96264807","1746620314146",639,True
"69c9031e-c380-42f4-93ea-91b6533906a0","pg","d2a3600e-80c2-4333-ab49-e0c3fc5ddf93","APPROVED","APPROVED",NULL,False,False,True,"1723f919-bcce-4f6f-a135-4757075c5c27","1744621953667","c8d9141d-b3f3-41e3-bc1f-649af40dee6a","1747302990941",422,False
"6b2addf4-6a9e-44b3-9609-2eb38a17c9f5","pg.citya","979c1920-32ed-4337-8e56-60d9ccec24ec","REJECTED","REJECTED",NULL,False,False,True,"11b0e02b-0145-4de2-bc42-c97b96264807","1746620314146","11b0e02b-0145-4de2-bc42-c97b96264807","1746620314146",646,False
"6b4ea5a5-83a2-4645-a684-5847e738cb13","pg","7f960ae1-9e5a-48b1-8aa4-0e137e3656a4","PENDINGDOCVERIFICATION","PENDINGDOCVERIFICATION",NULL,False,False,False,"1723f919-bcce-4f6f-a135-4757075c5c27","1744613193390","c8d9141d-b3f3-41e3-bc1f-649af40dee6a","1747302742562",350,False
"6bd5a3de-e424-494e-89fb-b2fbe5c98a25","pg","30980eed-6094-4074-a2b6-3cb5bac7b6a0","APPROVED","APPROVED",NULL,False,False,True,"1723f919-bcce-4f6f-a135-4757075c5c27","1745170757723","1723f919-bcce-4f6f-a135-4757075c5c27","1745170757723",591,False
"6c520689-e947-46b6-ae24-59ce7ff1f9a2","pg.citya","14fd45d4-025b-467c-96d2-059af099dd03","APPROVALPENDING","INWORKFLOW",NULL,False,True,False,"3709110a-4b1d-49a4-b639-95b689a86aa5","1743506587586","3709110a-4b1d-49a4-b639-95b689a86aa5","1743506587586",227,False
"6cc67e16-210b-4305-b33e-45885434afee","pg.citya","72fc7f2b-f4ce-40c9-8f30-d1e681dec3a2","DISCONNECTION_EXECUTED","DISCONNECTION_EXECUTED",NULL,False,False,True,"d14f1116-6b07-4345-9db9-820d2e85daa0","1750331545883","d14f1116-6b07-4345-9db9-820d2e85daa0","1750331545883",1056,False
"6cd96373-bb1f-4ce0-a897-60faf5b11404","pg","97092661-77f6-47a2-9397-d6f450397617","ASSING_DSO","ASSING_DSO",NULL,False,False,False,"5130f2e3-efc1-401a-94fb-b9e60d9fa17d","1744197661636","5130f2e3-efc1-401a-94fb-b9e60d9fa17d","1744197661636",298,True
"6d06a1d1-f571-441d-8b5a-8a5d9fbf03a2","pg.citya","4119190b-4b04-4609-8571-e5653e96ca5b","SEND_TO_CITIZEN","INITIATED",NULL,False,False,False,"3709110a-4b1d-49a4-b639-95b689a86aa5","1743501511811","c8d9141d-b3f3-41e3-bc1f-649af40dee6a","1747225208046",98,True
"6d8bb6f7-6adc-49b8-8958-57702e84e373","pg.citya","61692547-0453-4d2d-a696-f272c03c3731","MANUALEXPIRED","MANUALEXPIRED",NULL,False,False,True,"1723f919-bcce-4f6f-a135-4757075c5c27","1743484407631","c8d9141d-b3f3-41e3-bc1f-649af40dee6a","1747222452265",90,False
"6daf1ad1-71df-4615-9a93-1e332eeb6095","pg.citya","491b502c-0b7f-4659-980d-934eb3ee2c84","APPLIED","APPLIED",NULL,False,True,False,"1723f919-bcce-4f6f-a135-4757075c5c27","1743484407631","c8d9141d-b3f3-41e3-bc1f-649af40dee6a","1747222345985",73,True
"6ead1673-1308-47e1-83a8-0f48ec25bd0e","pg.citya","c0123d81-115e-4e80-9307-51d20500d5f9","DOCVERIFIED","INWORKFLOW",NULL,False,False,False,"3709110a-4b1d-49a4-b639-95b689a86aa5","1743506463523","c8d9141d-b3f3-41e3-bc1f-649af40dee6a","1747296696098",187,False
"6ef35cee-f6a0-4a0a-a999-44dd16e51ab5","pg","a35da505-55ef-4bf0-a52c-48a086d20d73","DSO_REJECTED","DSO_REJECTED",NULL,False,False,False,"11b0e02b-0145-4de2-bc42-c97b96264807","1744197648205","11b0e02b-0145-4de2-bc42-c97b96264807","1744197648205",287,True
"6efb6a49-26ec-4850-b590-62535ad371fd","pg.citya","fece7167-03f8-4622-8be2-ebc75ad94f79","CLOSEDAFTERRESOLUTION","CLOSEDAFTERRESOLUTION",NULL,False,False,True,"a4a0d5a5-2edc-4c3d-bf97-5fdd1f88cbaa","1743096883293","a4a0d5a5-2edc-4c3d-bf97-5fdd1f88cbaa","1743096883293",38,False
"6f28f778-2024-48b5-b861-8e86ab7bc466","pg","3ce59e63-7fa9-4971-9515-d571abfbd957","BACK_FROM_DOC_VERIFICATION","CITIZEN_ACTION_PENDING_AT_DOC_VERIF",NULL,False,False,False,"1723f919-bcce-4f6f-a135-4757075c5c27","1744621887819","c8d9141d-b3f3-41e3-bc1f-649af40dee6a","1747300190538",372,True
"6f854573-d9ee-4036-bc2d-f0f8f84e088d","pg","b2187912-ae23-48a6-a3a9-d6fcf4dda8db","PENDINGFORCORRECTION","RE-SUBMITTED","86400000",False,False,False,"b43b260c-f620-45d3-a43f-f53148f87f15","1759748291264","b43b260c-f620-45d3-a43f-f53148f87f15","1759748291264",1089,True
"6fde2509-8a02-437a-9e4a-e3c50014e654","pg","6693a900-6df6-4802-96a7-4dc096936eaf",NULL,NULL,NULL,False,True,False,"1723f919-bcce-4f6f-a135-4757075c5c27","1745170704298","1723f919-bcce-4f6f-a135-4757075c5c27","1745170704298",556,False
"702db8a7-510a-4fc3-9be4-1ab33faed82c","pg.citya","399fd2bf-348d-428f-a2a6-fbbfe927e7a7","INITIATED","INPROGRESS",NULL,False,False,False,"3709110a-4b1d-49a4-b639-95b689a86aa5","1743501511811","c8d9141d-b3f3-41e3-bc1f-649af40dee6a","1747227583985",130,False
"702ec6e9-311e-40a7-9b90-029fdd2b47fc","pg","ee9d1dbc-d6f1-4fd6-b91d-d67fd0e25b4d","REJECTED","REJECTED",NULL,False,False,True,"1723f919-bcce-4f6f-a135-4757075c5c27","1745170648438","1723f919-bcce-4f6f-a135-4757075c5c27","1745170648438",539,False
"7235af5b-54bf-4282-8802-802b3bf22012","pg.citya","a7b81d5f-d1b4-4b76-8310-db1bd42a76d7","CORRECTIONPENDING","INWORKFLOW",NULL,False,False,False,"3709110a-4b1d-49a4-b639-95b689a86aa5","1743506463523","c8d9141d-b3f3-41e3-bc1f-649af40dee6a","1747221963724",199,True
"723a65be-223b-4afd-898b-1d98808b9fe5","pg.citya","c7848f64-b6ca-4c61-9459-3e4788a4aaeb","PENDING_FOR_DOCUMENT_VERIFICATION","PENDING_FOR_DOCUMENT_VERIFICATION",NULL,False,False,False,"d14f1116-6b07-4345-9db9-820d2e85daa0","1750331394335","d14f1116-6b07-4345-9db9-820d2e85daa0","1750331394335",1008,True
"724be35f-160e-4b0c-acbf-74999e15d0a4","pg","3e986067-4686-41d4-95d2-48b11475c8bd","PENDINGDOCVERIFICATION","PENDINGDOCVERIFICATION",NULL,False,False,False,"1723f919-bcce-4f6f-a135-4757075c5c27","1744621972446","c8d9141d-b3f3-41e3-bc1f-649af40dee6a","1747303289822",425,False
"72ff6337-0e24-4727-a244-046221b222e1","pg","7de13989-75d7-468d-b05a-36d16ccae18a","CITIZEN_FEEDBACK_PENDING","CITIZEN_FEEDBACK_PENDING",NULL,False,False,False,"5130f2e3-efc1-401a-94fb-b9e60d9fa17d","1744197702516","5130f2e3-efc1-401a-94fb-b9e60d9fa17d","1744197702516",317,False
"73121dc7-4e3f-40ac-8ff8-b8d1e6afb716","pg.citya","6b07af8a-7e0c-4ba1-bb27-65c9a0aeb207","PENDINGPAYMENT","PENDINGPAYMENT",NULL,False,False,False,"3709110a-4b1d-49a4-b639-95b689a86aa5","1743501511811","c8d9141d-b3f3-41e3-bc1f-649af40dee6a","1747299813060",143,False
"73775120-d08b-4fb5-8422-df8c8ed5bb57","pg.citya","9b0e880c-5293-47d6-b9bb-f4a250884577","DRAFTED","DRAFTED",NULL,False,False,False,"5130f2e3-efc1-401a-94fb-b9e60d9fa17d","1746620493337","5130f2e3-efc1-401a-94fb-b9e60d9fa17d","1746620493337",677,True
"73a033f1-1917-4e5a-b9df-8f401055d67e","pg.citya","b3790f2c-d0ac-4244-b74d-7b8a3224460a",NULL,NULL,NULL,False,True,False,"d14f1116-6b07-4345-9db9-820d2e85daa0","1750331424350","d14f1116-6b07-4345-9db9-820d2e85daa0","1750331424350",1015,False
"74aa488e-de78-4885-b935-5daa63db1d05","pg.citya","a511d0e1-b7eb-44b2-9a66-6f6e76d65ec3","ASSING_DSO","ASSING_DSO",NULL,False,False,False,"5130f2e3-efc1-401a-94fb-b9e60d9fa17d","1746620274309","5130f2e3-efc1-401a-94fb-b9e60d9fa17d","1746620274309",628,True
"74f214d7-7c5f-4220-90f4-df28f986c134","pg","d027138a-517e-4a03-a2ca-d471c093b171","REVOCATED","REVOCATED",NULL,False,False,True,"1723f919-bcce-4f6f-a135-4757075c5c27","1744621900491","c8d9141d-b3f3-41e3-bc1f-649af40dee6a","1747300294366",385,False
"75164d41-7aae-40d2-a2b0-067b278c5808","pg.citya","5efaa4c5-f329-4c75-8e73-4d1ed5e069de","COMPLETED","COMPLETED",NULL,False,False,True,"5130f2e3-efc1-401a-94fb-b9e60d9fa17d","1746620465019","5130f2e3-efc1-401a-94fb-b9e60d9fa17d","1746620465019",671,False
"752ed6c0-b3eb-4e39-b032-f54a779a1df6","pg","dec743c4-5594-4884-b006-009cb33a1830",NULL,NULL,NULL,False,True,False,"3903e096-3b9f-43a5-b5f0-4c37079d6cd5","1744197691155","3903e096-3b9f-43a5-b5f0-4c37079d6cd5","1744197691155",306,True
"753a4b67-2dc8-4ad0-b338-3f74908856d0","pg","b343dcef-68f1-4a86-9825-d1b7d458cd44","CLOSEDAFTERRESOLUTION","CLOSEDAFTERRESOLUTION",NULL,False,False,True,"a4a0d5a5-2edc-4c3d-bf97-5fdd1f88cbaa","1743096378513","a4a0d5a5-2edc-4c3d-bf97-5fdd1f88cbaa","1743096378513",30,False
"7561125b-c8aa-4f0d-ba3e-6e710bee62ea","pg.citya","14fd45d4-025b-467c-96d2-059af099dd03","PENDING_FOR_CITIZEN_ACTION","INWORKFLOW",NULL,False,False,False,"3709110a-4b1d-49a4-b639-95b689a86aa5","1743506587586","3709110a-4b1d-49a4-b639-95b689a86aa5","1743506587586",230,True
"75adf41a-95e2-4566-9ffe-5e67fad828af","pg.citya","0639ccd3-26e4-45b4-be62-2029317dfb67","CREATED","CREATED",NULL,False,False,False,"5130f2e3-efc1-401a-94fb-b9e60d9fa17d","1746620339237","5130f2e3-efc1-401a-94fb-b9e60d9fa17d","1746620339237",649,True
"7625824f-0be6-4b4d-bcfd-be7dc3359994","pg","da95f7f1-812d-46d4-bfa6-ad93e3c983e6","SEND_TO_CITIZEN","INITIATED",NULL,False,False,False,"1723f919-bcce-4f6f-a135-4757075c5c27","1744621912674","c8d9141d-b3f3-41e3-bc1f-649af40dee6a","1747300462548",391,True
"7680583a-bbfa-4498-a97e-a3abda79a145","pg","117e8465-d2fc-4b93-8bb1-0b3bb64247c8","REJECTED","REJECTED",NULL,False,False,True,"1723f919-bcce-4f6f-a135-4757075c5c27","1744621944477","c8d9141d-b3f3-41e3-bc1f-649af40dee6a","1747302871860",414,False
"76e7e710-96d9-4286-8b64-bdd689d6bfc9","pg","3ce59e63-7fa9-4971-9515-d571abfbd957","NOC_VERIFICATION_PENDING","NOC_VERIFICATION_INPROGRESS",NULL,False,False,False,"1723f919-bcce-4f6f-a135-4757075c5c27","1744621887819","c8d9141d-b3f3-41e3-bc1f-649af40dee6a","1747300190538",367,False
"78740e0f-ab82-40bd-8bf6-c149b85e79cc","pg","3ce59e63-7fa9-4971-9515-d571abfbd957","PENDINGAPPROVAL","APPROVAL_INPROGRESS",NULL,False,False,False,"1723f919-bcce-4f6f-a135-4757075c5c27","1744621887819","c8d9141d-b3f3-41e3-bc1f-649af40dee6a","1747300190538",368,False
"78887492-1c5c-423f-9901-39aa71b99a8a","pg.citya","fece7167-03f8-4622-8be2-ebc75ad94f79",NULL,NULL,NULL,False,True,False,"a4a0d5a5-2edc-4c3d-bf97-5fdd1f88cbaa","1743096883293","a4a0d5a5-2edc-4c3d-bf97-5fdd1f88cbaa","1743096883293",31,True
"7c5d4720-9ee1-4a44-b72a-e037663bd76d","pg.citya","4c1e1b43-9f0d-481c-a996-cb20086a1b8e",NULL,"INWORKFLOW",NULL,False,True,False,"3709110a-4b1d-49a4-b639-95b689a86aa5","1743506463523","d14f1116-6b07-4345-9db9-820d2e85daa0","1758271856474",178,False
"7c65cec2-a9ad-45d2-9e68-2ae6ae60b13f","pg","e282afcd-f22c-4a48-b6d5-6d4945c93273","PENDINGAPPROVAL","PENDINGAPPROVAL","43200000",False,False,False,"1723f919-bcce-4f6f-a135-4757075c5c27","1744621925179","c8d9141d-b3f3-41e3-bc1f-649af40dee6a","1747299993886",409,False
"7c6894d2-7603-490e-81d2-dec530710368","pg","b343dcef-68f1-4a86-9825-d1b7d458cd44","PENDINGFORASSIGNMENT","PENDINGFORASSIGNMENT",NULL,False,False,False,"a4a0d5a5-2edc-4c3d-bf97-5fdd1f88cbaa","1743096378513","a4a0d5a5-2edc-4c3d-bf97-5fdd1f88cbaa","1743096378513",24,False
"7dd1f1aa-8121-461b-9d26-9aba4ebb3b45","pg.citya","bb95d434-7e8a-4406-9db5-418ed4c6c6e0","DOC_VERIFICATION_PENDING","DOC_VERIFICATION_INPROGRESS",NULL,False,False,False,"3709110a-4b1d-49a4-b639-95b689a86aa5","1743501511811","c8d9141d-b3f3-41e3-bc1f-649af40dee6a","1747227433277",117,False
"7e64688c-cda6-43a1-b8b0-3a7ced576f88","pg","97092661-77f6-47a2-9397-d6f450397617","CREATED","CREATED",NULL,False,False,False,"5130f2e3-efc1-401a-94fb-b9e60d9fa17d","1744197661636","5130f2e3-efc1-401a-94fb-b9e60d9fa17d","1744197661636",296,True
"7f53e9c7-d609-441e-a39f-ce50ab42f276","pg.citya","ad41ee60-a3ca-4783-92c9-6f83668401dc","PENDING_APPROVAL_FOR_CONNECTION","PENDING_APPROVAL_FOR_CONNECTION","43200000",False,False,False,"d14f1116-6b07-4345-9db9-820d2e85daa0","1750331517050","d14f1116-6b07-4345-9db9-820d2e85daa0","1750331517050",1037,True
"7fbf5ad0-65d2-4ab4-9c20-d66037ccd65b","pg","11b3ca26-af4e-47cb-b7c7-5fde995e3623","PENDING_FOR_DOCUMENT_VERIFICATION","PENDING_FOR_DOCUMENT_VERIFICATION",NULL,False,False,False,"1723f919-bcce-4f6f-a135-4757075c5c27","1745170689502","1723f919-bcce-4f6f-a135-4757075c5c27","1750320158669",549,True
"8197c1eb-ac7c-43b9-b079-38da4168d317","pg","117e8465-d2fc-4b93-8bb1-0b3bb64247c8","PENDINGAPPROVAL","PENDINGAPPROVAL","43200000",False,False,False,"1723f919-bcce-4f6f-a135-4757075c5c27","1744621944477","c8d9141d-b3f3-41e3-bc1f-649af40dee6a","1747302871860",415,False
"82af2f42-0a92-48f8-a676-654209a18593","pg","ee9d1dbc-d6f1-4fd6-b91d-d67fd0e25b4d","PENDINGAPPROVAL","PENDINGAPPROVAL","43200000",False,False,False,"1723f919-bcce-4f6f-a135-4757075c5c27","1745170648438","1723f919-bcce-4f6f-a135-4757075c5c27","1745170648438",541,False
"82b14c1c-3e7c-431c-83ea-5af3bcff6789","pg","767feec3-12a8-433c-8c6c-622dac620a83",NULL,"INITIATED",NULL,False,True,False,"1723f919-bcce-4f6f-a135-4757075c5c27","1745170626068","1723f919-bcce-4f6f-a135-4757075c5c27","1745170626068",522,True
"834964e9-eec1-4447-bee6-0058a1735938","pg.citya","ad41ee60-a3ca-4783-92c9-6f83668401dc","REJECTED","REJECTED",NULL,False,False,True,"d14f1116-6b07-4345-9db9-820d2e85daa0","1750331517050","d14f1116-6b07-4345-9db9-820d2e85daa0","1750331517050",1035,False
"835b36b6-f94d-4139-901a-06c071c85d0d","pg.citya","5b008a43-2cb5-4d4d-b5bb-fcd0f65a8c8b",NULL,NULL,NULL,False,True,False,"3903e096-3b9f-43a5-b5f0-4c37079d6cd5","1746620241301","3903e096-3b9f-43a5-b5f0-4c37079d6cd5","1746620241301",615,True
"836294d8-8d6b-4f3d-bdd6-904035ca4681","pg","97092661-77f6-47a2-9397-d6f450397617","COMPLETED","COMPLETED",NULL,False,False,True,"5130f2e3-efc1-401a-94fb-b9e60d9fa17d","1744197661636","5130f2e3-efc1-401a-94fb-b9e60d9fa17d","1744197661636",302,False
"8416159a-96ef-426d-979d-87a956236570","pg","7de13989-75d7-468d-b05a-36d16ccae18a","COMPLETED","COMPLETED",NULL,False,False,True,"5130f2e3-efc1-401a-94fb-b9e60d9fa17d","1744197702516","5130f2e3-efc1-401a-94fb-b9e60d9fa17d","1744197702516",318,False
"84544be6-467d-4276-a6bc-0561d4295988","pg.citya","399fd2bf-348d-428f-a2a6-fbbfe927e7a7","APPROVED","APPROVED",NULL,False,False,True,"3709110a-4b1d-49a4-b639-95b689a86aa5","1743501511811","c8d9141d-b3f3-41e3-bc1f-649af40dee6a","1747227583985",137,False
"848dc714-e650-4e1f-b9da-0f2380633a25","pg.citya","e7d23620-da9f-44d4-8e27-870d2a143a96",NULL,NULL,NULL,False,True,False,"3903e096-3b9f-43a5-b5f0-4c37079d6cd5","1746620373694","3903e096-3b9f-43a5-b5f0-4c37079d6cd5","1746620373694",659,True
"856e72b4-fd7a-49ce-a7c2-0a50765db790","pg.citya","b3790f2c-d0ac-4244-b74d-7b8a3224460a","PENDING_FOR_APPROVAL","PENDING_FOR_APPROVAL","86400000",False,False,False,"d14f1116-6b07-4345-9db9-820d2e85daa0","1750331424350","d14f1116-6b07-4345-9db9-820d2e85daa0","1750331424350",1017,False
"85ae2763-c43c-44e6-b236-3f7d21ad8f3a","pg.citya","ea74d6c5-5b34-410f-ba87-ac874dbab86b","INITIATED","INPROGRESS",NULL,False,False,False,"1723f919-bcce-4f6f-a135-4757075c5c27","1743485624550","1723f919-bcce-4f6f-a135-4757075c5c27","1743485624550",93,False
"8660a36a-2eb5-485e-b298-a5baa042ade6","pg.citya","c7848f64-b6ca-4c61-9459-3e4788a4aaeb","CONNECTION_ACTIVATED","CONNECTION_ACTIVATED",NULL,False,False,True,"d14f1116-6b07-4345-9db9-820d2e85daa0","1750331394335","d14f1116-6b07-4345-9db9-820d2e85daa0","1750331394335",1014,False
"866c0c57-f747-4a91-9ec5-6871ce1b0fcd","pg","601b4c9b-b61a-47e0-a175-2909e713a003","PENDING_APPROVAL_FOR_DISCONNECTION","PENDING_APPROVAL_FOR_DISCONNECTION",NULL,False,False,False,"1723f919-bcce-4f6f-a135-4757075c5c27","1745170768730","1723f919-bcce-4f6f-a135-4757075c5c27","1750320031573",596,False
"874092bc-2ba3-4c96-abf6-e9c7223fd8fb","pg.citya","5efaa4c5-f329-4c75-8e73-4d1ed5e069de","CITIZEN_FEEDBACK_PENDING","CITIZEN_FEEDBACK_PENDING",NULL,False,False,False,"5130f2e3-efc1-401a-94fb-b9e60d9fa17d","1746620465019","5130f2e3-efc1-401a-94fb-b9e60d9fa17d","1746620465019",670,False
"884ef92a-ce4e-41b8-bae3-856dd421ac68","pg","abf08b04-abe9-4164-9b7d-a0848be4e5c6","ASSING_DSO","ASSING_DSO",NULL,False,False,False,"5130f2e3-efc1-401a-94fb-b9e60d9fa17d","1744197634808","5130f2e3-efc1-401a-94fb-b9e60d9fa17d","1744197634808",275,True
"8991f70b-98e2-427d-ac4c-d9cd3de76036","pg.citya","5426b2ad-f6ca-4e30-a9f8-a7a743f86b75","PENDING_FOR_CITIZEN_ACTION","PENDING_FOR_CITIZEN_ACTION",NULL,False,False,False,"d14f1116-6b07-4345-9db9-820d2e85daa0","1750331436198","d14f1116-6b07-4345-9db9-820d2e85daa0","1750331436198",1025,True
"8a85e42d-f662-427f-ae6c-562dfc6f72a9","pg.citya","bb95d434-7e8a-4406-9db5-418ed4c6c6e0","REVOCATED","REVOCATED",NULL,False,False,True,"3709110a-4b1d-49a4-b639-95b689a86aa5","1743501511811","c8d9141d-b3f3-41e3-bc1f-649af40dee6a","1747227433277",122,False
"8a96ec74-34a5-4080-a11b-1d9e32325142","pg.citya","6b68a2a2-45f9-4101-92e7-fdd62fcefbb5",NULL,"INITIATED",NULL,False,True,False,"1723f919-bcce-4f6f-a135-4757075c5c27","1743483264461","1723f919-bcce-4f6f-a135-4757075c5c27","1743483264461",44,True
"8ac59a61-4233-4781-9b40-a706239000ce","pg","0ab34fa0-9b83-4b29-94fa-bf6c5a49f6b8","INITIATED","INITIATED",NULL,False,False,False,"1723f919-bcce-4f6f-a135-4757075c5c27","1745170748360","1723f919-bcce-4f6f-a135-4757075c5c27","1750319946627",578,True
"8aedbbfe-169d-4952-a5c9-d4acf5332f9f","pg.citya","979c1920-32ed-4337-8e56-60d9ccec24ec","PENDING_APPL_FEE_PAYMENT","PENDING_APPL_FEE_PAYMENT",NULL,False,False,False,"11b0e02b-0145-4de2-bc42-c97b96264807","1746620314146","11b0e02b-0145-4de2-bc42-c97b96264807","1746620314146",642,True
"8b26194d-69d0-46e0-9592-aecd3c40dbab","pg.citya","72fc7f2b-f4ce-40c9-8f30-d1e681dec3a2","PENDING_FOR_DOCUMENT_VERIFICATION","PENDING_FOR_DOCUMENT_VERIFICATION",NULL,False,False,False,"d14f1116-6b07-4345-9db9-820d2e85daa0","1750331545883","d14f1116-6b07-4345-9db9-820d2e85daa0","1750331545883",1048,True
"8b3521fd-6cc2-46da-a8f3-27f45fcf009b","pg","18311687-f9b2-4c5f-ae1a-c7861a9463e1","COMPLETED","COMPLETED",NULL,False,False,True,"3903e096-3b9f-43a5-b5f0-4c37079d6cd5","1744197611210","3903e096-3b9f-43a5-b5f0-4c37079d6cd5","1744197611210",269,False
"8b66e6d8-a10b-4027-88ee-5b13e3605ded","pg","5506e26b-b69d-4eb8-a836-9377408f13d5","FIELDVERIFIED","INWORKFLOW",NULL,False,False,False,"919f4168-223a-4ea9-8d27-9a9e27e672bd","1743070107121","c8d9141d-b3f3-41e3-bc1f-649af40dee6a","1747291813744",11,False
"8bc521c8-10fa-4c2c-81b5-890361c05a84","pg.citya","74869757-3306-41f1-af48-11114c78aeb3","PENDINGPAYMENT","PENDINGPAYMENT",NULL,False,False,False,"3709110a-4b1d-49a4-b639-95b689a86aa5","1743501511811","c8d9141d-b3f3-41e3-bc1f-649af40dee6a","1747303039536",161,False
"8beffb9f-bd56-4695-ae6d-be397e862aa3","pg.citya","399fd2bf-348d-428f-a2a6-fbbfe927e7a7","SEND_TO_CITIZEN","INITIATED",NULL,False,False,False,"3709110a-4b1d-49a4-b639-95b689a86aa5","1743501511811","c8d9141d-b3f3-41e3-bc1f-649af40dee6a","1747227583985",128,True
"8c13496f-d34b-4fd6-9a09-41d6c115c965","pg.citya","8f035da0-cb06-45d5-b46a-bbb072765aae","AUTO_APPROVED","AUTO_APPROVED",NULL,False,False,True,"1723f919-bcce-4f6f-a135-4757075c5c27","1743483264461","1723f919-bcce-4f6f-a135-4757075c5c27","1743483264461",56,False
"8c3e377c-aea2-46e5-b5dd-1ac2a6d91d81","pg.citya","14fd45d4-025b-467c-96d2-059af099dd03",NULL,"INWORKFLOW",NULL,False,True,False,"3709110a-4b1d-49a4-b639-95b689a86aa5","1743506587586","3709110a-4b1d-49a4-b639-95b689a86aa5","1743506587586",226,False
"8c6efcf0-329e-437d-b2c9-f4aaeed97580","pg","11b3ca26-af4e-47cb-b7c7-5fde995e3623","REJECTED","REJECTED",NULL,False,False,True,"1723f919-bcce-4f6f-a135-4757075c5c27","1745170689502","1723f919-bcce-4f6f-a135-4757075c5c27","1750320158669",550,False
"8ccca4ed-800d-43c9-927c-0e24165f7042","pg.citya","ad41ee60-a3ca-4783-92c9-6f83668401dc","PENDING_FOR_CONNECTION_ACTIVATION","PENDING_FOR_CONNECTION_ACTIVATION",NULL,False,False,False,"d14f1116-6b07-4345-9db9-820d2e85daa0","1750331517050","d14f1116-6b07-4345-9db9-820d2e85daa0","1750331517050",1039,True
"8d104729-0cdc-4d0c-a539-d33279d3db81","pg.citya","399fd2bf-348d-428f-a2a6-fbbfe927e7a7","REJECTED","REJECTED",NULL,False,False,True,"3709110a-4b1d-49a4-b639-95b689a86aa5","1743501511811","c8d9141d-b3f3-41e3-bc1f-649af40dee6a","1747227583985",138,False
"8dbf241b-89cb-4f74-871b-688092d7c669","pg","dec743c4-5594-4884-b006-009cb33a1830","DISPOSED","DISPOSED",NULL,False,False,True,"3903e096-3b9f-43a5-b5f0-4c37079d6cd5","1744197691155","3903e096-3b9f-43a5-b5f0-4c37079d6cd5","1744197691155",309,True
"8dd41013-05af-4db3-a769-1e0e05111ee4","pg","d7f70200-e91c-405d-88a3-92969fae5b9f",NULL,"INWORKFLOW",NULL,False,True,False,"1723f919-bcce-4f6f-a135-4757075c5c27","1745170721050","1723f919-bcce-4f6f-a135-4757075c5c27","1750320275276",572,False
"8f5ba48a-5484-4ee0-809c-0801be68236e","pg","4a4755e7-9d32-4fc8-8545-384074d71a5f","APPROVED","APPROVED","604800000",False,False,False,"b43b260c-f620-45d3-a43f-f53148f87f15","1759748358987","b43b260c-f620-45d3-a43f-f53148f87f15","1759748358987",1095,True
"8f8b465a-6d8c-4fa5-b0e5-0ca0b645522c","pg.citya","7c33d4ed-e749-4f04-9422-b44b4684d2da","INITIATED","INPROGRESS",NULL,False,False,False,"1723f919-bcce-4f6f-a135-4757075c5c27","1743483264461","1723f919-bcce-4f6f-a135-4757075c5c27","1743483264461",50,False
"8fb9fa51-cbe4-4789-b124-44e5bf584b35","pg","4a4755e7-9d32-4fc8-8545-384074d71a5f","PENDING_FOR_APPROVAL","VERIFIED","86400000",False,False,False,"b43b260c-f620-45d3-a43f-f53148f87f15","1759748358987","b43b260c-f620-45d3-a43f-f53148f87f15","1759748358987",1094,True
"901725b9-68b2-4bac-82ff-e559adf3331f","pg.citya","58d3bdfb-e1f9-40d8-bd04-88d65af3c0eb","CITIZENACTIONREQUIRED-DV","CITIZENACTIONREQUIRED-DV",NULL,False,False,False,"1723f919-bcce-4f6f-a135-4757075c5c27","1743483264461","1723f919-bcce-4f6f-a135-4757075c5c27","1743483264461",67,True
"901eb23d-aba4-4a53-aea4-b5d617e811ac","pg.citya","0639ccd3-26e4-45b4-be62-2029317dfb67","CITIZEN_FEEDBACK_PENDING","CITIZEN_FEEDBACK_PENDING",NULL,False,False,False,"5130f2e3-efc1-401a-94fb-b9e60d9fa17d","1746620339237","5130f2e3-efc1-401a-94fb-b9e60d9fa17d","1746620339237",658,False
"91554318-c342-46e3-81bb-e4edd8d5a035","pg.citya","4119190b-4b04-4609-8571-e5653e96ca5b","PENDINGAPPROVAL","APPROVAL_INPROGRESS",NULL,False,False,False,"3709110a-4b1d-49a4-b639-95b689a86aa5","1743501511811","c8d9141d-b3f3-41e3-bc1f-649af40dee6a","1747225208046",105,False
"9178164c-5a82-4b52-a08a-23c3b2730bae","pg","13825637-e367-4cc5-a7b7-333924a383eb","INITIATED","INPROGRESS",NULL,False,False,False,"1723f919-bcce-4f6f-a135-4757075c5c27","1745170642694","1723f919-bcce-4f6f-a135-4757075c5c27","1745170642694",532,False
"931c8988-b63e-4a34-ad51-8ca34a766118","pg","e849a68d-93f0-4e6e-9694-451b1b1e32d5","INITIATED","INITIATED",NULL,False,False,False,"1723f919-bcce-4f6f-a135-4757075c5c27","1745170711814","1723f919-bcce-4f6f-a135-4757075c5c27","1750320234575",562,True
"933bdec8-5600-4ba8-ae60-4428426d7051","pg.citya","fece7167-03f8-4622-8be2-ebc75ad94f79","PENDINGATLME","PENDINGATLME","259200000",False,False,False,"a4a0d5a5-2edc-4c3d-bf97-5fdd1f88cbaa","1743096883293","a4a0d5a5-2edc-4c3d-bf97-5fdd1f88cbaa","1743096883293",34,False
"938972aa-139d-44e1-b304-9c6a9b955bbd","pg","4a4755e7-9d32-4fc8-8545-384074d71a5f","PENDING_FOR_CORRECTION","SENT_BACK","86400000",False,True,False,"b43b260c-f620-45d3-a43f-f53148f87f15","1759748358987","b43b260c-f620-45d3-a43f-f53148f87f15","1759748358987",1096,True
"95cc1cc4-9720-4179-8f99-886e346e1ba5","pg.citya","c0123d81-115e-4e80-9307-51d20500d5f9","OPEN","INWORKFLOW",NULL,False,True,False,"3709110a-4b1d-49a4-b639-95b689a86aa5","1743506463523","c8d9141d-b3f3-41e3-bc1f-649af40dee6a","1747296696098",186,False
"9693f748-1ad1-4e69-a371-3d6f0f26d875","pg","e849a68d-93f0-4e6e-9694-451b1b1e32d5","PENDING_FOR_PAYMENT","PENDING_FOR_PAYMENT",NULL,False,False,False,"1723f919-bcce-4f6f-a135-4757075c5c27","1745170711814","1723f919-bcce-4f6f-a135-4757075c5c27","1750320234575",569,False
"9714c7bb-1b7a-447d-8ec0-9b6cd2fedb51","pg.citya","5efaa4c5-f329-4c75-8e73-4d1ed5e069de","CREATED","CREATED",NULL,False,False,False,"5130f2e3-efc1-401a-94fb-b9e60d9fa17d","1746620465019","5130f2e3-efc1-401a-94fb-b9e60d9fa17d","1746620465019",665,True
"9749b29a-1ab9-4434-ac02-ab11eb56d8fe","pg","3e986067-4686-41d4-95d2-48b11475c8bd","REJECTED","REJECTED",NULL,False,False,True,"1723f919-bcce-4f6f-a135-4757075c5c27","1744621972446","c8d9141d-b3f3-41e3-bc1f-649af40dee6a","1747303289822",426,False
"97c422c1-eb3c-446c-b731-45ed0ebd5724","pg","dec743c4-5594-4884-b006-009cb33a1830","VEHICLE_DECLINED","VEHICLE_DECLINED",NULL,False,False,True,"3903e096-3b9f-43a5-b5f0-4c37079d6cd5","1744197691155","3903e096-3b9f-43a5-b5f0-4c37079d6cd5","1744197691155",310,True
"9874058e-09c7-4ae4-a5f0-caf183c51ae1","pg","3ce59e63-7fa9-4971-9515-d571abfbd957","APPROVED","APPROVED",NULL,False,False,True,"1723f919-bcce-4f6f-a135-4757075c5c27","1744621887819","c8d9141d-b3f3-41e3-bc1f-649af40dee6a","1747300190538",370,False
"98af4240-3008-4af0-a51c-c12470df04c7","pg.citya","bb95d434-7e8a-4406-9db5-418ed4c6c6e0","NOC_VERIFICATION_PENDING","NOC_VERIFICATION_INPROGRESS",NULL,False,False,False,"3709110a-4b1d-49a4-b639-95b689a86aa5","1743501511811","c8d9141d-b3f3-41e3-bc1f-649af40dee6a","1747227433277",119,False
"98fc9837-a9ec-45f6-85ae-e568e079dabe","pg.citya","80c44e31-1a10-4ae4-9ee7-3fa714089b1b","PENDING_FOR_APPROVAL","PENDING_FOR_APPROVAL","86400000",False,False,False,"d14f1116-6b07-4345-9db9-820d2e85daa0","1750331535903","d14f1116-6b07-4345-9db9-820d2e85daa0","1750331535903",1043,False
"990fdad4-f2ec-4d12-bc61-61ae7c9ff5a7","pg.citya","399fd2bf-348d-428f-a2a6-fbbfe927e7a7","BACK_FROM_NOC_VERIFICATION","CITIZEN_ACTION_PENDING_AT_NOC_VERIF",NULL,False,False,False,"3709110a-4b1d-49a4-b639-95b689a86aa5","1743501511811","c8d9141d-b3f3-41e3-bc1f-649af40dee6a","1747227583985",141,True
"995220c1-f4c2-4510-9115-d5f100635b7a","pg.citya","5b008a43-2cb5-4d4d-b5bb-fcd0f65a8c8b","CREATED","CREATED",NULL,False,False,False,"3903e096-3b9f-43a5-b5f0-4c37079d6cd5","1746620241301","3903e096-3b9f-43a5-b5f0-4c37079d6cd5","1746620241301",616,True
"9afd3bb9-3565-48bc-a7fc-ebff0832f7fc","pg.citya","72fc7f2b-f4ce-40c9-8f30-d1e681dec3a2","PENDING_FOR_FIELD_INSPECTION","PENDING_FOR_FIELD_INSPECTION",NULL,False,False,False,"d14f1116-6b07-4345-9db9-820d2e85daa0","1750331545883","d14f1116-6b07-4345-9db9-820d2e85daa0","1750331545883",1049,True
"9b2b06e3-9b56-4c1a-a5c6-1b9aa90f8e16","pg.citya","c7848f64-b6ca-4c61-9459-3e4788a4aaeb","PENDING_FOR_CITIZEN_ACTION","PENDING_FOR_CITIZEN_ACTION",NULL,False,False,False,"d14f1116-6b07-4345-9db9-820d2e85daa0","1750331394335","d14f1116-6b07-4345-9db9-820d2e85daa0","1750331394335",1007,True
"9c4a8bea-0c63-4ae2-9a63-1b4e237dcf8a","pg","d353ce5f-ab8d-4523-bb12-e50343095cd7","DRAFTED","DRAFTED",NULL,False,False,False,"5130f2e3-efc1-401a-94fb-b9e60d9fa17d","1744197760141","5130f2e3-efc1-401a-94fb-b9e60d9fa17d","1744197760141",324,True
"9c6cccbd-7e31-496f-8fbb-874eaa4ae7f0","pg","97092661-77f6-47a2-9397-d6f450397617","CITIZEN_FEEDBACK_PENDING","CITIZEN_FEEDBACK_PENDING",NULL,False,False,False,"5130f2e3-efc1-401a-94fb-b9e60d9fa17d","1744197661636","5130f2e3-efc1-401a-94fb-b9e60d9fa17d","1744197661636",305,False
"9ce2c4e4-b304-4795-9e96-190fb650c8f6","pg.citya","4119190b-4b04-4609-8571-e5653e96ca5b","INPROGRESS","INPROGRESS",NULL,False,False,False,"3709110a-4b1d-49a4-b639-95b689a86aa5","1743501511811","c8d9141d-b3f3-41e3-bc1f-649af40dee6a","1747225208046",100,False
"9d94cc93-ff18-4348-85ab-4227a15db8fe","pg.citya","979c1920-32ed-4337-8e56-60d9ccec24ec","CREATED","CREATED",NULL,False,False,False,"11b0e02b-0145-4de2-bc42-c97b96264807","1746620314146","11b0e02b-0145-4de2-bc42-c97b96264807","1746620314146",637,True
"9dcc6832-a40d-45e1-9b89-d86e0ef1c583","pg.citya","5efaa4c5-f329-4c75-8e73-4d1ed5e069de","CANCELED","CANCELED",NULL,False,False,True,"5130f2e3-efc1-401a-94fb-b9e60d9fa17d","1746620465019","5130f2e3-efc1-401a-94fb-b9e60d9fa17d","1746620465019",673,False
"9e2e9b0c-59b5-4e7e-b9ca-47b418553b75","pg.citya","399fd2bf-348d-428f-a2a6-fbbfe927e7a7","CITIZEN_APPROVAL_PENDING","CITIZEN_APPROVAL_INPROCESS",NULL,False,False,False,"3709110a-4b1d-49a4-b639-95b689a86aa5","1743501511811","c8d9141d-b3f3-41e3-bc1f-649af40dee6a","1747227583985",129,False
"9f83a11c-fe66-4118-83c3-987fa89b7796","pg.citya","b76082e4-40b1-43aa-9434-17b243e16618","REJECTED","REJECTED",NULL,False,False,True,"3709110a-4b1d-49a4-b639-95b689a86aa5","1743501511811","c8d9141d-b3f3-41e3-bc1f-649af40dee6a","1747302921144",157,False
"9fbabc7c-abb2-477f-93b3-27d00127f5bf","pg.citya","399fd2bf-348d-428f-a2a6-fbbfe927e7a7","DOC_VERIFICATION_PENDING","DOC_VERIFICATION_INPROGRESS",NULL,False,False,False,"3709110a-4b1d-49a4-b639-95b689a86aa5","1743501511811","c8d9141d-b3f3-41e3-bc1f-649af40dee6a","1747227583985",132,False
"9fc6e2a5-af28-4dad-97f9-ca48dda209cd","pg","d353ce5f-ab8d-4523-bb12-e50343095cd7","SCHEDULED","SCHEDULED",NULL,False,False,False,"5130f2e3-efc1-401a-94fb-b9e60d9fa17d","1744197760141","5130f2e3-efc1-401a-94fb-b9e60d9fa17d","1744197760141",322,True
"9ff067c0-41bd-4a65-bba0-4420e2edf44d","pg.citya","58d3bdfb-e1f9-40d8-bd04-88d65af3c0eb","PENDINGPAYMENT","PENDINGPAYMENT",NULL,False,False,False,"1723f919-bcce-4f6f-a135-4757075c5c27","1743483264461","1723f919-bcce-4f6f-a135-4757075c5c27","1743483264461",59,False
"a07662d5-82ac-4450-8905-9c6cabf0440e","pg.citya","58d3bdfb-e1f9-40d8-bd04-88d65af3c0eb","CANCELLED","CANCELLED",NULL,False,False,True,"1723f919-bcce-4f6f-a135-4757075c5c27","1743483264461","1723f919-bcce-4f6f-a135-4757075c5c27","1743483264461",65,False
"a0af0a90-80d8-4398-bd09-41923b5248c8","pg.citya","bb95d434-7e8a-4406-9db5-418ed4c6c6e0","PENDINGAPPROVAL","APPROVAL_INPROGRESS",NULL,False,False,False,"3709110a-4b1d-49a4-b639-95b689a86aa5","1743501511811","c8d9141d-b3f3-41e3-bc1f-649af40dee6a","1747227433277",120,False
"a123a403-b54b-4018-8367-8b6c231663fa","pg.citya","4c1e1b43-9f0d-481c-a996-cb20086a1b8e","DOCVERIFIED","INWORKFLOW",NULL,False,False,False,"3709110a-4b1d-49a4-b639-95b689a86aa5","1743506463523","d14f1116-6b07-4345-9db9-820d2e85daa0","1758271856474",180,True
"a1a91c06-297d-4df0-83c5-6a361f637ee8","pg.citya","5efaa4c5-f329-4c75-8e73-4d1ed5e069de","DSO_REJECTED","DSO_REJECTED",NULL,False,False,False,"5130f2e3-efc1-401a-94fb-b9e60d9fa17d","1746620465019","5130f2e3-efc1-401a-94fb-b9e60d9fa17d","1746620465019",668,True
"a2786a1a-3050-4316-86b1-6e3bc1022800","pg.citya","ea74d6c5-5b34-410f-ba87-ac874dbab86b","REJECTED","REJECTED",NULL,False,False,True,"1723f919-bcce-4f6f-a135-4757075c5c27","1743485624550","1723f919-bcce-4f6f-a135-4757075c5c27","1743485624550",94,False
"a2789556-fb41-4129-a0d1-69e30df5e54d","pg.citya","399fd2bf-348d-428f-a2a6-fbbfe927e7a7","PENDING_APPL_FEE_PAYMENT","PENDING_APPL_FEE",NULL,False,False,False,"3709110a-4b1d-49a4-b639-95b689a86aa5","1743501511811","c8d9141d-b3f3-41e3-bc1f-649af40dee6a","1747227583985",131,False
"a382e7b6-c149-4ec8-af9a-62d646716ca1","pg","ee9d1dbc-d6f1-4fd6-b91d-d67fd0e25b4d","CITIZENACTIONREQUIRED","CITIZENACTIONREQUIRED",NULL,False,False,False,"1723f919-bcce-4f6f-a135-4757075c5c27","1745170648438","1723f919-bcce-4f6f-a135-4757075c5c27","1745170648438",544,True
"a45e2c7f-bbda-49ef-9b06-349458685765","pg.citya","022d53ab-71c7-41e8-85e7-a27d4fcbc66c","PENDINGDOCVERIFICATION","PENDINGDOCVERIFICATION",NULL,False,False,False,"3709110a-4b1d-49a4-b639-95b689a86aa5","1743501511811","c8d9141d-b3f3-41e3-bc1f-649af40dee6a","1747302781861",150,False
"a57e36eb-4957-4f89-9707-cbfb6dc7ae26","pg","d027138a-517e-4a03-a2ca-d471c093b171","NOC_VERIFICATION_PENDING","NOC_VERIFICATION_INPROGRESS",NULL,False,False,False,"1723f919-bcce-4f6f-a135-4757075c5c27","1744621900491","c8d9141d-b3f3-41e3-bc1f-649af40dee6a","1747300294366",382,False
"a5f2ce93-8410-41f8-bc5f-dafeb82be244","pg","abf08b04-abe9-4164-9b7d-a0848be4e5c6","DSO_INPROGRESS","DSO_INPROGRESS",NULL,False,False,False,"5130f2e3-efc1-401a-94fb-b9e60d9fa17d","1744197634808","5130f2e3-efc1-401a-94fb-b9e60d9fa17d","1744197634808",278,True
"a61861f6-ea33-4e0b-881c-03d7f1d19a9d","pg.citya","4119190b-4b04-4609-8571-e5653e96ca5b","BACK_FROM_NOC_VERIFICATION","CITIZEN_ACTION_PENDING_AT_NOC_VERIF",NULL,False,False,False,"3709110a-4b1d-49a4-b639-95b689a86aa5","1743501511811","c8d9141d-b3f3-41e3-bc1f-649af40dee6a","1747225208046",111,True
"a6b97130-b64b-4218-927d-7992d936b794","pg","18311687-f9b2-4c5f-ae1a-c7861a9463e1","DSO_REJECTED","DSO_REJECTED",NULL,False,False,False,"3903e096-3b9f-43a5-b5f0-4c37079d6cd5","1744197611210","3903e096-3b9f-43a5-b5f0-4c37079d6cd5","1744197611210",266,True
"a6be7dc7-bb61-4b51-9b7e-51338b6309da","pg","3e986067-4686-41d4-95d2-48b11475c8bd",NULL,NULL,NULL,False,True,False,"1723f919-bcce-4f6f-a135-4757075c5c27","1744621972446","c8d9141d-b3f3-41e3-bc1f-649af40dee6a","1747303289822",423,False
"a6c9afcd-42c4-4d6c-8396-d02dd152236e","pg.citya","fece7167-03f8-4622-8be2-ebc75ad94f79","PENDINGFORASSIGNMENT","PENDINGFORASSIGNMENT",NULL,False,False,False,"a4a0d5a5-2edc-4c3d-bf97-5fdd1f88cbaa","1743096883293","a4a0d5a5-2edc-4c3d-bf97-5fdd1f88cbaa","1743096883293",32,False
"a6dd0299-b5a0-48c7-b78d-4af5cb05de2f","pg","4a4755e7-9d32-4fc8-8545-384074d71a5f","PENDING_FOR_REASSIGNMENT","DECLINED","86400000",False,True,False,"b43b260c-f620-45d3-a43f-f53148f87f15","1759748358987","b43b260c-f620-45d3-a43f-f53148f87f15","1759748358987",1097,True
"a70a844c-3fa5-43de-9903-fdd51f0dce69","pg","f7329b4a-c3cf-4587-9ffa-e439bf8d9c58","DOCVERIFIED","INWORKFLOW","432000000",False,False,False,"919f4168-223a-4ea9-8d27-9a9e27e672bd","1743070107121","c8d9141d-b3f3-41e3-bc1f-649af40dee6a","1747291928326",17,False
"a76f9f5c-ed55-4319-937c-6fdbb22a50af","pg","e282afcd-f22c-4a48-b6d5-6d4945c93273","REJECTED","REJECTED",NULL,False,False,True,"1723f919-bcce-4f6f-a135-4757075c5c27","1744621925179","c8d9141d-b3f3-41e3-bc1f-649af40dee6a","1747299993886",408,False
"a854acf4-5796-42f8-9ff3-847b867a93b8","pg.citya","5f1412d2-ae8f-45f4-9e26-045eb4b81433","APPROVED","APPROVED",NULL,False,False,True,"3709110a-4b1d-49a4-b639-95b689a86aa5","1743501511811","c8d9141d-b3f3-41e3-bc1f-649af40dee6a","1747303159965",171,False
"a87b921b-2df0-4a7b-aef2-631da9df3422","pg.citya","c7848f64-b6ca-4c61-9459-3e4788a4aaeb","PENDING_FOR_FIELD_INSPECTION","PENDING_FOR_FIELD_INSPECTION","86400000",False,False,False,"d14f1116-6b07-4345-9db9-820d2e85daa0","1750331394335","d14f1116-6b07-4345-9db9-820d2e85daa0","1750331394335",1010,True
"a916d4d6-698f-44dd-ae07-99eb13087bbf","pg.citya","4c1e1b43-9f0d-481c-a996-cb20086a1b8e","CORRECTIONPENDING","INWORKFLOW",NULL,False,False,False,"3709110a-4b1d-49a4-b639-95b689a86aa5","1743506463523","d14f1116-6b07-4345-9db9-820d2e85daa0","1758271856474",184,True
"a985e495-2ae1-4fd7-b54a-26b23927489d","pg.citya","fece7167-03f8-4622-8be2-ebc75ad94f79","REJECTED","REJECTED",NULL,False,False,True,"a4a0d5a5-2edc-4c3d-bf97-5fdd1f88cbaa","1743096883293","a4a0d5a5-2edc-4c3d-bf97-5fdd1f88cbaa","1743096883293",35,False
"a995711f-5873-4156-8346-0a0b5b78600d","pg.citya","c7848f64-b6ca-4c61-9459-3e4788a4aaeb","REJECTED","REJECTED",NULL,False,False,True,"d14f1116-6b07-4345-9db9-820d2e85daa0","1750331394335","d14f1116-6b07-4345-9db9-820d2e85daa0","1750331394335",1009,False
"aa0ce60a-ef16-4bd7-b432-cd3b3b94d7ec","pg","30980eed-6094-4074-a2b6-3cb5bac7b6a0","REJECTED","REJECTED",NULL,False,False,True,"1723f919-bcce-4f6f-a135-4757075c5c27","1745170757723","1723f919-bcce-4f6f-a135-4757075c5c27","1745170757723",590,False
"aa8862ff-f01c-4fbc-991c-8f9248756760","pg.citya","ad41ee60-a3ca-4783-92c9-6f83668401dc","PENDING_FOR_FIELD_INSPECTION","PENDING_FOR_FIELD_INSPECTION","86400000",False,False,False,"d14f1116-6b07-4345-9db9-820d2e85daa0","1750331517050","d14f1116-6b07-4345-9db9-820d2e85daa0","1750331517050",1036,True
"aaa788e5-9e6a-494e-b3b8-00ab653c8704","pg.citya","80c44e31-1a10-4ae4-9ee7-3fa714089b1b","INITIATED","INITIATED",NULL,False,False,False,"d14f1116-6b07-4345-9db9-820d2e85daa0","1750331535903","d14f1116-6b07-4345-9db9-820d2e85daa0","1750331535903",1042,True
"aac65b8d-82fe-4773-acec-7a430093732c","pg.citya","09aa243d-f43d-4da1-8058-6c4a6b531b16",NULL,"INWORKFLOW",NULL,False,True,False,"3709110a-4b1d-49a4-b639-95b689a86aa5","1743506632422","3709110a-4b1d-49a4-b639-95b689a86aa5","1743506632422",257,False
"aba078ce-b3e7-40d5-aa2d-efed137bad61","pg","e849a68d-93f0-4e6e-9694-451b1b1e32d5","REJECTED","REJECTED",NULL,False,False,True,"1723f919-bcce-4f6f-a135-4757075c5c27","1745170711814","1723f919-bcce-4f6f-a135-4757075c5c27","1750320234575",568,False
"aba50f97-1e40-4100-8cd8-50e2b630bb94","pg.citya","bb95d434-7e8a-4406-9db5-418ed4c6c6e0","REJECTED","REJECTED",NULL,False,False,True,"3709110a-4b1d-49a4-b639-95b689a86aa5","1743501511811","c8d9141d-b3f3-41e3-bc1f-649af40dee6a","1747227433277",123,False
"aba5befb-d16f-40a3-9a3e-93e29f1d2e0f","pg","a35da505-55ef-4bf0-a52c-48a086d20d73","PENDING_APPL_FEE_PAYMENT","PENDING_APPL_FEE_PAYMENT",NULL,False,False,False,"11b0e02b-0145-4de2-bc42-c97b96264807","1744197648205","11b0e02b-0145-4de2-bc42-c97b96264807","1744197648205",289,True
"ac5a4f95-fa42-40a1-bd53-ac512317cdc3","pg","5506e26b-b69d-4eb8-a836-9377408f13d5","APPROVED","ACTIVE",NULL,False,False,True,"919f4168-223a-4ea9-8d27-9a9e27e672bd","1743070107121","c8d9141d-b3f3-41e3-bc1f-649af40dee6a","1747291813744",13,False
"acbc6e28-10fd-44ac-ab98-499ee2307c07","pg","d027138a-517e-4a03-a2ca-d471c093b171","INITIATED","INPROGRESS",NULL,False,False,False,"1723f919-bcce-4f6f-a135-4757075c5c27","1744621900491","c8d9141d-b3f3-41e3-bc1f-649af40dee6a","1747300294366",378,False
"ad81987d-5bf8-4a2e-8f55-6c894253ba2a","pg.citya","a511d0e1-b7eb-44b2-9a66-6f6e76d65ec3","REJECTED","REJECTED",NULL,False,False,True,"5130f2e3-efc1-401a-94fb-b9e60d9fa17d","1746620274309","5130f2e3-efc1-401a-94fb-b9e60d9fa17d","1746620274309",634,False
"add96520-a067-4a9b-9369-e9634b72c2ca","pg.citya","979c1920-32ed-4337-8e56-60d9ccec24ec","ASSIGN_DSO","ASSIGN_DSO",NULL,False,False,False,"11b0e02b-0145-4de2-bc42-c97b96264807","1746620314146","11b0e02b-0145-4de2-bc42-c97b96264807","1746620314146",638,True
"af023fdf-a9b2-4c6e-a8bf-dc0be12beeb5","pg","601b4c9b-b61a-47e0-a175-2909e713a003","PENDING_FOR_CITIZEN_ACTION","PENDING_FOR_CITIZEN_ACTION",NULL,False,False,False,"1723f919-bcce-4f6f-a135-4757075c5c27","1745170768730","1723f919-bcce-4f6f-a135-4757075c5c27","1750320031573",597,True
"af3d12a9-6bc8-48e6-8b50-1eba01569d39","pg.citya","5b008a43-2cb5-4d4d-b5bb-fcd0f65a8c8b","CANCELED","CANCELED",NULL,False,False,True,"3903e096-3b9f-43a5-b5f0-4c37079d6cd5","1746620241301","3903e096-3b9f-43a5-b5f0-4c37079d6cd5","1746620241301",624,False
"af56b240-542c-49a1-a9bb-fcc2e93866aa","pg","18311687-f9b2-4c5f-ae1a-c7861a9463e1","DSO_INPROGRESS","DSO_INPROGRESS",NULL,False,False,False,"3903e096-3b9f-43a5-b5f0-4c37079d6cd5","1744197611210","3903e096-3b9f-43a5-b5f0-4c37079d6cd5","1744197611210",267,True
"af7ff6c3-952d-47b0-bcca-8b0e91bf234e","pg","97092661-77f6-47a2-9397-d6f450397617","DSO_REJECTED","DSO_REJECTED",NULL,False,False,False,"5130f2e3-efc1-401a-94fb-b9e60d9fa17d","1744197661636","5130f2e3-efc1-401a-94fb-b9e60d9fa17d","1744197661636",299,True
"afe73d47-b0fa-486a-a830-36b006019fd6","pg","d2a3600e-80c2-4333-ab49-e0c3fc5ddf93","PENDINGPAYMENT","PENDINGPAYMENT",NULL,False,False,False,"1723f919-bcce-4f6f-a135-4757075c5c27","1744621953667","c8d9141d-b3f3-41e3-bc1f-649af40dee6a","1747302990941",418,False
"aff49806-daff-41c8-9ee0-de086feaca58","pg.citya","b76082e4-40b1-43aa-9434-17b243e16618",NULL,NULL,NULL,False,True,False,"3709110a-4b1d-49a4-b639-95b689a86aa5","1743501511811","c8d9141d-b3f3-41e3-bc1f-649af40dee6a","1747302921144",154,False
"b04c2279-f6ef-4c4d-87a1-6eefa30553a9","pg","18311687-f9b2-4c5f-ae1a-c7861a9463e1","CITIZEN_FEEDBACK_PENDING","CITIZEN_FEEDBACK_PENDING",NULL,False,False,False,"3903e096-3b9f-43a5-b5f0-4c37079d6cd5","1744197611210","3903e096-3b9f-43a5-b5f0-4c37079d6cd5","1744197611210",272,False
"b14016f2-ebcc-4291-8afb-5ee9263fd3a5","pg.citya","c0123d81-115e-4e80-9307-51d20500d5f9",NULL,"INWORKFLOW",NULL,False,True,False,"3709110a-4b1d-49a4-b639-95b689a86aa5","1743506463523","c8d9141d-b3f3-41e3-bc1f-649af40dee6a","1747296696098",185,False
"b174379e-2165-411f-8529-a54e3c83e7d1","pg.citya","a7b81d5f-d1b4-4b76-8310-db1bd42a76d7","APPROVED","ACTIVE",NULL,False,False,True,"3709110a-4b1d-49a4-b639-95b689a86aa5","1743506463523","c8d9141d-b3f3-41e3-bc1f-649af40dee6a","1747221963724",198,False
"b2274dbc-e86e-4500-be9b-bae92029dc80","pg.citya","72fc7f2b-f4ce-40c9-8f30-d1e681dec3a2","REJECTED","REJECTED",NULL,False,False,True,"d14f1116-6b07-4345-9db9-820d2e85daa0","1750331545883","d14f1116-6b07-4345-9db9-820d2e85daa0","1750331545883",1053,False
"b30ca503-ed43-4e95-87a5-0da6154f1c83","pg.citya","14fd45d4-025b-467c-96d2-059af099dd03","APPROVED","ACTIVE",NULL,False,False,True,"3709110a-4b1d-49a4-b639-95b689a86aa5","1743506587586","3709110a-4b1d-49a4-b639-95b689a86aa5","1743506587586",229,False
"b33c65e3-73f9-4374-bb0a-db52d629d41e","pg.citya","0639ccd3-26e4-45b4-be62-2029317dfb67",NULL,NULL,NULL,False,True,False,"5130f2e3-efc1-401a-94fb-b9e60d9fa17d","1746620339237","5130f2e3-efc1-401a-94fb-b9e60d9fa17d","1746620339237",648,True
"b33ed210-0af4-4954-bd9f-8bd78eb629ad","pg","3ce59e63-7fa9-4971-9515-d571abfbd957","PENDING_APPL_FEE_PAYMENT","PENDING_APPL_FEE",NULL,False,False,False,"1723f919-bcce-4f6f-a135-4757075c5c27","1744621887819","c8d9141d-b3f3-41e3-bc1f-649af40dee6a","1747300190538",364,False
"b3447e63-5f50-4549-9f06-394b5ff9d614","pg","3e986067-4686-41d4-95d2-48b11475c8bd","PENDINGPAYMENT","PENDINGPAYMENT",NULL,False,False,False,"1723f919-bcce-4f6f-a135-4757075c5c27","1744621972446","c8d9141d-b3f3-41e3-bc1f-649af40dee6a","1747303289822",424,False
"b39f186a-5766-4d64-8769-e632ad54a078","pg","b343dcef-68f1-4a86-9825-d1b7d458cd44",NULL,NULL,NULL,False,True,False,"a4a0d5a5-2edc-4c3d-bf97-5fdd1f88cbaa","1743096378513","a4a0d5a5-2edc-4c3d-bf97-5fdd1f88cbaa","1743096378513",23,True
"b3c3c083-9595-4cde-916e-26f6fb34f7db","pg","a35da505-55ef-4bf0-a52c-48a086d20d73","PENDING_DSO_APPROVAL","PENDING_DSO_APPROVAL",NULL,False,False,False,"11b0e02b-0145-4de2-bc42-c97b96264807","1744197648205","11b0e02b-0145-4de2-bc42-c97b96264807","1744197648205",286,True
"b3c62a61-ac34-4a6c-b252-5963a47660dc","pg","f7329b4a-c3cf-4587-9ffa-e439bf8d9c58","FIELDVERIFIED","INWORKFLOW","432000000",False,False,False,"919f4168-223a-4ea9-8d27-9a9e27e672bd","1743070107121","c8d9141d-b3f3-41e3-bc1f-649af40dee6a","1747291928326",18,False
"b4c83829-318d-4613-9b67-6ecfd369c2aa","pg","5506e26b-b69d-4eb8-a836-9377408f13d5",NULL,"INWORKFLOW",NULL,False,True,False,"919f4168-223a-4ea9-8d27-9a9e27e672bd","1743070107121","c8d9141d-b3f3-41e3-bc1f-649af40dee6a","1747291813744",8,False
"b4f4435d-cd8e-43c5-ace2-12cbe36845c5","pg","11b3ca26-af4e-47cb-b7c7-5fde995e3623","PENDING_FOR_PAYMENT","PENDING_FOR_PAYMENT","43200000",False,False,False,"1723f919-bcce-4f6f-a135-4757075c5c27","1745170689502","1723f919-bcce-4f6f-a135-4757075c5c27","1750320158669",553,False
"b50d911a-05fa-41ad-93d9-4ba62d9e252d","pg","11b3ca26-af4e-47cb-b7c7-5fde995e3623","CONNECTION_ACTIVATED","CONNECTION_ACTIVATED",NULL,False,False,True,"1723f919-bcce-4f6f-a135-4757075c5c27","1745170689502","1723f919-bcce-4f6f-a135-4757075c5c27","1750320158669",555,False
"b5348326-908d-4c99-a7ea-4edd45f949d9","pg.citya","5b008a43-2cb5-4d4d-b5bb-fcd0f65a8c8b","PENDING_APPL_FEE_PAYMENT","PENDING_APPL_FEE_PAYMENT",NULL,False,False,False,"3903e096-3b9f-43a5-b5f0-4c37079d6cd5","1746620241301","3903e096-3b9f-43a5-b5f0-4c37079d6cd5","1746620241301",617,True
"b5578866-29c7-46b8-b843-a0d1030af36d","pg","e849a68d-93f0-4e6e-9694-451b1b1e32d5","PENDING_FOR_FIELD_INSPECTION","PENDING_FOR_FIELD_INSPECTION",NULL,False,False,False,"1723f919-bcce-4f6f-a135-4757075c5c27","1745170711814","1723f919-bcce-4f6f-a135-4757075c5c27","1750320234575",564,True
"b5a5ab7a-7440-4e73-bfe1-884c1ff19937","pg","b2187912-ae23-48a6-a3a9-d6fcf4dda8db",NULL,"SUBMITTED",NULL,False,True,False,"b43b260c-f620-45d3-a43f-f53148f87f15","1759748291264","b43b260c-f620-45d3-a43f-f53148f87f15","1759748291264",1085,True
"b5b3d496-c955-46b4-aed9-348d2b188a01","pg.citya","74869757-3306-41f1-af48-11114c78aeb3",NULL,NULL,NULL,False,True,False,"3709110a-4b1d-49a4-b639-95b689a86aa5","1743501511811","c8d9141d-b3f3-41e3-bc1f-649af40dee6a","1747303039536",160,False
"b623c5ce-88ff-4829-9d65-bf0b54154cd0","pg.citya","491b502c-0b7f-4659-980d-934eb3ee2c84","REJECTED","REJECTED",NULL,False,False,True,"1723f919-bcce-4f6f-a135-4757075c5c27","1743484407631","c8d9141d-b3f3-41e3-bc1f-649af40dee6a","1747222345985",74,False
"b6b7a481-135a-4703-93e0-55a517b57fcb","pg.citya","4119190b-4b04-4609-8571-e5653e96ca5b","PENDING_SANC_FEE_PAYMENT","PENDING_SANC_FEE_PAYMENT",NULL,False,False,False,"3709110a-4b1d-49a4-b639-95b689a86aa5","1743501511811","c8d9141d-b3f3-41e3-bc1f-649af40dee6a","1747225208046",106,False
"b6deab05-74b0-4a47-8cee-eff66271e066","pg","f7329b4a-c3cf-4587-9ffa-e439bf8d9c58","REJECTED","INACTIVE",NULL,False,False,True,"919f4168-223a-4ea9-8d27-9a9e27e672bd","1743070107121","c8d9141d-b3f3-41e3-bc1f-649af40dee6a","1747291928326",20,False
"b7397410-3275-4c85-b2bf-d4d66551f930","pg.citya","72fc7f2b-f4ce-40c9-8f30-d1e681dec3a2","PENDING_FOR_CITIZEN_ACTION","PENDING_FOR_CITIZEN_ACTION",NULL,False,False,False,"d14f1116-6b07-4345-9db9-820d2e85daa0","1750331545883","d14f1116-6b07-4345-9db9-820d2e85daa0","1750331545883",1051,True
"b7c110a9-6d55-4da7-894d-86297cb601c3","pg.citya","e7d23620-da9f-44d4-8e27-870d2a143a96","SCHEDULED","SCHEDULED",NULL,False,True,False,"3903e096-3b9f-43a5-b5f0-4c37079d6cd5","1746620373694","3903e096-3b9f-43a5-b5f0-4c37079d6cd5","1746620373694",660,NULL
"b86522c2-cb89-4c15-a377-03cec73807b0","pg","e2da0963-ea85-4cf8-bf2a-bd0c217117a7","AUTO_APPROVED","AUTO_APPROVED",NULL,False,False,True,"1723f919-bcce-4f6f-a135-4757075c5c27","1745170635449","1723f919-bcce-4f6f-a135-4757075c5c27","1745170635449",530,False
"b8ccd20c-6f53-4eb0-ad64-159ac492d156","pg.citya","a511d0e1-b7eb-44b2-9a66-6f6e76d65ec3","DSO_REJECTED","DSO_REJECTED",NULL,False,False,False,"5130f2e3-efc1-401a-94fb-b9e60d9fa17d","1746620274309","5130f2e3-efc1-401a-94fb-b9e60d9fa17d","1746620274309",630,True
"b91e6dde-6aa1-4721-bbbe-8488f9c6a7b6","pg.citya","bb95d434-7e8a-4406-9db5-418ed4c6c6e0","CITIZEN_APPROVAL_PENDING","CITIZEN_APPROVAL_INPROCESS",NULL,False,False,False,"3709110a-4b1d-49a4-b639-95b689a86aa5","1743501511811","c8d9141d-b3f3-41e3-bc1f-649af40dee6a","1747227433277",114,True
"b9649c39-c44b-4a77-8a01-c697d0b67a9b","pg.citya","5b008a43-2cb5-4d4d-b5bb-fcd0f65a8c8b","DSO_REJECTED","DSO_REJECTED",NULL,False,False,False,"3903e096-3b9f-43a5-b5f0-4c37079d6cd5","1746620241301","3903e096-3b9f-43a5-b5f0-4c37079d6cd5","1746620241301",619,True
"b96740b2-3724-43e9-bcd4-56bd5dcf2511","pg.citya","a7b81d5f-d1b4-4b76-8310-db1bd42a76d7","DOCVERIFIED","INWORKFLOW","432000000",False,False,False,"3709110a-4b1d-49a4-b639-95b689a86aa5","1743506463523","c8d9141d-b3f3-41e3-bc1f-649af40dee6a","1747221963724",194,False
"b97f2b8d-a046-4708-b024-291eda980790","pg","d027138a-517e-4a03-a2ca-d471c093b171","BACK_FROM_FI_VERIFICATION","CITIZEN_ACTION_PENDING_AT_FI_VERIF",NULL,False,False,False,"1723f919-bcce-4f6f-a135-4757075c5c27","1744621900491","c8d9141d-b3f3-41e3-bc1f-649af40dee6a","1747300294366",388,True
"b9f2cb74-2653-40ce-934d-a5e92005bc3d","pg","117e8465-d2fc-4b93-8bb1-0b3bb64247c8","PENDINGPAYMENT","PENDINGPAYMENT",NULL,False,False,False,"1723f919-bcce-4f6f-a135-4757075c5c27","1744621944477","c8d9141d-b3f3-41e3-bc1f-649af40dee6a","1747302871860",412,False
"ba84aa1c-d018-4b9a-a0f6-a2569b4b2d77","pg.citya","4c1e1b43-9f0d-481c-a996-cb20086a1b8e","REJECTED","INACTIVE",NULL,False,False,True,"3709110a-4b1d-49a4-b639-95b689a86aa5","1743506463523","d14f1116-6b07-4345-9db9-820d2e85daa0","1758271856474",182,False
"ba9368a8-e030-4699-984b-afac3e7de826","pg.citya","5b008a43-2cb5-4d4d-b5bb-fcd0f65a8c8b","ASSING_DSO","ASSING_DSO",NULL,False,False,False,"3903e096-3b9f-43a5-b5f0-4c37079d6cd5","1746620241301","3903e096-3b9f-43a5-b5f0-4c37079d6cd5","1746620241301",618,True
"bb61a0b9-9291-4846-8c0f-9daf406eaafa","pg.citya","b3790f2c-d0ac-4244-b74d-7b8a3224460a","REJECTED","REJECTED",NULL,False,False,True,"d14f1116-6b07-4345-9db9-820d2e85daa0","1750331424350","d14f1116-6b07-4345-9db9-820d2e85daa0","1750331424350",1018,False
"bb61dbc8-c402-433f-99e5-3dcf0694e99e","pg.citya","4c1e1b43-9f0d-481c-a996-cb20086a1b8e","OPEN","INWORKFLOW",NULL,False,True,False,"3709110a-4b1d-49a4-b639-95b689a86aa5","1743506463523","d14f1116-6b07-4345-9db9-820d2e85daa0","1758271856474",179,True
"bbad2a1b-d05a-475d-8b0c-09dc3099324e","pg.citya","61692547-0453-4d2d-a696-f272c03c3731","CANCELLED","CANCELLED",NULL,False,False,True,"1723f919-bcce-4f6f-a135-4757075c5c27","1743484407631","c8d9141d-b3f3-41e3-bc1f-649af40dee6a","1747222452265",88,False
"bc13f192-3964-4e4e-aa7c-1a0bf0323980","pg.citya","5efaa4c5-f329-4c75-8e73-4d1ed5e069de","DSO_INPROGRESS","DSO_INPROGRESS",NULL,False,False,False,"5130f2e3-efc1-401a-94fb-b9e60d9fa17d","1746620465019","5130f2e3-efc1-401a-94fb-b9e60d9fa17d","1746620465019",669,True
"bc3c9b43-e9d5-4852-8047-527a52e126d7","pg","d027138a-517e-4a03-a2ca-d471c093b171","SEND_TO_CITIZEN","INITIATED",NULL,False,False,False,"1723f919-bcce-4f6f-a135-4757075c5c27","1744621900491","c8d9141d-b3f3-41e3-bc1f-649af40dee6a","1747300294366",376,False
"bc43bfaf-c4d4-45c0-addf-509a9e285d40","pg.citya","c7848f64-b6ca-4c61-9459-3e4788a4aaeb","PENDING_FOR_CONNECTION_ACTIVATION","PENDING_FOR_CONNECTION_ACTIVATION",NULL,False,False,False,"d14f1116-6b07-4345-9db9-820d2e85daa0","1750331394335","d14f1116-6b07-4345-9db9-820d2e85daa0","1750331394335",1013,True
"bce263de-2e48-4236-b766-562768dfba00","pg","a35da505-55ef-4bf0-a52c-48a086d20d73",NULL,NULL,NULL,False,True,False,"11b0e02b-0145-4de2-bc42-c97b96264807","1744197648205","11b0e02b-0145-4de2-bc42-c97b96264807","1744197648205",283,True
"bce8e548-afdd-424e-89e2-81b05a1fbcd0","pg.citya","6b07af8a-7e0c-4ba1-bb27-65c9a0aeb207","REJECTED","REJECTED",NULL,False,False,True,"3709110a-4b1d-49a4-b639-95b689a86aa5","1743501511811","c8d9141d-b3f3-41e3-bc1f-649af40dee6a","1747299813060",145,False
"bd6b8517-5b9c-42be-8490-b061a6821396","pg","da95f7f1-812d-46d4-bfa6-ad93e3c983e6","PENDINGAPPROVAL","APPROVAL_INPROGRESS",NULL,False,False,False,"1723f919-bcce-4f6f-a135-4757075c5c27","1744621912674","c8d9141d-b3f3-41e3-bc1f-649af40dee6a","1747300462548",398,False
"bef6cbc1-4102-4f04-98a5-c3222b332e4b","pg","b343dcef-68f1-4a86-9825-d1b7d458cd44","PENDINGFORREASSIGNMENT","PENDINGFORREASSIGNMENT",NULL,False,False,False,"a4a0d5a5-2edc-4c3d-bf97-5fdd1f88cbaa","1743096378513","a4a0d5a5-2edc-4c3d-bf97-5fdd1f88cbaa","1743096378513",25,False
"c06078ca-e89e-4dc7-b3fe-2dab9dbb4655","pg.citya","28050927-9e2c-4ebd-afca-1c67d72e5f77",NULL,"INITIATED",NULL,False,True,False,"1723f919-bcce-4f6f-a135-4757075c5c27","1743483264461","1723f919-bcce-4f6f-a135-4757075c5c27","1743483264461",39,True
"c08aac0f-2c4e-41d4-ab83-65fd916cb295","pg","73a1bc6f-8d57-4e84-b5a3-e3b5ea126725","PENDING_FOR_CITIZEN_ACTION","INWORKFLOW",NULL,False,False,False,"1723f919-bcce-4f6f-a135-4757075c5c27","1745170781516","1723f919-bcce-4f6f-a135-4757075c5c27","1750320098459",607,True
"c0f87817-051d-4bb8-a996-9da624fb691d","pg.citya","58d3bdfb-e1f9-40d8-bd04-88d65af3c0eb","APPROVED","APPROVED",NULL,False,False,False,"1723f919-bcce-4f6f-a135-4757075c5c27","1743483264461","1723f919-bcce-4f6f-a135-4757075c5c27","1743483264461",64,False
"c14ce794-76d2-4266-b1e5-4cb552b07ba0","pg.citya","ad41ee60-a3ca-4783-92c9-6f83668401dc","PENDING_FOR_PAYMENT","PENDING_FOR_PAYMENT","43200000",False,False,False,"d14f1116-6b07-4345-9db9-820d2e85daa0","1750331517050","d14f1116-6b07-4345-9db9-820d2e85daa0","1750331517050",1038,False
"c179b5f1-950b-4367-9cfc-03817d36e3a5","pg.citya","979c1920-32ed-4337-8e56-60d9ccec24ec",NULL,NULL,NULL,False,True,False,"11b0e02b-0145-4de2-bc42-c97b96264807","1746620314146","11b0e02b-0145-4de2-bc42-c97b96264807","1746620314146",636,True
"c20d9ae1-c4d8-4752-8eeb-176cb24623cf","pg","d027138a-517e-4a03-a2ca-d471c093b171","FIELDINSPECTION_PENDING","FIELDINSPECTION_INPROGRESS",NULL,False,False,False,"1723f919-bcce-4f6f-a135-4757075c5c27","1744621900491","c8d9141d-b3f3-41e3-bc1f-649af40dee6a","1747300294366",381,False
"c210b3b1-3a5a-457b-9c29-aad553a2c3dc","pg","97092661-77f6-47a2-9397-d6f450397617","CANCELED","CANCELED",NULL,False,False,True,"5130f2e3-efc1-401a-94fb-b9e60d9fa17d","1744197661636","5130f2e3-efc1-401a-94fb-b9e60d9fa17d","1744197661636",304,False
"c2fa000b-2dfa-4502-8bae-b553bb947944","pg.citya","58d3bdfb-e1f9-40d8-bd04-88d65af3c0eb",NULL,NULL,NULL,False,True,False,"1723f919-bcce-4f6f-a135-4757075c5c27","1743483264461","1723f919-bcce-4f6f-a135-4757075c5c27","1743483264461",57,False
"c3212867-f63a-43b9-b0fd-1101065ab3c7","pg.citya","28050927-9e2c-4ebd-afca-1c67d72e5f77","APPROVED","APPROVED",NULL,False,False,True,"1723f919-bcce-4f6f-a135-4757075c5c27","1743483264461","1723f919-bcce-4f6f-a135-4757075c5c27","1743483264461",42,False
"c34ad474-bfe5-45aa-9882-a78514d72682","pg","d027138a-517e-4a03-a2ca-d471c093b171","PENDINGAPPROVAL","APPROVAL_INPROGRESS",NULL,False,False,False,"1723f919-bcce-4f6f-a135-4757075c5c27","1744621900491","c8d9141d-b3f3-41e3-bc1f-649af40dee6a","1747300294366",383,False
"c3dcc58a-0737-49bf-b447-f0bab6f929f9","pg.citya","0e0739fc-882a-444e-9c18-28c65ba33fca","PENDINGAPPROVAL","PENDINGAPPROVAL","43200000",False,False,False,"3709110a-4b1d-49a4-b639-95b689a86aa5","1743501511811","c8d9141d-b3f3-41e3-bc1f-649af40dee6a","1747303229636",176,False
"c45d372c-7fb3-43ea-bb9d-4135211768b5","pg.citya","5efaa4c5-f329-4c75-8e73-4d1ed5e069de","PENDING_DSO_APPROVAL","PENDING_DSO_APPROVAL",NULL,False,False,False,"5130f2e3-efc1-401a-94fb-b9e60d9fa17d","1746620465019","5130f2e3-efc1-401a-94fb-b9e60d9fa17d","1746620465019",667,True
"c4c377f0-bda8-4324-908a-8c9c84d23c69","pg","cc572490-fe84-4e1a-b7a8-c91709e66ef6","PENDINGAPPROVAL","PENDINGAPPROVAL","43200000",False,False,False,"1723f919-bcce-4f6f-a135-4757075c5c27","1744621746981","c8d9141d-b3f3-41e3-bc1f-649af40dee6a","1747303115855",358,False
"c4ea5456-ae74-4e58-9b90-977eecb97208","pg","a35da505-55ef-4bf0-a52c-48a086d20d73","COMPLETED","COMPLETED",NULL,False,False,True,"11b0e02b-0145-4de2-bc42-c97b96264807","1744197648205","11b0e02b-0145-4de2-bc42-c97b96264807","1744197648205",292,False
"c5e58901-67e0-415c-81ee-4bb4de31f17b","pg","da95f7f1-812d-46d4-bfa6-ad93e3c983e6","PENDING_SANC_FEE_PAYMENT","PENDING_SANC_FEE_PAYMENT",NULL,False,False,False,"1723f919-bcce-4f6f-a135-4757075c5c27","1744621912674","c8d9141d-b3f3-41e3-bc1f-649af40dee6a","1747300462548",399,False
"c6b6a416-0683-4525-a6e0-7da55f91b77e","pg.citya","a7b81d5f-d1b4-4b76-8310-db1bd42a76d7","FIELDVERIFIED","INWORKFLOW","432000000",False,False,False,"3709110a-4b1d-49a4-b639-95b689a86aa5","1743506463523","c8d9141d-b3f3-41e3-bc1f-649af40dee6a","1747221963724",195,False
"c6ec91e9-cc27-432f-8488-e28ce18b234b","pg","ea71ddec-05bc-432c-90a8-1c276b6d185e","OPEN","INWORKFLOW",NULL,False,True,False,"919f4168-223a-4ea9-8d27-9a9e27e672bd","1743070107121","c8d9141d-b3f3-41e3-bc1f-649af40dee6a","1747894463358",2,True
"c730fe35-a01c-4fda-b475-f3ee2f48d5d3","pg.citya","4119190b-4b04-4609-8571-e5653e96ca5b","REJECTED","REJECTED",NULL,False,False,True,"3709110a-4b1d-49a4-b639-95b689a86aa5","1743501511811","c8d9141d-b3f3-41e3-bc1f-649af40dee6a","1747225208046",108,False
"c774f37f-4e7b-4408-b2f5-d731b8921b12","pg.citya","6b68a2a2-45f9-4101-92e7-fdd62fcefbb5","APPROVED","APPROVED",NULL,False,False,True,"1723f919-bcce-4f6f-a135-4757075c5c27","1743483264461","1723f919-bcce-4f6f-a135-4757075c5c27","1743483264461",47,False
"c90bef0c-d588-42bf-8cbb-40f0dd26df32","pg.citya","ea74d6c5-5b34-410f-ba87-ac874dbab86b",NULL,"INITIATED",NULL,False,True,False,"1723f919-bcce-4f6f-a135-4757075c5c27","1743485624550","1723f919-bcce-4f6f-a135-4757075c5c27","1743485624550",92,True
"ca682e41-7087-4577-b0e3-f1b5a62bb477","pg","3e986067-4686-41d4-95d2-48b11475c8bd","PENDINGAPPROVAL","PENDINGAPPROVAL","43200000",False,False,False,"1723f919-bcce-4f6f-a135-4757075c5c27","1744621972446","c8d9141d-b3f3-41e3-bc1f-649af40dee6a","1747303289822",427,False
"ca6cfce2-eb83-4a23-b8ba-1da5e5cad70a","pg.citya","7c33d4ed-e749-4f04-9422-b44b4684d2da","AUTO_APPROVED","AUTO_APPROVED",NULL,False,False,True,"1723f919-bcce-4f6f-a135-4757075c5c27","1743483264461","1723f919-bcce-4f6f-a135-4757075c5c27","1743483264461",52,False
"ca807d31-6741-4995-9a0a-f5c830e95cbc","pg","30980eed-6094-4074-a2b6-3cb5bac7b6a0","INITIATED","INITIATED",NULL,False,False,False,"1723f919-bcce-4f6f-a135-4757075c5c27","1745170757723","1723f919-bcce-4f6f-a135-4757075c5c27","1745170757723",588,True
"ca8a7f61-06f8-446e-8080-7f90e765f4e3","pg.citya","6b07af8a-7e0c-4ba1-bb27-65c9a0aeb207",NULL,NULL,NULL,False,True,False,"3709110a-4b1d-49a4-b639-95b689a86aa5","1743501511811","c8d9141d-b3f3-41e3-bc1f-649af40dee6a","1747299813060",142,False
"ca94d99e-f062-4b32-83fb-2b7135de2013","pg","6693a900-6df6-4802-96a7-4dc096936eaf","APPROVED","APPROVED",NULL,False,False,True,"1723f919-bcce-4f6f-a135-4757075c5c27","1745170704298","1723f919-bcce-4f6f-a135-4757075c5c27","1745170704298",560,False
"cb4916b9-6d64-430c-be79-7de902b79979","pg","cc572490-fe84-4e1a-b7a8-c91709e66ef6","PENDINGDOCVERIFICATION","PENDINGDOCVERIFICATION",NULL,False,False,False,"1723f919-bcce-4f6f-a135-4757075c5c27","1744621746981","c8d9141d-b3f3-41e3-bc1f-649af40dee6a","1747303115855",356,False
"cba43805-34a0-47e9-8369-bb7a1a35060c","pg","97092661-77f6-47a2-9397-d6f450397617","REJECTED","REJECTED",NULL,False,False,True,"5130f2e3-efc1-401a-94fb-b9e60d9fa17d","1744197661636","5130f2e3-efc1-401a-94fb-b9e60d9fa17d","1744197661636",303,False
"cbc5bfc6-2d31-44f0-9b09-42f19ceca5fe","pg","6693a900-6df6-4802-96a7-4dc096936eaf","INITIATED","INITIATED",NULL,False,False,False,"1723f919-bcce-4f6f-a135-4757075c5c27","1745170704298","1723f919-bcce-4f6f-a135-4757075c5c27","1745170704298",557,True
"cc8d126d-d380-49d2-ae9a-d94d187ed730","pg.citya","a511d0e1-b7eb-44b2-9a66-6f6e76d65ec3",NULL,NULL,NULL,False,True,False,"5130f2e3-efc1-401a-94fb-b9e60d9fa17d","1746620274309","5130f2e3-efc1-401a-94fb-b9e60d9fa17d","1746620274309",626,True
"cd06e836-9e91-4c51-b46d-37d2a99323a6","pg.citya","a7b81d5f-d1b4-4b76-8310-db1bd42a76d7","PAID","INWORKFLOW","432000000",False,False,False,"3709110a-4b1d-49a4-b639-95b689a86aa5","1743506463523","c8d9141d-b3f3-41e3-bc1f-649af40dee6a","1747221963724",196,False
"cd2766c9-a232-4725-8732-d0d06649a088","pg","e849a68d-93f0-4e6e-9694-451b1b1e32d5","PENDING_FOR_COUNTER_EMPLOYEE_ACTION","PENDING_FOR_COUNTER_EMPLOYEE_ACTION",NULL,False,True,False,"1723f919-bcce-4f6f-a135-4757075c5c27","1745170711814","1723f919-bcce-4f6f-a135-4757075c5c27","1750320234575",567,True
"cdb6a898-e8a5-41e2-b7ed-a971ed72e795","pg.citya","a511d0e1-b7eb-44b2-9a66-6f6e76d65ec3","COMPLETED","COMPLETED",NULL,False,False,True,"5130f2e3-efc1-401a-94fb-b9e60d9fa17d","1746620274309","5130f2e3-efc1-401a-94fb-b9e60d9fa17d","1746620274309",633,False
"ce6be08e-d6fa-4411-8cd1-db589ef2ec2d","pg.citya","61692547-0453-4d2d-a696-f272c03c3731","CITIZENACTIONREQUIRED","CITIZENACTIONREQUIRED",NULL,False,False,False,"1723f919-bcce-4f6f-a135-4757075c5c27","1743484407631","c8d9141d-b3f3-41e3-bc1f-649af40dee6a","1747222452265",89,True
"cee99001-8032-49bc-9abb-8a0707e6f2e2","pg.citya","491b502c-0b7f-4659-980d-934eb3ee2c84","FIELDINSPECTION","FIELDINSPECTION",NULL,False,False,False,"1723f919-bcce-4f6f-a135-4757075c5c27","1743484407631","c8d9141d-b3f3-41e3-bc1f-649af40dee6a","1747222345985",75,True
"ceee1a26-ba3e-41c5-ac69-90a49b9d6566","pg.citya","72fc7f2b-f4ce-40c9-8f30-d1e681dec3a2","PENDING_FOR_DISCONNECTION_EXECUTION","PENDING_FOR_DISCONNECTION_EXECUTION",NULL,False,False,False,"d14f1116-6b07-4345-9db9-820d2e85daa0","1750331545883","d14f1116-6b07-4345-9db9-820d2e85daa0","1750331545883",1055,True
"cf33d6f0-43e1-4ff6-82f4-522544d52006","pg","a35da505-55ef-4bf0-a52c-48a086d20d73","CREATED","CREATED",NULL,False,False,False,"11b0e02b-0145-4de2-bc42-c97b96264807","1744197648205","11b0e02b-0145-4de2-bc42-c97b96264807","1744197648205",284,True
"cf3ad282-36be-4547-a902-59bc56c57d62","pg.citya","e7d23620-da9f-44d4-8e27-870d2a143a96","WAITING_FOR_DISPOSAL","WAITING_FOR_DISPOSAL",NULL,False,True,False,"3903e096-3b9f-43a5-b5f0-4c37079d6cd5","1746620373694","3903e096-3b9f-43a5-b5f0-4c37079d6cd5","1746620373694",661,NULL
"d00f5874-3e67-41c3-9009-be30729832e1","pg.citya","6b07af8a-7e0c-4ba1-bb27-65c9a0aeb207","PENDINGAPPROVAL","PENDINGAPPROVAL","43200000",False,False,False,"3709110a-4b1d-49a4-b639-95b689a86aa5","1743501511811","c8d9141d-b3f3-41e3-bc1f-649af40dee6a","1747299813060",146,False
"d0844b0b-3934-4648-852c-1b62e2207999","pg","0ab34fa0-9b83-4b29-94fa-bf6c5a49f6b8","CONNECTION_ACTIVATED","CONNECTION_ACTIVATED",NULL,False,False,True,"1723f919-bcce-4f6f-a135-4757075c5c27","1745170748360","1723f919-bcce-4f6f-a135-4757075c5c27","1750319946627",586,False
"d0af3d24-926e-488a-9d72-2ac734adcbd3","pg.citya","5efaa4c5-f329-4c75-8e73-4d1ed5e069de","ASSING_DSO","ASSING_DSO",NULL,False,False,False,"5130f2e3-efc1-401a-94fb-b9e60d9fa17d","1746620465019","5130f2e3-efc1-401a-94fb-b9e60d9fa17d","1746620465019",666,True
"d0af6a1e-289f-4cea-a9e8-790e5a4c1347","pg","da95f7f1-812d-46d4-bfa6-ad93e3c983e6","INITIATED","INPROGRESS",NULL,False,False,False,"1723f919-bcce-4f6f-a135-4757075c5c27","1744621912674","c8d9141d-b3f3-41e3-bc1f-649af40dee6a","1747300462548",393,False
"d21da279-b1cc-4ba0-a7b2-55fcd7e2d356","pg.citya","4119190b-4b04-4609-8571-e5653e96ca5b",NULL,NULL,NULL,False,True,False,"3709110a-4b1d-49a4-b639-95b689a86aa5","1743501511811","c8d9141d-b3f3-41e3-bc1f-649af40dee6a","1747225208046",97,True
"d263942e-39d3-49be-bcf9-78f73811f940","pg.citya","8f035da0-cb06-45d5-b46a-bbb072765aae","INITIATED","INPROGRESS",NULL,False,False,False,"1723f919-bcce-4f6f-a135-4757075c5c27","1743483264461","1723f919-bcce-4f6f-a135-4757075c5c27","1743483264461",54,False
"d2fa2d51-e9e7-4721-a875-edcc0cb2c1b3","pg","601b4c9b-b61a-47e0-a175-2909e713a003","REJECTED","REJECTED",NULL,False,False,True,"1723f919-bcce-4f6f-a135-4757075c5c27","1745170768730","1723f919-bcce-4f6f-a135-4757075c5c27","1750320031573",599,False
"d336a50e-0807-4f5b-9525-f9f30e4c49e9","pg","ee9d1dbc-d6f1-4fd6-b91d-d67fd0e25b4d","PENDINGPAYMENT","PENDINGPAYMENT",NULL,False,False,False,"1723f919-bcce-4f6f-a135-4757075c5c27","1745170648438","1723f919-bcce-4f6f-a135-4757075c5c27","1745170648438",537,False
"d36b84be-c64e-4beb-9707-362e1cedb800","pg.citya","61692547-0453-4d2d-a696-f272c03c3731","PENDINGAPPROVAL","PENDINGAPPROVAL","43200000",False,False,False,"1723f919-bcce-4f6f-a135-4757075c5c27","1743484407631","c8d9141d-b3f3-41e3-bc1f-649af40dee6a","1747222452265",85,False
"d4d4a3bd-ce31-4c88-80d2-ae9a11febb6f","pg.citya","9b0e880c-5293-47d6-b9bb-f4a250884577","SUBMITTED","SUBMITTED",NULL,False,False,True,"5130f2e3-efc1-401a-94fb-b9e60d9fa17d","1746620493337","5130f2e3-efc1-401a-94fb-b9e60d9fa17d","1746620493337",678,False
"d5375dbb-2721-46ae-bdb8-b8786a82ba3f","pg","6693a900-6df6-4802-96a7-4dc096936eaf","PENDING_FOR_APPROVAL","PENDING_FOR_APPROVAL","86400000",False,False,False,"1723f919-bcce-4f6f-a135-4757075c5c27","1745170704298","1723f919-bcce-4f6f-a135-4757075c5c27","1745170704298",558,False
"d5a2b9b4-fd02-4384-8765-65a9f0ca471c","pg.citya","5426b2ad-f6ca-4e30-a9f8-a7a743f86b75","PENDING_FOR_DOCUMENT_VERIFICATION","PENDING_FOR_DOCUMENT_VERIFICATION",NULL,False,False,False,"d14f1116-6b07-4345-9db9-820d2e85daa0","1750331436198","d14f1116-6b07-4345-9db9-820d2e85daa0","1750331436198",1022,True
"d5a4f8c8-8e91-40a3-9868-802b556b18e2","pg","7de13989-75d7-468d-b05a-36d16ccae18a","ASSING_DSO","ASSING_DSO",NULL,False,False,False,"5130f2e3-efc1-401a-94fb-b9e60d9fa17d","1744197702516","5130f2e3-efc1-401a-94fb-b9e60d9fa17d","1744197702516",313,True
"d5b89c3b-f77e-40ed-9846-b6bbaac50805","pg","a35da505-55ef-4bf0-a52c-48a086d20d73","DSO_INPROGRESS","DSO_INPROGRESS",NULL,False,False,False,"11b0e02b-0145-4de2-bc42-c97b96264807","1744197648205","11b0e02b-0145-4de2-bc42-c97b96264807","1744197648205",288,True
"d675ddbf-1716-4678-9bb5-4159e872b4d5","pg","b343dcef-68f1-4a86-9825-d1b7d458cd44","CLOSEDAFTERREJECTION","CLOSEDAFTERREJECTION",NULL,False,False,True,"a4a0d5a5-2edc-4c3d-bf97-5fdd1f88cbaa","1743096378513","a4a0d5a5-2edc-4c3d-bf97-5fdd1f88cbaa","1743096378513",29,False
"d70bab3d-4672-4641-b30a-173aa4f7ea8b","pg","5506e26b-b69d-4eb8-a836-9377408f13d5","CORRECTIONPENDING","INWORKFLOW",NULL,False,False,False,"919f4168-223a-4ea9-8d27-9a9e27e672bd","1743070107121","c8d9141d-b3f3-41e3-bc1f-649af40dee6a","1747291813744",14,True
"d71fbff9-f39c-420b-8b32-f9d8a5ddc50b","pg.citya","5b008a43-2cb5-4d4d-b5bb-fcd0f65a8c8b","REJECTED","REJECTED",NULL,False,False,True,"3903e096-3b9f-43a5-b5f0-4c37079d6cd5","1746620241301","3903e096-3b9f-43a5-b5f0-4c37079d6cd5","1746620241301",623,False
"d7b07991-e4d0-4211-b41a-3714bc500c85","pg.citya","979c1920-32ed-4337-8e56-60d9ccec24ec","CANCELED","CANCELED",NULL,False,False,True,"11b0e02b-0145-4de2-bc42-c97b96264807","1746620314146","11b0e02b-0145-4de2-bc42-c97b96264807","1746620314146",647,False
"d835de7e-6cdf-4c1b-ac71-57fd699f375d","pg.citya","0639ccd3-26e4-45b4-be62-2029317dfb67","PENDING_DSO_APPROVAL","PENDING_DSO_APPROVAL",NULL,False,False,False,"5130f2e3-efc1-401a-94fb-b9e60d9fa17d","1746620339237","5130f2e3-efc1-401a-94fb-b9e60d9fa17d","1746620339237",654,True
"d8fd10e9-dc38-482b-9407-66d0a1e0e235","pg","d027138a-517e-4a03-a2ca-d471c093b171","PENDING_FEE_PAYMENT","PENDING_FEE",NULL,False,False,False,"1723f919-bcce-4f6f-a135-4757075c5c27","1744621900491","c8d9141d-b3f3-41e3-bc1f-649af40dee6a","1747300294366",379,False
"d9bb0214-ec55-4dc0-8f84-94ee5bc1996b","pg.citya","5426b2ad-f6ca-4e30-a9f8-a7a743f86b75","PENDING_FOR_COUNTER_EMPLOYEE_ACTION","PENDING_FOR_COUNTER_EMPLOYEE_ACTION",NULL,False,True,False,"d14f1116-6b07-4345-9db9-820d2e85daa0","1750331436198","d14f1116-6b07-4345-9db9-820d2e85daa0","1750331436198",1026,True
"da877bd3-7e3d-4fae-8e76-6d1054aa32bb","pg.citya","a7b81d5f-d1b4-4b76-8310-db1bd42a76d7","REJECTED","INACTIVE",NULL,False,False,True,"3709110a-4b1d-49a4-b639-95b689a86aa5","1743506463523","c8d9141d-b3f3-41e3-bc1f-649af40dee6a","1747221963724",197,False
"daa73f2f-b453-44b4-8de7-69696cd2bd9f","pg","e2da0963-ea85-4cf8-bf2a-bd0c217117a7","VOIDED","VOIDED",NULL,False,False,True,"1723f919-bcce-4f6f-a135-4757075c5c27","1745170635449","1723f919-bcce-4f6f-a135-4757075c5c27","1745170635449",529,False
"db886417-8d39-4ccc-9a6c-aee6348f185a","pg","3ce59e63-7fa9-4971-9515-d571abfbd957","PENDING_SANC_FEE_PAYMENT","PENDING_SANC_FEE_PAYMENT",NULL,False,False,False,"1723f919-bcce-4f6f-a135-4757075c5c27","1744621887819","c8d9141d-b3f3-41e3-bc1f-649af40dee6a","1747300190538",369,False
"dbc31524-f562-4a2d-a0a5-706b69de0736","pg","e849a68d-93f0-4e6e-9694-451b1b1e32d5","PENDING_FOR_CITIZEN_ACTION","PENDING_FOR_CITIZEN_ACTION",NULL,False,False,False,"1723f919-bcce-4f6f-a135-4757075c5c27","1745170711814","1723f919-bcce-4f6f-a135-4757075c5c27","1750320234575",566,True
"dbc78242-195e-455f-ada3-10341344876d","pg.citya","4119190b-4b04-4609-8571-e5653e96ca5b","BACK_FROM_DOC_VERIFICATION","CITIZEN_ACTION_PENDING_AT_DOC_VERIF",NULL,False,False,False,"3709110a-4b1d-49a4-b639-95b689a86aa5","1743501511811","c8d9141d-b3f3-41e3-bc1f-649af40dee6a","1747225208046",109,True
"dc003af8-ca6f-4652-b759-bfdf506b76f7","pg.citya","0639ccd3-26e4-45b4-be62-2029317dfb67","DSO_REJECTED","DSO_REJECTED",NULL,False,False,False,"5130f2e3-efc1-401a-94fb-b9e60d9fa17d","1746620339237","5130f2e3-efc1-401a-94fb-b9e60d9fa17d","1746620339237",652,True
"dc747424-0d11-45e7-a83b-4b2a7618c995","pg.citya","80c44e31-1a10-4ae4-9ee7-3fa714089b1b","APPROVED","APPROVED",NULL,False,False,True,"d14f1116-6b07-4345-9db9-820d2e85daa0","1750331535903","d14f1116-6b07-4345-9db9-820d2e85daa0","1750331535903",1045,False
"dd5f4830-8dec-4c67-8695-15b0bd08313f","pg","ea71ddec-05bc-432c-90a8-1c276b6d185e","FIELDVERIFIED","INWORKFLOW",NULL,False,False,False,"919f4168-223a-4ea9-8d27-9a9e27e672bd","1743070107121","c8d9141d-b3f3-41e3-bc1f-649af40dee6a","1747894463358",4,False
"dd709151-7dab-475d-bdf5-a58babdf92af","pg","7de13989-75d7-468d-b05a-36d16ccae18a","DSO_REJECTED","DSO_REJECTED",NULL,False,False,False,"5130f2e3-efc1-401a-94fb-b9e60d9fa17d","1744197702516","5130f2e3-efc1-401a-94fb-b9e60d9fa17d","1744197702516",315,True
"dfa360d5-2d31-44e4-82a2-a07aeccf5faa","pg","cc572490-fe84-4e1a-b7a8-c91709e66ef6","REJECTED","REJECTED",NULL,False,False,True,"1723f919-bcce-4f6f-a135-4757075c5c27","1744621746981","c8d9141d-b3f3-41e3-bc1f-649af40dee6a","1747303115855",357,False
"dfd5c73d-8203-4872-b7cb-b2ffe5da4374","pg.citya","80c44e31-1a10-4ae4-9ee7-3fa714089b1b","REJECTED","REJECTED",NULL,False,False,True,"d14f1116-6b07-4345-9db9-820d2e85daa0","1750331535903","d14f1116-6b07-4345-9db9-820d2e85daa0","1750331535903",1044,False
"dfd626e5-7222-4a33-98a8-0a7fef1b1cc5","pg","0ab34fa0-9b83-4b29-94fa-bf6c5a49f6b8",NULL,NULL,NULL,False,True,False,"1723f919-bcce-4f6f-a135-4757075c5c27","1745170748360","1723f919-bcce-4f6f-a135-4757075c5c27","1750319946627",577,False
"dfea0ba8-ade6-4124-b349-717b2998116f","pg","d027138a-517e-4a03-a2ca-d471c093b171","BACK_FROM_DOC_VERIFICATION","CITIZEN_ACTION_PENDING_AT_DOC_VERIF",NULL,False,False,False,"1723f919-bcce-4f6f-a135-4757075c5c27","1744621900491","c8d9141d-b3f3-41e3-bc1f-649af40dee6a","1747300294366",387,True
"e08f4948-5a5a-4728-aeac-8f6057d4e66e","pg.citya","f72c4a22-ef79-4d3e-a9f0-774a63b67e8a","PENDINGPAYMENT","PENDINGPAYMENT",NULL,False,True,False,"1723f919-bcce-4f6f-a135-4757075c5c27","1743484407631","c8d9141d-b3f3-41e3-bc1f-649af40dee6a","1747222194863",69,True
"e0f30178-c184-4387-9535-7443483dcd0d","pg.citya","5426b2ad-f6ca-4e30-a9f8-a7a743f86b75","DISCONNECTION_EXECUTED","DISCONNECTION_EXECUTED",NULL,False,False,True,"d14f1116-6b07-4345-9db9-820d2e85daa0","1750331436198","d14f1116-6b07-4345-9db9-820d2e85daa0","1750331436198",1030,False
"e10f28ca-8fd5-46a3-a0d4-9bccb636d469","pg","11b3ca26-af4e-47cb-b7c7-5fde995e3623","PENDING_FOR_CONNECTION_ACTIVATION","PENDING_FOR_CONNECTION_ACTIVATION",NULL,False,False,False,"1723f919-bcce-4f6f-a135-4757075c5c27","1745170689502","1723f919-bcce-4f6f-a135-4757075c5c27","1750320158669",554,True
"e50309f2-4c35-469f-84bd-1a91e838b947","pg","3e986067-4686-41d4-95d2-48b11475c8bd","APPROVED","APPROVED",NULL,False,False,True,"1723f919-bcce-4f6f-a135-4757075c5c27","1744621972446","c8d9141d-b3f3-41e3-bc1f-649af40dee6a","1747303289822",428,False
"e6153c00-1671-4c61-846e-5d43944bbf77","pg","97092661-77f6-47a2-9397-d6f450397617",NULL,NULL,NULL,False,True,False,"5130f2e3-efc1-401a-94fb-b9e60d9fa17d","1744197661636","5130f2e3-efc1-401a-94fb-b9e60d9fa17d","1744197661636",295,True
"e72a5087-a919-4dc0-9d44-cbce52b52bcc","pg.citya","5b008a43-2cb5-4d4d-b5bb-fcd0f65a8c8b","CITIZEN_FEEDBACK_PENDING","CITIZEN_FEEDBACK_PENDING",NULL,False,False,False,"3903e096-3b9f-43a5-b5f0-4c37079d6cd5","1746620241301","3903e096-3b9f-43a5-b5f0-4c37079d6cd5","1746620241301",625,False
"e7546894-9ef0-49e0-ab73-f7fae5b807b5","pg","4a4755e7-9d32-4fc8-8545-384074d71a5f","PENDING_FOR_VERIFICATION","SUBMITTED","172800000",False,False,False,"b43b260c-f620-45d3-a43f-f53148f87f15","1759748358987","b43b260c-f620-45d3-a43f-f53148f87f15","1759748358987",1093,True
"e82a66ad-f102-47b7-9859-ef9f57626fa8","pg","d7f70200-e91c-405d-88a3-92969fae5b9f","PENDING_FOR_CITIZEN_ACTION","INWORKFLOW",NULL,False,False,False,"1723f919-bcce-4f6f-a135-4757075c5c27","1745170721050","1723f919-bcce-4f6f-a135-4757075c5c27","1750320275276",576,True
"e8c3259a-7710-4307-8382-7b6a70688198","pg.citya","72fc7f2b-f4ce-40c9-8f30-d1e681dec3a2","PENDING_APPROVAL_FOR_DISCONNECTION","PENDING_APPROVAL_FOR_DISCONNECTION",NULL,False,False,False,"d14f1116-6b07-4345-9db9-820d2e85daa0","1750331545883","d14f1116-6b07-4345-9db9-820d2e85daa0","1750331545883",1050,False
"e8e82a7c-c276-4bb0-8729-07157a7a488b","pg","da95f7f1-812d-46d4-bfa6-ad93e3c983e6",NULL,NULL,NULL,False,True,False,"1723f919-bcce-4f6f-a135-4757075c5c27","1744621912674","c8d9141d-b3f3-41e3-bc1f-649af40dee6a","1747300462548",390,True
"e9170710-4517-4355-aa56-1e0a3ce638ca","pg","f7329b4a-c3cf-4587-9ffa-e439bf8d9c58",NULL,"INWORKFLOW","432000000",False,True,False,"919f4168-223a-4ea9-8d27-9a9e27e672bd","1743070107121","c8d9141d-b3f3-41e3-bc1f-649af40dee6a","1747291928326",15,False
"e945badf-68ba-462d-8dcc-dd36c4fba195","pg.citya","b76082e4-40b1-43aa-9434-17b243e16618","APPROVED","APPROVED",NULL,False,False,True,"3709110a-4b1d-49a4-b639-95b689a86aa5","1743501511811","c8d9141d-b3f3-41e3-bc1f-649af40dee6a","1747302921144",159,False
"e9a55aad-d3d9-4c8b-b4bd-88e8bb3f6c28","pg","13825637-e367-4cc5-a7b7-333924a383eb","AUTO_APPROVED","AUTO_APPROVED",NULL,False,False,True,"1723f919-bcce-4f6f-a135-4757075c5c27","1745170642694","1723f919-bcce-4f6f-a135-4757075c5c27","1745170642694",534,False
"e9cc1780-ed01-4bce-ac0f-978ff96e359b","pg","da95f7f1-812d-46d4-bfa6-ad93e3c983e6","BACK_FROM_DOC_VERIFICATION","CITIZEN_ACTION_PENDING_AT_DOC_VERIF",NULL,False,False,False,"1723f919-bcce-4f6f-a135-4757075c5c27","1744621912674","c8d9141d-b3f3-41e3-bc1f-649af40dee6a","1747300462548",402,True
"ea4846b4-2063-4431-85af-6776982deced","pg","5506e26b-b69d-4eb8-a836-9377408f13d5","REJECTED","INACTIVE",NULL,False,False,True,"919f4168-223a-4ea9-8d27-9a9e27e672bd","1743070107121","c8d9141d-b3f3-41e3-bc1f-649af40dee6a","1747291813744",12,False
"ea5eda78-9d77-4442-b11f-373f83485ec5","pg.citya","a7b81d5f-d1b4-4b76-8310-db1bd42a76d7",NULL,"INWORKFLOW","432000000",False,True,False,"3709110a-4b1d-49a4-b639-95b689a86aa5","1743506463523","c8d9141d-b3f3-41e3-bc1f-649af40dee6a","1747221963724",192,False
"ea712723-bf0c-41bc-a2f2-4500b9cc97cc","pg.citya","5f1412d2-ae8f-45f4-9e26-045eb4b81433","PENDINGAPPROVAL","PENDINGAPPROVAL","43200000",False,False,False,"3709110a-4b1d-49a4-b639-95b689a86aa5","1743501511811","c8d9141d-b3f3-41e3-bc1f-649af40dee6a","1747303159965",170,False
"eab5b3a5-c9da-4ff3-819a-56cfcf0be3fa","pg.citya","28050927-9e2c-4ebd-afca-1c67d72e5f77","INITIATED","INPROGRESS",NULL,False,False,False,"1723f919-bcce-4f6f-a135-4757075c5c27","1743483264461","1723f919-bcce-4f6f-a135-4757075c5c27","1743483264461",40,False
"eb2fd607-bad0-4abb-a39d-1bce2e1da2c1","pg.citya","58d3bdfb-e1f9-40d8-bd04-88d65af3c0eb","DOCUMENTVERIFY","DOCUMENTVERIFY","86400000",False,False,False,"1723f919-bcce-4f6f-a135-4757075c5c27","1743483264461","1723f919-bcce-4f6f-a135-4757075c5c27","1743483264461",60,False
"eb37d399-5341-4b42-9334-dff014169adb","pg.cityb","200de84f-9503-4d0b-a3f2-6780fc0d2897","SUBMITTED","SUBMITTED",NULL,False,False,True,"5130f2e3-efc1-401a-94fb-b9e60d9fa17d","1748348009641","5130f2e3-efc1-401a-94fb-b9e60d9fa17d","1748348009641",942,False
"eb7e284a-68bd-42b0-a31c-f6e71e30b268","pg","767feec3-12a8-433c-8c6c-622dac620a83","INITIATED","INPROGRESS",NULL,False,False,False,"1723f919-bcce-4f6f-a135-4757075c5c27","1745170626068","1723f919-bcce-4f6f-a135-4757075c5c27","1745170626068",523,False
"ebade42d-cc6a-4794-8584-06dc6e121961","pg.cityb","200de84f-9503-4d0b-a3f2-6780fc0d2897",NULL,NULL,NULL,True,True,False,"5130f2e3-efc1-401a-94fb-b9e60d9fa17d","1748348009641","5130f2e3-efc1-401a-94fb-b9e60d9fa17d","1748348009641",938,True
"ebc60d6b-764a-4967-96cf-6b8b3e4c8ae8","pg.citya","bb95d434-7e8a-4406-9db5-418ed4c6c6e0","PENDING_FEE_PAYMENT","PENDING_FEE",NULL,False,False,False,"3709110a-4b1d-49a4-b639-95b689a86aa5","1743501511811","c8d9141d-b3f3-41e3-bc1f-649af40dee6a","1747227433277",116,False
"ebff7b86-1cc5-4777-9084-b9dff05cf200","pg","0ab34fa0-9b83-4b29-94fa-bf6c5a49f6b8","REJECTED","REJECTED",NULL,False,False,True,"1723f919-bcce-4f6f-a135-4757075c5c27","1745170748360","1723f919-bcce-4f6f-a135-4757075c5c27","1750319946627",581,False
"ec38c3b4-65c6-4144-b3d7-d84b32f6b1b1","pg","a5d1baa4-6d6b-4fe9-830d-21b08c2f0b1b","INITIATED","INPROGRESS",NULL,False,False,False,"1723f919-bcce-4f6f-a135-4757075c5c27","1745170615341","1723f919-bcce-4f6f-a135-4757075c5c27","1745170615341",518,False
"ecdb6d60-0772-4510-917b-341c02f952e1","pg","601b4c9b-b61a-47e0-a175-2909e713a003","PENDING_FOR_COUNTER_EMPLOYEE_ACTION","PENDING_FOR_COUNTER_EMPLOYEE_ACTION",NULL,False,True,False,"1723f919-bcce-4f6f-a135-4757075c5c27","1745170768730","1723f919-bcce-4f6f-a135-4757075c5c27","1750320031573",598,True
"ed18af3f-d9a5-4b63-9b32-34afe165e42d","pg","18311687-f9b2-4c5f-ae1a-c7861a9463e1","CREATED","CREATED",NULL,False,False,False,"3903e096-3b9f-43a5-b5f0-4c37079d6cd5","1744197611210","3903e096-3b9f-43a5-b5f0-4c37079d6cd5","1744197611210",263,True
"ed18ed83-c3dd-493b-944f-9abaab242882","pg.citya","491b502c-0b7f-4659-980d-934eb3ee2c84","APPROVED","APPROVED",NULL,False,False,False,"1723f919-bcce-4f6f-a135-4757075c5c27","1743484407631","c8d9141d-b3f3-41e3-bc1f-649af40dee6a","1747222345985",78,False
"ed28c3c6-6bf5-469f-af32-fab07043b83c","pg.citya","ad41ee60-a3ca-4783-92c9-6f83668401dc","INITIATED","INITIATED",NULL,False,False,False,"d14f1116-6b07-4345-9db9-820d2e85daa0","1750331517050","d14f1116-6b07-4345-9db9-820d2e85daa0","1750331517050",1032,True
"ed578b78-4bf1-477f-9463-01885b37ecde","pg.citya","58d3bdfb-e1f9-40d8-bd04-88d65af3c0eb","INITIATED","INITIATED",NULL,False,True,False,"1723f919-bcce-4f6f-a135-4757075c5c27","1743483264461","1723f919-bcce-4f6f-a135-4757075c5c27","1743483264461",58,False
"eed252ac-cce2-4c48-a049-1f6cf2d2979f","pg","4a4755e7-9d32-4fc8-8545-384074d71a5f","REJECTED","REJECTED",NULL,False,False,True,"b43b260c-f620-45d3-a43f-f53148f87f15","1759748358987","b43b260c-f620-45d3-a43f-f53148f87f15","1759748358987",1099,False
"ef120f0d-3b9e-4933-b2bd-ce8bc6a97176","pg","ea71ddec-05bc-432c-90a8-1c276b6d185e","CORRECTIONPENDING","INWORKFLOW",NULL,False,False,False,"919f4168-223a-4ea9-8d27-9a9e27e672bd","1743070107121","c8d9141d-b3f3-41e3-bc1f-649af40dee6a","1747894463358",7,True
"efec407c-9520-4db3-8cbc-7c7e8cf3c914","pg","ea71ddec-05bc-432c-90a8-1c276b6d185e","REJECTED","INACTIVE",NULL,False,False,True,"919f4168-223a-4ea9-8d27-9a9e27e672bd","1743070107121","c8d9141d-b3f3-41e3-bc1f-649af40dee6a","1747894463358",5,False
"efee547d-dab1-450f-aa3b-cb047b684b71","pg","0ab34fa0-9b83-4b29-94fa-bf6c5a49f6b8","PENDING_FOR_FIELD_INSPECTION","PENDING_FOR_FIELD_INSPECTION","86400000",False,False,False,"1723f919-bcce-4f6f-a135-4757075c5c27","1745170748360","1723f919-bcce-4f6f-a135-4757075c5c27","1750319946627",582,True
"effbd535-5eb8-449e-9f11-f09ef06024ec","pg.citya","5426b2ad-f6ca-4e30-a9f8-a7a743f86b75","REJECTED","REJECTED",NULL,False,False,True,"d14f1116-6b07-4345-9db9-820d2e85daa0","1750331436198","d14f1116-6b07-4345-9db9-820d2e85daa0","1750331436198",1027,False
"f07bfea3-765c-4230-89b1-db6ebec08d21","pg","d027138a-517e-4a03-a2ca-d471c093b171","APPROVED","APPROVED",NULL,False,False,True,"1723f919-bcce-4f6f-a135-4757075c5c27","1744621900491","c8d9141d-b3f3-41e3-bc1f-649af40dee6a","1747300294366",384,False
"f0858bbc-214e-4387-bbbb-beb287fcacbc","pg","13825637-e367-4cc5-a7b7-333924a383eb","VOIDED","VOIDED",NULL,False,False,True,"1723f919-bcce-4f6f-a135-4757075c5c27","1745170642694","1723f919-bcce-4f6f-a135-4757075c5c27","1745170642694",533,False
"f0ca0e64-809e-4544-bd4a-099ba0c913de","pg.citya","bb95d434-7e8a-4406-9db5-418ed4c6c6e0","BACK_FROM_DOC_VERIFICATION","CITIZEN_ACTION_PENDING_AT_DOC_VERIF",NULL,False,False,False,"3709110a-4b1d-49a4-b639-95b689a86aa5","1743501511811","c8d9141d-b3f3-41e3-bc1f-649af40dee6a","1747227433277",124,True
"f15404e0-e057-4e1a-b4d2-a955e5db8dc2","pg.citya","6b68a2a2-45f9-4101-92e7-fdd62fcefbb5","VOIDED","VOIDED",NULL,False,False,True,"1723f919-bcce-4f6f-a135-4757075c5c27","1743483264461","1723f919-bcce-4f6f-a135-4757075c5c27","1743483264461",48,False
"f1d099fe-e94a-4aab-8b0f-9c10b8b85891","pg.citya","022d53ab-71c7-41e8-85e7-a27d4fcbc66c",NULL,NULL,NULL,False,True,False,"3709110a-4b1d-49a4-b639-95b689a86aa5","1743501511811","c8d9141d-b3f3-41e3-bc1f-649af40dee6a","1747302781861",148,False
"f1dbdf96-2dab-4ccb-b503-64026676f486","pg","d2a3600e-80c2-4333-ab49-e0c3fc5ddf93",NULL,NULL,NULL,False,True,False,"1723f919-bcce-4f6f-a135-4757075c5c27","1744621953667","c8d9141d-b3f3-41e3-bc1f-649af40dee6a","1747302990941",417,False
"f25a6ec7-c81d-47f4-9974-a623585f767f","pg.citya","09aa243d-f43d-4da1-8058-6c4a6b531b16","APPROVED","ACTIVE",NULL,False,False,True,"3709110a-4b1d-49a4-b639-95b689a86aa5","1743506632422","3709110a-4b1d-49a4-b639-95b689a86aa5","1743506632422",260,False
"f2749fb6-63fb-466b-be6f-9cfb268ffb9e","pg","d027138a-517e-4a03-a2ca-d471c093b171","DOC_VERIFICATION_PENDING","DOC_VERIFICATION_INPROGRESS",NULL,False,False,False,"1723f919-bcce-4f6f-a135-4757075c5c27","1744621900491","c8d9141d-b3f3-41e3-bc1f-649af40dee6a","1747300294366",380,False
"f27b6937-6739-4e8f-90f6-4166934a9a15","pg","4a4755e7-9d32-4fc8-8545-384074d71a5f",NULL,NULL,NULL,False,True,False,"b43b260c-f620-45d3-a43f-f53148f87f15","1759748358987","b43b260c-f620-45d3-a43f-f53148f87f15","1759748358987",1092,True
"f407c7c5-88a0-4c75-9e31-02a5bb2c4142","pg.citya","399fd2bf-348d-428f-a2a6-fbbfe927e7a7","NOC_VERIFICATION_PENDING","NOC_VERIFICATION_INPROGRESS",NULL,False,False,False,"3709110a-4b1d-49a4-b639-95b689a86aa5","1743501511811","c8d9141d-b3f3-41e3-bc1f-649af40dee6a","1747227583985",134,False
"f4a397a5-b700-4b14-a379-aa0053e87471","pg","d027138a-517e-4a03-a2ca-d471c093b171","BACK_FROM_NOC_VERIFICATION","CITIZEN_ACTION_PENDING_AT_NOC_VERIF",NULL,False,False,False,"1723f919-bcce-4f6f-a135-4757075c5c27","1744621900491","c8d9141d-b3f3-41e3-bc1f-649af40dee6a","1747300294366",389,True
"f4c76aa6-f0e7-49db-9026-6182f685cf36","pg","da95f7f1-812d-46d4-bfa6-ad93e3c983e6","DOC_VERIFICATION_PENDING","DOC_VERIFICATION_INPROGRESS",NULL,False,False,False,"1723f919-bcce-4f6f-a135-4757075c5c27","1744621912674","c8d9141d-b3f3-41e3-bc1f-649af40dee6a","1747300462548",395,False
"f50efcd6-f310-4106-884b-1898ae2b9ba7","pg.citya","bb95d434-7e8a-4406-9db5-418ed4c6c6e0","FIELDINSPECTION_PENDING","FIELDINSPECTION_INPROGRESS",NULL,False,False,False,"3709110a-4b1d-49a4-b639-95b689a86aa5","1743501511811","c8d9141d-b3f3-41e3-bc1f-649af40dee6a","1747227433277",118,False
"f564f83e-1214-48a4-a542-89f97e73b6c1","pg.citya","c0123d81-115e-4e80-9307-51d20500d5f9","CORRECTIONPENDING","INWORKFLOW",NULL,False,False,False,"3709110a-4b1d-49a4-b639-95b689a86aa5","1743506463523","c8d9141d-b3f3-41e3-bc1f-649af40dee6a","1747296696098",191,True
"f6c40afd-6563-44c6-8f40-e551a0dce7b6","pg.citya","4119190b-4b04-4609-8571-e5653e96ca5b","NOC_VERIFICATION_PENDING","NOC_VERIFICATION_INPROGRESS",NULL,False,False,False,"3709110a-4b1d-49a4-b639-95b689a86aa5","1743501511811","c8d9141d-b3f3-41e3-bc1f-649af40dee6a","1747225208046",104,False
"f6d3433f-f27c-4027-92df-0ca73a6db1ca","pg","abf08b04-abe9-4164-9b7d-a0848be4e5c6","PENDING_DSO_APPROVAL","PENDING_DSO_APPROVAL",NULL,False,False,False,"5130f2e3-efc1-401a-94fb-b9e60d9fa17d","1744197634808","5130f2e3-efc1-401a-94fb-b9e60d9fa17d","1744197634808",276,True
"f6fe3b23-2e1a-43e6-a2bb-99a6d1b6c218","pg.citya","b76082e4-40b1-43aa-9434-17b243e16618","PENDINGAPPROVAL","PENDINGAPPROVAL","43200000",False,False,False,"3709110a-4b1d-49a4-b639-95b689a86aa5","1743501511811","c8d9141d-b3f3-41e3-bc1f-649af40dee6a","1747302921144",158,False
"f75cdc6f-5731-46ae-9c14-c376de83f912","pg","a5d1baa4-6d6b-4fe9-830d-21b08c2f0b1b",NULL,"INITIATED",NULL,False,True,False,"1723f919-bcce-4f6f-a135-4757075c5c27","1745170615341","1723f919-bcce-4f6f-a135-4757075c5c27","1745170615341",517,True
"f7cd8f48-5103-44d4-8339-0b424ca07972","pg.citya","5b008a43-2cb5-4d4d-b5bb-fcd0f65a8c8b","DSO_INPROGRESS","DSO_INPROGRESS",NULL,False,False,False,"3903e096-3b9f-43a5-b5f0-4c37079d6cd5","1746620241301","3903e096-3b9f-43a5-b5f0-4c37079d6cd5","1746620241301",620,True
"f7e87cb4-ab8a-4876-8654-bc01164845f2","pg","73a1bc6f-8d57-4e84-b5a3-e3b5ea126725",NULL,"INWORKFLOW",NULL,False,True,False,"1723f919-bcce-4f6f-a135-4757075c5c27","1745170781516","1723f919-bcce-4f6f-a135-4757075c5c27","1750320098459",603,False
"f82fbd96-0258-472a-960d-1a122d513c63","pg","0ab34fa0-9b83-4b29-94fa-bf6c5a49f6b8","PENDING_FOR_DOCUMENT_VERIFICATION","PENDING_FOR_DOCUMENT_VERIFICATION",NULL,False,False,False,"1723f919-bcce-4f6f-a135-4757075c5c27","1745170748360","1723f919-bcce-4f6f-a135-4757075c5c27","1750319946627",580,True
"f85882db-895b-4ed8-aa2d-130a90403a38","pg.citya","9b0e880c-5293-47d6-b9bb-f4a250884577",NULL,NULL,NULL,True,True,False,"5130f2e3-efc1-401a-94fb-b9e60d9fa17d","1746620493337","5130f2e3-efc1-401a-94fb-b9e60d9fa17d","1746620493337",674,True
"f9b7be9a-7b2c-4f65-ba1e-e4f2b259bbdf","pg.citya","74869757-3306-41f1-af48-11114c78aeb3","REJECTED","REJECTED",NULL,False,False,True,"3709110a-4b1d-49a4-b639-95b689a86aa5","1743501511811","c8d9141d-b3f3-41e3-bc1f-649af40dee6a","1747303039536",163,False
"fa102f8b-8c46-4dff-bc41-57900e04e1fe","pg.citya","491b502c-0b7f-4659-980d-934eb3ee2c84","INITIATED","INITIATED",NULL,False,True,False,"1723f919-bcce-4f6f-a135-4757075c5c27","1743484407631","c8d9141d-b3f3-41e3-bc1f-649af40dee6a","1747222345985",72,True
"fa2d9327-0930-4688-8b95-9096d26ffc7c","pg.citya","b76082e4-40b1-43aa-9434-17b243e16618","PENDINGDOCVERIFICATION","PENDINGDOCVERIFICATION",NULL,False,False,False,"3709110a-4b1d-49a4-b639-95b689a86aa5","1743501511811","c8d9141d-b3f3-41e3-bc1f-649af40dee6a","1747302921144",156,False
"fb7baa03-abbf-48e6-8f51-96a6d7bacd39","pg","601b4c9b-b61a-47e0-a175-2909e713a003","DISCONNECTION_EXECUTED","DISCONNECTION_EXECUTED",NULL,False,False,True,"1723f919-bcce-4f6f-a135-4757075c5c27","1745170768730","1723f919-bcce-4f6f-a135-4757075c5c27","1750320031573",602,False
"fbaf7fce-2b80-46ae-861f-6289a5ae2065","pg.citya","5426b2ad-f6ca-4e30-a9f8-a7a743f86b75","PENDING_APPROVAL_FOR_DISCONNECTION","PENDING_APPROVAL_FOR_DISCONNECTION",NULL,False,False,False,"d14f1116-6b07-4345-9db9-820d2e85daa0","1750331436198","d14f1116-6b07-4345-9db9-820d2e85daa0","1750331436198",1024,False
"fbc7929f-9e29-4fec-b726-a7dee9609786","pg.citya","bb95d434-7e8a-4406-9db5-418ed4c6c6e0","INITIATED","INPROGRESS",NULL,False,False,False,"3709110a-4b1d-49a4-b639-95b689a86aa5","1743501511811","c8d9141d-b3f3-41e3-bc1f-649af40dee6a","1747227433277",115,False
"fd28d779-0d87-4c70-8d4c-a8ce27b0ef5d","pg","a5d1baa4-6d6b-4fe9-830d-21b08c2f0b1b","REJECTED","REJECTED",NULL,False,False,True,"1723f919-bcce-4f6f-a135-4757075c5c27","1745170615341","1723f919-bcce-4f6f-a135-4757075c5c27","1745170615341",519,False
"fe0e2ba9-1404-435a-b09a-423832544c4e","pg.citya","022d53ab-71c7-41e8-85e7-a27d4fcbc66c","PENDINGPAYMENT","PENDINGPAYMENT",NULL,False,False,False,"3709110a-4b1d-49a4-b639-95b689a86aa5","1743501511811","c8d9141d-b3f3-41e3-bc1f-649af40dee6a","1747302781861",149,False
"ff31db08-5385-4af7-950e-838217d2d9f3","pg","11b3ca26-af4e-47cb-b7c7-5fde995e3623","PENDING_APPROVAL_FOR_CONNECTION","PENDING_APPROVAL_FOR_CONNECTION","43200000",False,False,False,"1723f919-bcce-4f6f-a135-4757075c5c27","1745170689502","1723f919-bcce-4f6f-a135-4757075c5c27","1750320158669",552,False
"ff3ed887-0489-4e02-8c9f-932f6dd668e8","pg.citya","ea74d6c5-5b34-410f-ba87-ac874dbab86b","VOIDED","VOIDED",NULL,False,False,True,"1723f919-bcce-4f6f-a135-4757075c5c27","1743485624550","1723f919-bcce-4f6f-a135-4757075c5c27","1743485624550",96,False
"ff4b4908-67c4-4ed8-9f73-9f4a2a07de37","pg.citya","399fd2bf-348d-428f-a2a6-fbbfe927e7a7","BACK_FROM_FI_VERIFICATION","CITIZEN_ACTION_PENDING_AT_FI_VERIF",NULL,False,False,False,"3709110a-4b1d-49a4-b639-95b689a86aa5","1743501511811","c8d9141d-b3f3-41e3-bc1f-649af40dee6a","1747227583985",140,True
"ffed33b2-e2ba-4650-a0ff-a4e4b29cd9ff","pg.citya","a511d0e1-b7eb-44b2-9a66-6f6e76d65ec3","DSO_INPROGRESS","DSO_INPROGRESS",NULL,False,False,False,"5130f2e3-efc1-401a-94fb-b9e60d9fa17d","1746620274309","5130f2e3-efc1-401a-94fb-b9e60d9fa17d","1746620274309",631,True
