"uuid","tenantid","currentstate","action","nextstate","roles","createdby","createdtime","lastmodifiedby","lastmodifiedtime","active"
"003987e7-2307-42b8-890d-dcf2b72b1bc5","pg.citya","4ff47f50-5682-4332-bebf-fb20009ed66a","REJECT","463f4a9e-d632-4be5-9245-0727df3ab6fe","NOC_APPROVER","1723f919-bcce-4f6f-a135-4757075c5c27","1743483264461","1723f919-bcce-4f6f-a135-4757075c5c27","1743483264461",True
"004129a4-9ec2-4905-9741-569c741ed53c","pg.citya","ba9368a8-e030-4699-984b-afac3e7de826","ASSIGN","2d77f0b0-4c82-4057-8fd1-9949bc36c757","FSM_EDITOR_EMP","3903e096-3b9f-43a5-b5f0-4c37079d6cd5","1746620241301","3903e096-3b9f-43a5-b5f0-4c37079d6cd5","1746620241301",True
"00e1c5ed-76ff-4f18-8230-6a7ba0e70187","pg.citya","5ea79b24-0f5d-48bf-92ee-7caa90bdfa81","CANCEL","0c42f37f-609e-48be-9480-85bf77a80542","FSM_ADMIN","5130f2e3-efc1-401a-94fb-b9e60d9fa17d","1746620274309","5130f2e3-efc1-401a-94fb-b9e60d9fa17d","1746620274309",True
"01bbba6f-3be2-45f3-b9a3-649126ffbafb","pg.citya","d5a2b9b4-fd02-4384-8765-65a9f0ca471c","SEND_BACK","d9bb0214-ec55-4dc0-8f84-94ee5bc1996b","WS_DOC_VERIFIER","d14f1116-6b07-4345-9db9-820d2e85daa0","1750331436198","d14f1116-6b07-4345-9db9-820d2e85daa0","1750331436198",True
"01f28500-5fd9-40cb-a921-60a8b99bd4b3","pg.citya","9ff067c0-41bd-4a65-bba0-4420e2edf44d","PAY","eb2fd607-bad0-4abb-a39d-1bce2e1da2c1","CITIZEN,NOC_CEMP","1723f919-bcce-4f6f-a135-4757075c5c27","1743483264461","1723f919-bcce-4f6f-a135-4757075c5c27","1743483264461",True
"022216e5-f054-4927-9941-5d23f4491685","pg","a70a844c-3fa5-43de-9903-fdd51f0dce69","FORWARD","b3c62a61-ac34-4a6c-b252-5963a47660dc","PT_FIELD_INSPECTOR","919f4168-223a-4ea9-8d27-9a9e27e672bd","1743070107121","c8d9141d-b3f3-41e3-bc1f-649af40dee6a","1747291928326",True
"02330974-13da-4770-bec3-28bb47f046be","pg","02e5b406-7560-4d76-aecd-84513f2e4825","REJECT","b6deab05-74b0-4a47-8cee-eff66271e066","PT_DOC_VERIFIER","919f4168-223a-4ea9-8d27-9a9e27e672bd","1743070107121","c8d9141d-b3f3-41e3-bc1f-649af40dee6a","1747291928326",True
"02426fdd-0b40-42ea-b2e4-d144739de10b","pg.citya","a1a91c06-297d-4df0-83c5-6a361f637ee8","REASSING","c45d372c-7fb3-43ea-bb9d-4135211768b5","FSM_EDITOR_EMP","5130f2e3-efc1-401a-94fb-b9e60d9fa17d","1746620465019","5130f2e3-efc1-401a-94fb-b9e60d9fa17d","1746620465019",True
"03198bcd-e5e7-4bf5-aa70-a8a3b3b70177","pg","e7546894-9ef0-49e0-ab73-f7fae5b807b5","REJECT","eed252ac-cce2-4c48-a049-1f6cf2d2979f","WORK_ORDER_VERIFIER","b43b260c-f620-45d3-a43f-f53148f87f15","1759748358987","b43b260c-f620-45d3-a43f-f53148f87f15","1759748358987",True
"0333bbb6-9720-4ce1-b507-87924eedbd0a","pg","9178164c-5a82-4b52-a08a-23c3b2730bae","AUTO_APPROVE","e9a55aad-d3d9-4c8b-b4bd-88e8bb3f6c28","BPA_VERIFIER,BPA_FIELD_INSPECTOR,BPA_NOC_VERIFIER,BPA_APPROVER","1723f919-bcce-4f6f-a135-4757075c5c27","1745170642694","1723f919-bcce-4f6f-a135-4757075c5c27","1745170642694",True
"035f2a57-b700-4975-bf89-4f51ce929e9d","pg","af56b240-542c-49a1-a9bb-fcc2e93866aa","SENDBACK","3e0461ba-7a84-49b1-9ffe-7a36a9326d90","FSM_ADMIN","3903e096-3b9f-43a5-b5f0-4c37079d6cd5","1744197611210","3903e096-3b9f-43a5-b5f0-4c37079d6cd5","1744197611210",True
"03b26075-1963-4255-b5b6-b7788d293e3f","pg","938972aa-139d-44e1-b304-9c6a9b955bbd","REJECT","eed252ac-cce2-4c48-a049-1f6cf2d2979f","WORK_ORDER_CREATOR","b43b260c-f620-45d3-a43f-f53148f87f15","1759748358987","b43b260c-f620-45d3-a43f-f53148f87f15","1759748358987",True
"03ce6727-d375-413c-bb72-436aa68f2ae3","pg","3e0461ba-7a84-49b1-9ffe-7a36a9326d90","DSO_ACCEPT","af56b240-542c-49a1-a9bb-fcc2e93866aa","FSM_DSO","3903e096-3b9f-43a5-b5f0-4c37079d6cd5","1744197611210","3903e096-3b9f-43a5-b5f0-4c37079d6cd5","1744197611210",True
"05530609-6382-4c28-9744-93d568e4bfb5","pg","bce263de-2e48-4236-b766-562768dfba00","CREATE","cf33d6f0-43e1-4ff6-82f4-522544d52006","CITIZEN","11b0e02b-0145-4de2-bc42-c97b96264807","1744197648205","11b0e02b-0145-4de2-bc42-c97b96264807","1744197648205",True
"05c0338c-81f7-413d-9e04-ddd5031c5c3f","pg.citya","aff49806-daff-41c8-9ee0-de086feaca58","APPLY","603a5c7b-9e6f-4c2b-8e31-6b7ef4290c87","CITIZEN,BPA_CITIZEN,ANONYMOUS","3709110a-4b1d-49a4-b639-95b689a86aa5","1743501511811","c8d9141d-b3f3-41e3-bc1f-649af40dee6a","1747302921144",True
"05d5fed7-4f14-4e29-a334-8b4dcddce49a","pg","2acf767c-c4eb-4357-8653-9c3303df9933","REJECT","8c6efcf0-329e-437d-b2c9-f4aaeed97580","WS_FIELD_INSPECTOR","1723f919-bcce-4f6f-a135-4757075c5c27","1745170689502","1723f919-bcce-4f6f-a135-4757075c5c27","1750320158669",True
"05d7c2fa-5512-489f-ad99-2c61cb83f8f6","pg.citya","1751623e-2dda-4b07-a7ce-886748be7882","INITIATE","ed28c3c6-6bf5-469f-af32-fab07043b83c","CITIZEN,WS_CITIZEN,SW_CEMP","d14f1116-6b07-4345-9db9-820d2e85daa0","1750331517050","d14f1116-6b07-4345-9db9-820d2e85daa0","1750331517050",True
"06c8f31d-c61a-4c5c-8d20-3624f5827882","pg.citya","f6c40afd-6563-44c6-8f40-e551a0dce7b6","FORWARD","91554318-c342-46e3-81bb-e4edd8d5a035","BPA_NOC_VERIFIER","3709110a-4b1d-49a4-b639-95b689a86aa5","1743501511811","c8d9141d-b3f3-41e3-bc1f-649af40dee6a","1747225208046",True
"06e53fe8-38ca-4f55-82d1-264baea1a561","pg.citya","1e17d4ed-a0c8-4735-9cee-cb5b4051a41c","INITIATE","e08f4948-5a5a-4728-aeac-8f6057d4e66e","CITIZEN,TL_CITIZEN,TL_CEMP","1723f919-bcce-4f6f-a135-4757075c5c27","1743484407631","c8d9141d-b3f3-41e3-bc1f-649af40dee6a","1747222194863",True
"075ba72e-096b-4716-b342-894d05146a77","pg.citya","75adf41a-95e2-4566-9ffe-5e67fad828af","REJECT","66df96d5-b8d9-4c02-ab30-a66de945e54f","FSM_ADMIN","5130f2e3-efc1-401a-94fb-b9e60d9fa17d","1746620339237","5130f2e3-efc1-401a-94fb-b9e60d9fa17d","1746620339237",True
"0810b3a0-f057-451d-9aab-e366a1fd70ae","pg","b5a5ab7a-7440-4e73-bfe1-884c1ff19937","SUBMIT","3672e189-6e89-4454-a067-ce1f269d98ac","ESTIMATE_CREATOR","b43b260c-f620-45d3-a43f-f53148f87f15","1759748291264","b43b260c-f620-45d3-a43f-f53148f87f15","1759748291264",True
"082a7e09-bf8e-4cae-99aa-1de39e3b53e1","pg","8f5ba48a-5484-4ee0-809c-0801be68236e","ACCEPT","5551ffc3-84c8-43d1-80a1-4a98559bb7ce","ORG_ADMIN","b43b260c-f620-45d3-a43f-f53148f87f15","1759748358987","b43b260c-f620-45d3-a43f-f53148f87f15","1759748358987",True
"082e369c-6b6c-42c2-9586-c3d23bb873b6","pg.citya","75adf41a-95e2-4566-9ffe-5e67fad828af","SUBMIT","3c0b6004-7c16-459c-81e1-17269dea5474","FSM_EDITOR_EMP","5130f2e3-efc1-401a-94fb-b9e60d9fa17d","1746620339237","5130f2e3-efc1-401a-94fb-b9e60d9fa17d","1746620339237",True
"08bf659a-c01a-4e9d-93fa-60e1ba653df0","pg","0b43ab5d-b987-410b-a6c9-f393f5b308a1","PAY","10106d9b-4d72-4589-978f-48e5182174e0","CITIZEN,WS_CITIZEN,SW_CEMP","1723f919-bcce-4f6f-a135-4757075c5c27","1745170768730","1723f919-bcce-4f6f-a135-4757075c5c27","1750320031573",True
"08dbaf3f-ebd3-4390-be2f-c5bb4f36419e","pg","c6ec91e9-cc27-432f-8488-e28ce18b234b","REJECT","efec407c-9520-4db3-8cbc-7c7e8cf3c914","PT_DOC_VERIFIER","919f4168-223a-4ea9-8d27-9a9e27e672bd","1743070107121","c8d9141d-b3f3-41e3-bc1f-649af40dee6a","1747894463358",True
"090a964e-56db-42bb-a0ec-95a01f4bb019","pg","a6b97130-b64b-4218-927d-7992d936b794","CANCEL","1c3bdda8-e29f-40f4-8465-a397660074cf","FSM_ADMIN","3903e096-3b9f-43a5-b5f0-4c37079d6cd5","1744197611210","3903e096-3b9f-43a5-b5f0-4c37079d6cd5","1744197611210",True
"090ae931-fab4-4ec3-95b1-30bffa079346","pg","ec38c3b4-65c6-4144-b3d7-d84b32f6b1b1","REJECT","fd28d779-0d87-4c70-8d4c-a8ce27b0ef5d","FIRE_NOC_APPROVER","1723f919-bcce-4f6f-a135-4757075c5c27","1745170615341","1723f919-bcce-4f6f-a135-4757075c5c27","1745170615341",True
"09b05f64-f26d-44bc-b78e-bbefbac12745","pg","9693f748-1ad1-4e69-a371-3d6f0f26d875","PAY","13e7fdfb-b71e-4b5b-96f6-ea05e7fc1843","CITIZEN,WS_CITIZEN,WS_CEMP","1723f919-bcce-4f6f-a135-4757075c5c27","1745170711814","1723f919-bcce-4f6f-a135-4757075c5c27","1750320234575",True
"09cac20d-3975-4ada-a46b-fe90e6943f90","pg.citya","5e44668d-4b18-477a-b51f-b62277c8eadd","FORWARD","d00f5874-3e67-41c3-9009-be30729832e1","BPAREG_DOC_VERIFIER","3709110a-4b1d-49a4-b639-95b689a86aa5","1743501511811","c8d9141d-b3f3-41e3-bc1f-649af40dee6a","1747299813060",True
"0a3c90ae-6aad-4725-9884-efb8276c47fd","pg.citya","c06078ca-e89e-4dc7-b3fe-2dab9dbb4655","INITIATE","eab5b3a5-c9da-4ff3-819a-56cfcf0be3fa","CITIZEN,BPA_ARCHITECT,BPA_ENGINEER,BPA_BUILDER,BPA_STRUCTURALENGINEER,BPA_TOWNPLANNER,BPA_SUPERVISOR","1723f919-bcce-4f6f-a135-4757075c5c27","1743483264461","1723f919-bcce-4f6f-a135-4757075c5c27","1743483264461",True
"0a4a1c07-babb-43ff-afa9-bd7eee509a64","pg","6442507a-60a3-4ed8-a736-5627d4bd5398","INITIATE","6442507a-60a3-4ed8-a736-5627d4bd5398","BPA_ARCHITECT,BPA_ENGINEER,BPA_BUILDER,BPA_STRUCTURALENGINEER,BPA_TOWNPLANNER,BPA_SUPERVISOR","1723f919-bcce-4f6f-a135-4757075c5c27","1744621887819","c8d9141d-b3f3-41e3-bc1f-649af40dee6a","1747300190538",True
"0a64a200-6024-4b3b-aeda-d5e727bdee52","pg.citya","58f9b9fd-b298-432b-9ff0-50312496dd6a","SUBMIT_APPLICATION","723a65be-223b-4afd-898b-1d98808b9fe5","CITIZEN,WS_CITIZEN,WS_CEMP","d14f1116-6b07-4345-9db9-820d2e85daa0","1750331394335","d14f1116-6b07-4345-9db9-820d2e85daa0","1750331394335",True
"0a7c4f8a-5349-4d38-b15c-9e218114b27a","pg.citya","12cdc2a0-b7be-48a6-a196-25080e687751","RATE","cdb6a898-e8a5-41e2-b7ed-a971ed72e795","CITIZEN","5130f2e3-efc1-401a-94fb-b9e60d9fa17d","1746620274309","5130f2e3-efc1-401a-94fb-b9e60d9fa17d","1746620274309",True
"0a7df8aa-488e-4e73-9189-0c17677e6ab0","pg","7625824f-0be6-4b4d-bcfd-be7dc3359994","INITIATE","7625824f-0be6-4b4d-bcfd-be7dc3359994","BPA_ARCHITECT,BPA_ENGINEER,BPA_BUILDER,BPA_STRUCTURALENGINEER,BPA_TOWNPLANNER,BPA_SUPERVISOR","1723f919-bcce-4f6f-a135-4757075c5c27","1744621912674","c8d9141d-b3f3-41e3-bc1f-649af40dee6a","1747300462548",True
"0bc8aab7-a71e-46b1-97eb-7f045089500a","pg","29d16ea4-a2dd-438b-96ae-9f3312fa74a7","SENDBACKTOCITIZEN","17b50346-dcde-4229-be29-c25260929139","NOC_DOC_VERIFIER","1723f919-bcce-4f6f-a135-4757075c5c27","1745170648438","1723f919-bcce-4f6f-a135-4757075c5c27","1745170648438",True
"0c820c90-e1f3-483b-85e8-6774f078340c","pg.citya","c3dcc58a-0737-49bf-b447-f0bab6f929f9","APPROVE","4b2eff8f-22d4-441a-9707-e3cbe6a7c016","BPAREG_APPROVER","3709110a-4b1d-49a4-b639-95b689a86aa5","1743501511811","c8d9141d-b3f3-41e3-bc1f-649af40dee6a","1747303229636",True
"0c9ca87e-d727-4d6b-a0ae-b3943219890b","pg","ff31db08-5385-4af7-950e-838217d2d9f3","REJECT","8c6efcf0-329e-437d-b2c9-f4aaeed97580","WS_APPROVER","1723f919-bcce-4f6f-a135-4757075c5c27","1745170689502","1723f919-bcce-4f6f-a135-4757075c5c27","1750320158669",True
"0ce54ab6-7df0-4d09-baae-b5c82778a8ce","pg","752ed6c0-b3eb-4e39-b032-f54a779a1df6","READY_FOR_DISPOSAL","4075d28b-4d90-4bb0-9aba-f5f52aea7cdc","FSM_DSO,FSM_EDITOR_EMP,FSM_EMP_FSTPO","3903e096-3b9f-43a5-b5f0-4c37079d6cd5","1744197691155","3903e096-3b9f-43a5-b5f0-4c37079d6cd5","1744197691155",True
"0d0a45fc-5625-456b-883b-8273671bf817","pg","0cd986d2-76db-4143-96c5-85efb4257771","REASSING","0ffa6840-88d7-4721-a618-8fb02fe0e5cb","FSM_EDITOR_EMP","5130f2e3-efc1-401a-94fb-b9e60d9fa17d","1744197702516","5130f2e3-efc1-401a-94fb-b9e60d9fa17d","1744197702516",True
"0d93dfe1-ad44-456e-aba1-c25377d450a8","pg.citya","67aaa3cd-0507-4aa7-ba74-16dbd14fff21","DSO_ACCEPT","5da84af8-5bba-4261-b006-94af31779b2c","FSM_DSO,FSM_EDITOR_EMP","11b0e02b-0145-4de2-bc42-c97b96264807","1746620314146","11b0e02b-0145-4de2-bc42-c97b96264807","1746620314146",True
"0e8d706e-670e-4776-97a1-b5bfde8d832f","pg.citya","1cb30d5a-f165-4050-9d63-5015fe4939a8","PAY","2a95814a-8827-4779-8d45-15e47c744961","CITIZEN,BPA_CITIZEN,SYSTEM_PAYMENT","3709110a-4b1d-49a4-b639-95b689a86aa5","1743501511811","c8d9141d-b3f3-41e3-bc1f-649af40dee6a","1747303159965",True
"0eb4e6df-f963-4219-854d-2c9b20e3cf73","pg.citya","98fc9837-a9ec-45f6-85ae-e568e079dabe","SEND_BACK","aaa788e5-9e6a-494e-b3b8-00ab653c8704","SW_APPROVER","d14f1116-6b07-4345-9db9-820d2e85daa0","1750331535903","d14f1116-6b07-4345-9db9-820d2e85daa0","1750331535903",True
"0eccff0c-0ca8-4892-9fc5-c084e23ef4c2","pg","f4a397a5-b700-4b14-a379-aa0053e87471","FORWARD","a57e36eb-4957-4f89-9707-cbfb6dc7ae26","CITIZEN,BPA_CITIZEN","1723f919-bcce-4f6f-a135-4757075c5c27","1744621900491","c8d9141d-b3f3-41e3-bc1f-649af40dee6a","1747300294366",True
"0eeb2d1f-2415-40a4-a454-488df32df11c","pg.citya","0292c11c-fe97-44f5-92da-321da2fa5ec8","RESUBMIT","16c72b06-14cc-41d0-82b4-b4a75b9dad88","CITIZEN,NOC_CEMP","1723f919-bcce-4f6f-a135-4757075c5c27","1743483264461","1723f919-bcce-4f6f-a135-4757075c5c27","1743483264461",True
"10650691-880a-4de6-8166-fb85937bb517","pg","8fb9fa51-cbe4-4789-b124-44e5bf584b35","SEND_BACK_TO_ORIGINATOR","938972aa-139d-44e1-b304-9c6a9b955bbd","WORK_ORDER_APPROVER","b43b260c-f620-45d3-a43f-f53148f87f15","1759748358987","b43b260c-f620-45d3-a43f-f53148f87f15","1759748358987",True
"1100de5d-e463-401d-9b4c-ed8b66aead9a","pg","4075d28b-4d90-4bb0-9aba-f5f52aea7cdc","DECLINEVEHICLE","97c422c1-eb3c-446c-b731-45ed0ebd5724","FSM_EMP_FSTPO","3903e096-3b9f-43a5-b5f0-4c37079d6cd5","1744197691155","3903e096-3b9f-43a5-b5f0-4c37079d6cd5","1744197691155",True
"11352f2c-95bc-400e-88d6-be7b4ab2a6c4","pg","1afa7302-f4c1-4bde-a27b-22d82926ebb2","CANCEL","c210b3b1-3a5a-457b-9c29-aad553a2c3dc","FSM_ADMIN","5130f2e3-efc1-401a-94fb-b9e60d9fa17d","1744197661636","5130f2e3-efc1-401a-94fb-b9e60d9fa17d","1744197661636",True
"1137ece5-f083-43af-b2d5-c910b8f17d60","pg","8fb9fa51-cbe4-4789-b124-44e5bf584b35","APPROVE","8f5ba48a-5484-4ee0-809c-0801be68236e","WORK_ORDER_APPROVER","b43b260c-f620-45d3-a43f-f53148f87f15","1759748358987","b43b260c-f620-45d3-a43f-f53148f87f15","1759748358987",True
"119ecfe3-29e9-4d1f-ae29-842a451208a7","pg","8f5ba48a-5484-4ee0-809c-0801be68236e","DECLINE","a6dd0299-b5a0-48c7-b78d-4af5cb05de2f","ORG_ADMIN","b43b260c-f620-45d3-a43f-f53148f87f15","1759748358987","b43b260c-f620-45d3-a43f-f53148f87f15","1759748358987",True
"12d2f540-9df2-4a61-84fd-a2cdefc2de95","pg.citya","b9649c39-c44b-4a77-8a01-c697d0b67a9b","CANCEL","af3d12a9-6bc8-48e6-8b50-1eba01569d39","FSM_ADMIN","3903e096-3b9f-43a5-b5f0-4c37079d6cd5","1746620241301","3903e096-3b9f-43a5-b5f0-4c37079d6cd5","1746620241301",True
"12e09f21-aeff-473d-8fcb-2349cebccfd4","pg.citya","8c3e377c-aea2-46e5-b5dd-1ac2a6d91d81","OPEN","6c520689-e947-46b6-ae24-59ce7ff1f9a2","CITIZEN,SW_CEMP,WS_CEMP","3709110a-4b1d-49a4-b639-95b689a86aa5","1743506587586","3709110a-4b1d-49a4-b639-95b689a86aa5","1743506587586",True
"12ed03f4-a964-4e25-96e2-7e2d191ecdd6","pg","02e5b406-7560-4d76-aecd-84513f2e4825","SENDBACKTOCITIZEN","5da8940d-783a-460c-9170-7778dff52e70","PT_DOC_VERIFIER","919f4168-223a-4ea9-8d27-9a9e27e672bd","1743070107121","c8d9141d-b3f3-41e3-bc1f-649af40dee6a","1747291928326",True
"1398a373-3fb2-47e9-8331-4abbf0f9c735","pg","c6ec91e9-cc27-432f-8488-e28ce18b234b","SENDBACKTOCITIZEN","ef120f0d-3b9e-4933-b2bd-ce8bc6a97176","PT_DOC_VERIFIER","919f4168-223a-4ea9-8d27-9a9e27e672bd","1743070107121","c8d9141d-b3f3-41e3-bc1f-649af40dee6a","1747894463358",True
"14224166-b62e-4e97-bd3f-5fc9464b86db","pg.citya","98af4240-3008-4af0-a51c-c12470df04c7","FORWARD","a0af0a90-80d8-4398-bd09-41923b5248c8","BPA_NOC_VERIFIER","3709110a-4b1d-49a4-b639-95b689a86aa5","1743501511811","c8d9141d-b3f3-41e3-bc1f-649af40dee6a","1747227433277",True
"1472a83e-ba7d-4ff3-891b-6871fb8a4686","pg","1210904b-b98e-4172-a53a-ccc0569c9f0f","TECHNICALSANCTION","514c516e-2791-4757-b396-1e32e399f4be","TECHNICAL_SANCTIONER","b43b260c-f620-45d3-a43f-f53148f87f15","1759748291264","b43b260c-f620-45d3-a43f-f53148f87f15","1759748291264",True
"14a09648-2add-49fa-89d1-b01fad9d36dc","pg","a6b97130-b64b-4218-927d-7992d936b794","REASSING","3e0461ba-7a84-49b1-9ffe-7a36a9326d90","FSM_EDITOR_EMP","3903e096-3b9f-43a5-b5f0-4c37079d6cd5","1744197611210","3903e096-3b9f-43a5-b5f0-4c37079d6cd5","1744197611210",True
"14b1bceb-44c9-4952-bc48-f926c2d65122","pg.citya","561fd503-8b33-4078-ae69-28152ae7a7cb","ADHOC","561fd503-8b33-4078-ae69-28152ae7a7cb","TL_CEMP","1723f919-bcce-4f6f-a135-4757075c5c27","1743484407631","c8d9141d-b3f3-41e3-bc1f-649af40dee6a","1747222452265",True
"159c6e5f-e92d-4b50-a49b-a717b499d40d","pg.citya","5ea79b24-0f5d-48bf-92ee-7caa90bdfa81","DSO_ACCEPT","ffed33b2-e2ba-4650-a0ff-a4e4b29cd9ff","FSM_DSO,FSM_EDITOR_EMP","5130f2e3-efc1-401a-94fb-b9e60d9fa17d","1746620274309","5130f2e3-efc1-401a-94fb-b9e60d9fa17d","1746620274309",True
"15a1c38a-0a3e-40b8-aeea-d8e5bf0bb293","pg","5b8de733-6824-4f4c-8aa4-8733b1db3fe9","SEND_BACK","c08aac0f-2c4e-41d4-ab83-65fd916cb295","WS_APPROVER,SW_APPROVER","1723f919-bcce-4f6f-a135-4757075c5c27","1745170781516","1723f919-bcce-4f6f-a135-4757075c5c27","1750320098459",True
"15b24dd0-e4e4-4a21-9741-3e1bbf9cc3e3","pg.citya","08270771-6d3c-4a32-a6e5-652ba10117f8","APPROVE","c774f37f-4e7b-4408-b2f5-d731b8921b12","AIRPORT_AUTHORITY_APPROVER","1723f919-bcce-4f6f-a135-4757075c5c27","1743483264461","1723f919-bcce-4f6f-a135-4757075c5c27","1743483264461",True
"15b98105-3d74-42a6-8f31-c395282a6986","pg","f2749fb6-63fb-466b-be6f-9cfb268ffb9e","REVOCATE","74f214d7-7c5f-4220-90f4-df28f986c134","BPA_VERIFIER","1723f919-bcce-4f6f-a135-4757075c5c27","1744621900491","c8d9141d-b3f3-41e3-bc1f-649af40dee6a","1747300294366",True
"16bb9f45-21a4-4d7e-8c09-42f36930cc0b","pg","648e5565-1fa7-41bc-b898-6199f1a0a936","FORWARD","8197c1eb-ac7c-43b9-b079-38da4168d317","BPAREG_DOC_VERIFIER","1723f919-bcce-4f6f-a135-4757075c5c27","1744621944477","c8d9141d-b3f3-41e3-bc1f-649af40dee6a","1747302871860",True
"16e0398c-15de-4ddc-b583-d7b078f60e02","pg","652100e7-95a0-473d-a483-ddab279c7bbd","PAY","f4c76aa6-f0e7-49db-9026-6182f685cf36","CITIZEN,BPA_CITIZEN,BPA_ARCHITECT,BPA_ENGINEER,BPA_BUILDER,BPA_STRUCTURALENGINEER,BPA_TOWNPLANNER,BPA_SUPERVISOR,SYSTEM_PAYMENT,CEMP","1723f919-bcce-4f6f-a135-4757075c5c27","1744621912674","c8d9141d-b3f3-41e3-bc1f-649af40dee6a","1747300462548",True
"17170678-ed42-48b0-9d38-416100a7fa36","pg","48b779f2-f0ad-4158-baa2-999504deb8bd","ASSIGN","3e0461ba-7a84-49b1-9ffe-7a36a9326d90","FSM_EDITOR_EMP","3903e096-3b9f-43a5-b5f0-4c37079d6cd5","1744197611210","3903e096-3b9f-43a5-b5f0-4c37079d6cd5","1744197611210",True
"17227d2d-5d4e-4fc1-9dfb-6c27bf164564","pg","e9cc1780-ed01-4bce-ac0f-978ff96e359b","FORWARD","f4c76aa6-f0e7-49db-9026-6182f685cf36","CITIZEN,BPA_CITIZEN,BPA_ARCHITECT","1723f919-bcce-4f6f-a135-4757075c5c27","1744621912674","c8d9141d-b3f3-41e3-bc1f-649af40dee6a","1747300462548",True
"1788033d-05f2-4c76-a72c-eee2f3b25784","pg","323d268c-afd3-48c8-b1b3-3cd9e232be71","VERIFY_AND_FORWARD","b5578866-29c7-46b8-b843-a0d1030af36d","WS_DOC_VERIFIER","1723f919-bcce-4f6f-a135-4757075c5c27","1745170711814","1723f919-bcce-4f6f-a135-4757075c5c27","1750320234575",True
"1871f306-f9a2-4d34-aed9-08eea8db2ef0","pg","d336a50e-0807-4f5b-9525-f9f30e4c49e9","PAY","29d16ea4-a2dd-438b-96ae-9f3312fa74a7","CITIZEN,NOC_CEMP","1723f919-bcce-4f6f-a135-4757075c5c27","1745170648438","1723f919-bcce-4f6f-a135-4757075c5c27","1745170648438",True
"18ce8a98-af07-4038-8130-71149d232c0e","pg","514c516e-2791-4757-b396-1e32e399f4be","APPROVE","19b5b4a0-8f9f-410b-a784-e16cab6efaf8","ESTIMATE_APPROVER","b43b260c-f620-45d3-a43f-f53148f87f15","1759748291264","b43b260c-f620-45d3-a43f-f53148f87f15","1759748291264",True
"18d03245-a962-4750-9b38-50402af999e6","pg.citya","1e442c24-fef4-4992-a548-42564176da59","REJECT","da877bd3-7e3d-4fae-8e76-6d1054aa32bb","PT_DOC_VERIFIER","3709110a-4b1d-49a4-b639-95b689a86aa5","1743506463523","c8d9141d-b3f3-41e3-bc1f-649af40dee6a","1747221963724",True
"18d9056c-b5d3-4988-83f3-a891bbebcf87","pg","64abc187-1dcb-443c-80c0-116912da9a5b","CANCEL","c210b3b1-3a5a-457b-9c29-aad553a2c3dc","FSM_ADMIN","5130f2e3-efc1-401a-94fb-b9e60d9fa17d","1744197661636","5130f2e3-efc1-401a-94fb-b9e60d9fa17d","1744197661636",True
"1912c265-aca1-4a0a-9c76-66cd6427aab8","pg.citya","ea712723-bf0c-41bc-a2f2-4500b9cc97cc","REJECT","17c6a499-2104-47af-b3a2-67591da26a65","BPAREG_APPROVER","3709110a-4b1d-49a4-b639-95b689a86aa5","1743501511811","c8d9141d-b3f3-41e3-bc1f-649af40dee6a","1747303159965",True
"199354ca-0f76-4df7-b1cf-884e78adeddb","pg.citya","2892a427-3789-4eb8-9787-05614da39ca1","SEND_BACK_TO_CITIZEN","ff4b4908-67c4-4ed8-9f73-9f4a2a07de37","BPA_FIELD_INSPECTOR","3709110a-4b1d-49a4-b639-95b689a86aa5","1743501511811","c8d9141d-b3f3-41e3-bc1f-649af40dee6a","1747227583985",True
"199399d7-cc07-488c-b5ba-aba483887a53","pg","600f900d-14b6-4e76-96ec-45f8d3f68e01","VERIFY","57657236-e530-4aea-949a-e5b5539df0d3","PT_DOC_VERIFIER","919f4168-223a-4ea9-8d27-9a9e27e672bd","1743070107121","c8d9141d-b3f3-41e3-bc1f-649af40dee6a","1747291813744",True
"199b1eed-38e7-46a9-93f0-85d03f4dbc1b","pg.citya","98af4240-3008-4af0-a51c-c12470df04c7","REVOCATE","8a85e42d-f662-427f-ae6c-562dfc6f72a9","BPA_NOC_VERIFIER","3709110a-4b1d-49a4-b639-95b689a86aa5","1743501511811","c8d9141d-b3f3-41e3-bc1f-649af40dee6a","1747227433277",True
"1a3f8654-fb6d-4139-8c79-e0ab371aa01d","pg","72ff6337-0e24-4727-a244-046221b222e1","RATE","8416159a-96ef-426d-979d-87a956236570","CITIZEN","5130f2e3-efc1-401a-94fb-b9e60d9fa17d","1744197702516","5130f2e3-efc1-401a-94fb-b9e60d9fa17d","1744197702516",True
"1aadfc0b-cdeb-4b6a-a1bf-1df460e7ad80","pg","c20d9ae1-c4d8-4752-8eeb-176cb24623cf","FORWARD","a57e36eb-4957-4f89-9707-cbfb6dc7ae26","BPA_FIELD_INSPECTOR","1723f919-bcce-4f6f-a135-4757075c5c27","1744621900491","c8d9141d-b3f3-41e3-bc1f-649af40dee6a","1747300294366",True
"1aaed9c8-0640-4181-89cf-8cb457243584","pg","1f3c996e-bfc1-4a28-aa49-e2cc110f49c2","SEND_TO_ARCHITECT","7625824f-0be6-4b4d-bcfd-be7dc3359994","CITIZEN,BPA_CITIZEN","1723f919-bcce-4f6f-a135-4757075c5c27","1744621912674","c8d9141d-b3f3-41e3-bc1f-649af40dee6a","1747300462548",True
"1b24da50-82eb-4bf9-b73a-6575272fb17a","pg","dd709151-7dab-475d-bdf5-a58babdf92af","CANCEL","0b02c4e1-4888-459b-8f6c-956ddf31aa08","FSM_ADMIN","5130f2e3-efc1-401a-94fb-b9e60d9fa17d","1744197702516","5130f2e3-efc1-401a-94fb-b9e60d9fa17d","1744197702516",True
"1b42d4ea-65f5-4410-a76b-95991e93176b","pg","40ee8bd5-0d29-4482-9dd2-5e08eb178773","SENDBACK","ed18af3f-d9a5-4b63-9b32-34afe165e42d","FSM_ADMIN","3903e096-3b9f-43a5-b5f0-4c37079d6cd5","1744197611210","3903e096-3b9f-43a5-b5f0-4c37079d6cd5","1744197611210",True
"1b8453bd-b368-4c6e-99be-0711ed20630a","pg","50ed760b-f456-41a8-bb0a-4b1183a041cd","SEND_TO_ARCHITECT","18e469aa-3cda-4825-937e-5be25698e798","CITIZEN,BPA_CITIZEN","1723f919-bcce-4f6f-a135-4757075c5c27","1744621887819","c8d9141d-b3f3-41e3-bc1f-649af40dee6a","1747300190538",True
"1bbc8d1e-afe1-42fc-8eae-6fa0b17788f5","pg.citya","e08f4948-5a5a-4728-aeac-8f6057d4e66e","PAY","24b38a55-9ab8-401f-9a27-80916497306c","CITIZEN,TL_CITIZEN,TL_CEMP,SYSTEM_PAYMENT","1723f919-bcce-4f6f-a135-4757075c5c27","1743484407631","c8d9141d-b3f3-41e3-bc1f-649af40dee6a","1747222194863",True
"1bc8554a-08c1-4476-a4d6-235800539b74","pg.citya","67aaa3cd-0507-4aa7-ba74-16dbd14fff21","CANCEL","d7b07991-e4d0-4211-b41a-3714bc500c85","FSM_ADMIN","11b0e02b-0145-4de2-bc42-c97b96264807","1746620314146","11b0e02b-0145-4de2-bc42-c97b96264807","1746620314146",True
"1c576b73-c304-4dcf-9cab-59b18de90fe7","pg","6ef35cee-f6a0-4a0a-a999-44dd16e51ab5","CANCEL","31653490-c691-4f35-8533-f0e7a2b9d876","FSM_ADMIN","11b0e02b-0145-4de2-bc42-c97b96264807","1744197648205","11b0e02b-0145-4de2-bc42-c97b96264807","1744197648205",True
"1c96ea54-13ae-40bd-8eb2-39d371317527","pg","5179269d-2cdd-4d1b-b468-5cfcc36045c1","SUBMIT","d5a4f8c8-8e91-40a3-9868-802b556b18e2","FSM_EDITOR_EMP","5130f2e3-efc1-401a-94fb-b9e60d9fa17d","1744197702516","5130f2e3-efc1-401a-94fb-b9e60d9fa17d","1744197702516",True
"1caadc4d-d95a-49a0-bb42-8503d832b58a","pg","c4c377f0-bda8-4324-908a-8c9c84d23c69","REJECT","dfa360d5-2d31-44e4-82a2-a07aeccf5faa","BPAREG_APPROVER","1723f919-bcce-4f6f-a135-4757075c5c27","1744621746981","c8d9141d-b3f3-41e3-bc1f-649af40dee6a","1747303115855",True
"1d081a18-7c63-499d-98ad-006e52652aab","pg.citya","f1d099fe-e94a-4aab-8b0f-9c10b8b85891","APPLY","fe0e2ba9-1404-435a-b09a-423832544c4e","CITIZEN,BPA_CITIZEN,ANONYMOUS","3709110a-4b1d-49a4-b639-95b689a86aa5","1743501511811","c8d9141d-b3f3-41e3-bc1f-649af40dee6a","1747302781861",True
"1d692fb9-3ee1-47f2-8184-871da719197a","pg","42890bfe-70e3-4264-86ff-9ccd1e9f8a7b","SEND_BACK_FOR_DOCUMENT_VERIFICATION","0227c254-14e7-4089-b259-bc54fea1c0a8","SW_FIELD_INSPECTOR","1723f919-bcce-4f6f-a135-4757075c5c27","1745170768730","1723f919-bcce-4f6f-a135-4757075c5c27","1750320031573",True
"1d7394f1-5552-4fe2-9771-8a38e56f902c","pg","57657236-e530-4aea-949a-e5b5539df0d3","FORWARD","8b66e6d8-a10b-4027-88ee-5b13e3605ded","PT_FIELD_INSPECTOR","919f4168-223a-4ea9-8d27-9a9e27e672bd","1743070107121","c8d9141d-b3f3-41e3-bc1f-649af40dee6a","1747291813744",True
"1db824ee-a11e-4625-bd3a-28a1a6ba1f10","pg.citya","7f53e9c7-d609-441e-a39f-ce50ab42f276","SEND_BACK_FOR_FIELD_INSPECTION","aa8862ff-f01c-4fbc-991c-8f9248756760","SW_APPROVER","d14f1116-6b07-4345-9db9-820d2e85daa0","1750331517050","d14f1116-6b07-4345-9db9-820d2e85daa0","1750331517050",True
"1de0f238-919a-49ce-9768-b6bde1fc73ee","pg.citya","dbc78242-195e-455f-ada3-10341344876d","FORWARD","49fb089f-3d36-4fac-bf64-40f7aaaa326a","CITIZEN,BPA_CITIZEN,BPA_ARCHITECT","3709110a-4b1d-49a4-b639-95b689a86aa5","1743501511811","c8d9141d-b3f3-41e3-bc1f-649af40dee6a","1747225208046",True
"1dec82fe-0178-4f1d-89c7-15dfed30cb03","pg.citya","53d5c1f2-c9ef-480f-afdd-d51afb636136","PAY","0c6c1bf7-c281-4cd8-8872-69f05c22d288","CITIZEN,BPA_CITIZEN,SYSTEM_PAYMENT","3709110a-4b1d-49a4-b639-95b689a86aa5","1743501511811","c8d9141d-b3f3-41e3-bc1f-649af40dee6a","1747303229636",True
"1e0d2e42-e0e1-4db2-a4a1-805daa70da40","pg","af56b240-542c-49a1-a9bb-fcc2e93866aa","REASSING","3e0461ba-7a84-49b1-9ffe-7a36a9326d90","FSM_EDITOR_EMP","3903e096-3b9f-43a5-b5f0-4c37079d6cd5","1744197611210","3903e096-3b9f-43a5-b5f0-4c37079d6cd5","1744197611210",True
"1e13f643-ec6d-4eb9-857f-209de4e35438","pg.citya","40506c52-2e8f-439e-bac0-1afaf58bdeb9","REJECT","ad81987d-5bf8-4a2e-8f55-6c894253ba2a","FSM_ADMIN","5130f2e3-efc1-401a-94fb-b9e60d9fa17d","1746620274309","5130f2e3-efc1-401a-94fb-b9e60d9fa17d","1746620274309",True
"1e2be261-84f6-4943-9034-8c174565a7af","pg.citya","bc13f192-3964-4e4e-aa7c-1a0bf0323980","REASSING","c45d372c-7fb3-43ea-bb9d-4135211768b5","FSM_EDITOR_EMP","5130f2e3-efc1-401a-94fb-b9e60d9fa17d","1746620465019","5130f2e3-efc1-401a-94fb-b9e60d9fa17d","1746620465019",True
"1f0435af-8ca8-4a5f-bbbe-b5dc1f681e32","pg.citya","d21da279-b1cc-4ba0-a7b2-55fcd7e2d356","INITIATE","6d06a1d1-f571-441d-8b5a-8a5d9fbf03a2","BPA_ARCHITECT,BPA_ENGINEER,BPA_BUILDER,BPA_STRUCTURALENGINEER,BPA_TOWNPLANNER,BPA_SUPERVISOR","3709110a-4b1d-49a4-b639-95b689a86aa5","1743501511811","c8d9141d-b3f3-41e3-bc1f-649af40dee6a","1747225208046",True
"1f3da615-a7c3-4a2a-b01f-87a23e6e8c12","pg.citya","6ead1673-1308-47e1-83a8-0f48ec25bd0e","FORWARD","4a5b88bf-fd54-4d57-b79b-b306f3315231","PT_FIELD_INSPECTOR","3709110a-4b1d-49a4-b639-95b689a86aa5","1743506463523","c8d9141d-b3f3-41e3-bc1f-649af40dee6a","1747296696098",True
"1f4738af-b602-4c3d-bd1e-22bfadb317e7","pg","040098e2-b615-41aa-aa88-312d43d59afe","APPLY","1dc7429d-6274-4fa7-87da-8c6c2f7f92b4","CITIZEN,BPA_CITIZEN,ANONYMOUS","1723f919-bcce-4f6f-a135-4757075c5c27","1744613193390","c8d9141d-b3f3-41e3-bc1f-649af40dee6a","1747302742562",True
"1f71a313-a24f-4599-8785-35a0ec9906c7","pg","78740e0f-ab82-40bd-8bf6-c149b85e79cc","REJECT","5afd95c9-9739-46c5-ae1a-1e0a1f6c5e88","BPA_APPROVER","1723f919-bcce-4f6f-a135-4757075c5c27","1744621887819","c8d9141d-b3f3-41e3-bc1f-649af40dee6a","1747300190538",True
"1f880d6b-cf57-4f64-9acf-1c2ff29f082e","pg.citya","b6b7a481-135a-4703-93e0-55a517b57fcb","SKIP_PAYMENT","5790ab4d-c2da-4f96-bbf6-236bd243b126","CITIZEN,BPA_CITIZEN,BPA_ARCHITECT,BPA_ENGINEER,BPA_BUILDER,BPA_STRUCTURALENGINEER,BPA_TOWNPLANNER,BPA_SUPERVISOR,SYSTEM_PAYMENT,BPA_APPROVER,CEMP","3709110a-4b1d-49a4-b639-95b689a86aa5","1743501511811","c8d9141d-b3f3-41e3-bc1f-649af40dee6a","1747225208046",True
"1fc157fb-7f10-4792-aa6c-8528103cbda3","pg","2cdd085b-ac20-4378-97bd-e3617abfbb38","APPROVE_FOR_DISCONNECTION","9693f748-1ad1-4e69-a371-3d6f0f26d875","WS_APPROVER","1723f919-bcce-4f6f-a135-4757075c5c27","1745170711814","1723f919-bcce-4f6f-a135-4757075c5c27","1750320234575",True
"209f8029-a4f0-43b9-b732-f344f55328fd","pg","931c8988-b63e-4a34-ad51-8ca34a766118","SUBMIT_APPLICATION","323d268c-afd3-48c8-b1b3-3cd9e232be71","CITIZEN,WS_CITIZEN,WS_CEMP","1723f919-bcce-4f6f-a135-4757075c5c27","1745170711814","1723f919-bcce-4f6f-a135-4757075c5c27","1750320234575",True
"20f340fb-c294-4181-a16a-d4f29cd5a7de","pg.citya","d36b84be-c64e-4beb-9707-362e1cedb800","SENDBACK","01eb74e4-fe6e-490c-9e91-4ad262329f2b","TL_APPROVER","1723f919-bcce-4f6f-a135-4757075c5c27","1743484407631","c8d9141d-b3f3-41e3-bc1f-649af40dee6a","1747222452265",True
"2119d18c-5f19-4053-85c2-0b4acccb24cd","pg.citya","fa102f8b-8c46-4dff-bc41-57900e04e1fe","APPLY","6daf1ad1-71df-4615-9a93-1e332eeb6095","CITIZEN,TL_CITIZEN,TL_CEMP","1723f919-bcce-4f6f-a135-4757075c5c27","1743484407631","c8d9141d-b3f3-41e3-bc1f-649af40dee6a","1747222345985",True
"212befde-a946-4b12-8457-cf658b178bbf","pg.citya","a87b921b-2df0-4a7b-aef2-631da9df3422","REJECT","a995711f-5873-4156-8346-0a0b5b78600d","WS_FIELD_INSPECTOR","d14f1116-6b07-4345-9db9-820d2e85daa0","1750331394335","d14f1116-6b07-4345-9db9-820d2e85daa0","1750331394335",True
"2138b372-e479-4b76-8a0c-7dd3119ebe46","pg.citya","9e2e9b0c-59b5-4e7e-b9ca-47b418553b75","SEND_TO_ARCHITECT","8beffb9f-bd56-4695-ae6d-be397e862aa3","CITIZEN,BPA_CITIZEN","3709110a-4b1d-49a4-b639-95b689a86aa5","1743501511811","c8d9141d-b3f3-41e3-bc1f-649af40dee6a","1747227583985",True
"21559502-8540-4673-af3c-4e1d10f3f272","pg.citya","434a246e-7e99-43a6-8b3e-a01c4b6aefb5","REJECT","5c8c8497-0459-41b4-96c0-662fc37d919f","TL_DOC_VERIFIER","1723f919-bcce-4f6f-a135-4757075c5c27","1743484407631","c8d9141d-b3f3-41e3-bc1f-649af40dee6a","1747222452265",True
"2164fbbf-fc22-48ff-83d6-cf8e257c975e","pg","0f4b97a4-8401-40b3-969e-ed008a129497","APPROVE","acbc6e28-10fd-44ac-ab98-499ee2307c07","CITIZEN,BPA_CITIZEN","1723f919-bcce-4f6f-a135-4757075c5c27","1744621900491","c8d9141d-b3f3-41e3-bc1f-649af40dee6a","1747300294366",True
"218655fc-e14b-4430-b160-a1bfff397138","pg.citya","1e442c24-fef4-4992-a548-42564176da59","SENDBACKTOCITIZEN","7235af5b-54bf-4282-8802-802b3bf22012","PT_DOC_VERIFIER","3709110a-4b1d-49a4-b639-95b689a86aa5","1743506463523","c8d9141d-b3f3-41e3-bc1f-649af40dee6a","1747221963724",True
"229e43cb-e6a9-4b21-861a-178ef2d2c233","pg","b5578866-29c7-46b8-b843-a0d1030af36d","VERIFY_AND_FORWARD","2cdd085b-ac20-4378-97bd-e3617abfbb38","WS_FIELD_INSPECTOR","1723f919-bcce-4f6f-a135-4757075c5c27","1745170711814","1723f919-bcce-4f6f-a135-4757075c5c27","1750320234575",True
"22c9c95a-0864-4b44-ae35-71fe871f1863","pg.citya","5ea79b24-0f5d-48bf-92ee-7caa90bdfa81","DSO_REJECT","b8ccd20c-6f53-4eb0-ad64-159ac492d156","FSM_DSO,FSM_EDITOR_EMP","5130f2e3-efc1-401a-94fb-b9e60d9fa17d","1746620274309","5130f2e3-efc1-401a-94fb-b9e60d9fa17d","1746620274309",True
"22d19bf6-93bb-4c35-b358-f6b01799fb8f","pg.citya","e8c3259a-7710-4307-8382-7b6a70688198","SEND_BACK_FOR_FIELD_INSPECTION","9afd3bb9-3565-48bc-a7fc-ebff0832f7fc","SW_APPROVER","d14f1116-6b07-4345-9db9-820d2e85daa0","1750331545883","d14f1116-6b07-4345-9db9-820d2e85daa0","1750331545883",True
"230f8661-9447-4867-925d-21a1b2f403a9","pg","3f571a3b-fad5-479d-820b-72df0335c3db","REJECT","5afd95c9-9739-46c5-ae1a-1e0a1f6c5e88","BPA_VERIFIER","1723f919-bcce-4f6f-a135-4757075c5c27","1744621887819","c8d9141d-b3f3-41e3-bc1f-649af40dee6a","1747300190538",True
"23385aae-ca86-42bb-ad26-ad142ff53a1e","pg","f6d3433f-f27c-4027-92df-0ca73a6db1ca","REASSING","f6d3433f-f27c-4027-92df-0ca73a6db1ca","FSM_EDITOR_EMP","5130f2e3-efc1-401a-94fb-b9e60d9fa17d","1744197634808","5130f2e3-efc1-401a-94fb-b9e60d9fa17d","1744197634808",True
"239246a8-24ef-4368-baa1-ed191018b33c","pg.citya","1e442c24-fef4-4992-a548-42564176da59","VERIFY","b96740b2-3724-43e9-bcd4-56bd5dcf2511","PT_DOC_VERIFIER","3709110a-4b1d-49a4-b639-95b689a86aa5","1743506463523","c8d9141d-b3f3-41e3-bc1f-649af40dee6a","1747221963724",True
"23b30dac-1baf-407b-af5a-857fc3a5d9cc","pg.citya","95cc1cc4-9720-4179-8f99-886e346e1ba5","SENDBACKTOCITIZEN","f564f83e-1214-48a4-a542-89f97e73b6c1","PT_DOC_VERIFIER","3709110a-4b1d-49a4-b639-95b689a86aa5","1743506463523","c8d9141d-b3f3-41e3-bc1f-649af40dee6a","1747296696098",True
"23c6d36d-103c-4162-8475-7f6dba496a12","pg.citya","b91e6dde-6aa1-4721-bbbe-8488f9c6a7b6","APPROVE","fbc7929f-9e29-4fec-b726-a7dee9609786","CITIZEN,BPA_CITIZEN","3709110a-4b1d-49a4-b639-95b689a86aa5","1743501511811","c8d9141d-b3f3-41e3-bc1f-649af40dee6a","1747227433277",True
"2416daed-7e3d-4068-a47e-75c6cf682077","pg.citya","2d77f0b0-4c82-4057-8fd1-9949bc36c757","REASSING","2d77f0b0-4c82-4057-8fd1-9949bc36c757","FSM_EDITOR_EMP","3903e096-3b9f-43a5-b5f0-4c37079d6cd5","1746620241301","3903e096-3b9f-43a5-b5f0-4c37079d6cd5","1746620241301",True
"24905fe1-b839-4c23-981d-6dfb256ad859","pg","cb4916b9-6d64-430c-be79-7de902b79979","REJECT","dfa360d5-2d31-44e4-82a2-a07aeccf5faa","BPAREG_DOC_VERIFIER","1723f919-bcce-4f6f-a135-4757075c5c27","1744621746981","c8d9141d-b3f3-41e3-bc1f-649af40dee6a","1747303115855",True
"24bf1194-0fb8-4c98-b1c3-73ff4d02d2b1","pg","4d6d1eab-f735-4196-8572-e3df73224b3e","SEND_BACK_TO_CITIZEN","651ebfd5-7bcc-44cb-b190-bb889375b061","BPA_FIELD_INSPECTOR","1723f919-bcce-4f6f-a135-4757075c5c27","1744621912674","c8d9141d-b3f3-41e3-bc1f-649af40dee6a","1747300462548",True
"2537b43a-2c4e-430c-86f4-72c0afaeb97a","pg.cityb","ebade42d-cc6a-4794-8584-06dc6e121961","SCHEDULE","3a9a9b9e-8b9c-490a-95a0-a1a1adcdec9f","PQM_ADMIN,PQM_TP_OPERATOR,PQM_CRONJOB_SCHEDULER","5130f2e3-efc1-401a-94fb-b9e60d9fa17d","1748348009641","5130f2e3-efc1-401a-94fb-b9e60d9fa17d","1748348009641",True
"25941f44-f426-498a-bf72-2336cdbb6552","pg.citya","13f57cc2-ac3c-4d47-b1fe-9b46a3fa6b46","APPROVE","0da312c3-09b5-4ef7-8ca8-fa82b57893ab","BPA_APPROVER","3709110a-4b1d-49a4-b639-95b689a86aa5","1743501511811","c8d9141d-b3f3-41e3-bc1f-649af40dee6a","1747227583985",True
"259454dc-f20d-4263-bb26-8b27b5b73e88","pg.citya","5da84af8-5bba-4261-b006-94af31779b2c","DECLINE","add96520-a067-4a9b-9369-e9634b72c2ca","FSM_DSO,FSM_EDITOR_EMP","11b0e02b-0145-4de2-bc42-c97b96264807","1746620314146","11b0e02b-0145-4de2-bc42-c97b96264807","1746620314146",True
"25c9abc6-8096-4a2f-9223-0e0121efa8fd","pg.citya","f50efcd6-f310-4106-884b-1898ae2b9ba7","REVOCATE","8a85e42d-f662-427f-ae6c-562dfc6f72a9","BPA_FIELD_INSPECTOR","3709110a-4b1d-49a4-b639-95b689a86aa5","1743501511811","c8d9141d-b3f3-41e3-bc1f-649af40dee6a","1747227433277",True
"25ef0daf-ce75-4b9b-b53d-a043614864cd","pg.citya","46ca16ac-adcd-45db-9a96-73e6bb10b184","FORWARD","4ba9acae-f793-475f-b33a-0a7d162be846","BPAREG_DOC_VERIFIER","3709110a-4b1d-49a4-b639-95b689a86aa5","1743501511811","c8d9141d-b3f3-41e3-bc1f-649af40dee6a","1747303039536",True
"261c5de2-b9f9-41c2-af08-c13b7a8173cb","pg","af7ff6c3-952d-47b0-bcca-8b0e91bf234e","SENDBACK","64abc187-1dcb-443c-80c0-116912da9a5b","FSM_ADMIN","5130f2e3-efc1-401a-94fb-b9e60d9fa17d","1744197661636","5130f2e3-efc1-401a-94fb-b9e60d9fa17d","1744197661636",True
"263118f0-f33c-444f-9792-feddb55b8365","pg","2726cb75-1ddf-463a-ba4a-31de619f0809","PAY","6cd96373-bb1f-4ce0-a897-60faf5b11404","CITIZEN,FSM_COLLECTOR","5130f2e3-efc1-401a-94fb-b9e60d9fa17d","1744197661636","5130f2e3-efc1-401a-94fb-b9e60d9fa17d","1744197661636",True
"267bb9b6-a6a0-4cc0-bb3c-a1f6b6bd94cc","pg.citya","b5348326-908d-4c99-a7ea-4edd45f949d9","SENDBACK","995220c1-f4c2-4510-9115-d5f100635b7a","FSM_ADMIN","3903e096-3b9f-43a5-b5f0-4c37079d6cd5","1746620241301","3903e096-3b9f-43a5-b5f0-4c37079d6cd5","1746620241301",True
"27a823dd-73f9-48d8-9fae-0a8651f44dca","pg","b33ed210-0af4-4954-bd9f-8bd78eb629ad","ADHOC","b33ed210-0af4-4954-bd9f-8bd78eb629ad","CITIZEN,BPA_CITIZEN,BPA_ARCHITECT,BPA_ENGINEER,BPA_BUILDER,BPA_STRUCTURALENGINEER,BPA_TOWNPLANNER,BPA_SUPERVISOR,SYSTEM_PAYMENT,CEMP","1723f919-bcce-4f6f-a135-4757075c5c27","1744621887819","c8d9141d-b3f3-41e3-bc1f-649af40dee6a","1747300190538",True
"27aff879-538b-4cb1-aeab-343aa380d2c6","pg.citya","49fb089f-3d36-4fac-bf64-40f7aaaa326a","REJECT","c730fe35-a01c-4fda-b475-f3ee2f48d5d3","BPA_VERIFIER","3709110a-4b1d-49a4-b639-95b689a86aa5","1743501511811","c8d9141d-b3f3-41e3-bc1f-649af40dee6a","1747225208046",True
"27f96b11-8dcc-4c10-b84a-61d9a5820d17","pg.citya","dc003af8-ca6f-4652-b759-bfdf506b76f7","REASSING","d835de7e-6cdf-4c1b-ac71-57fd699f375d","FSM_EDITOR_EMP","5130f2e3-efc1-401a-94fb-b9e60d9fa17d","1746620339237","5130f2e3-efc1-401a-94fb-b9e60d9fa17d","1746620339237",True
"2886ae7c-0d83-446b-8438-cb3f998c0e05","pg.citya","9714c7bb-1b7a-447d-8ec0-9b6cd2fedb51","SUBMIT","d0af3d24-926e-488a-9d72-2ac734adcbd3","FSM_EDITOR_EMP","5130f2e3-efc1-401a-94fb-b9e60d9fa17d","1746620465019","5130f2e3-efc1-401a-94fb-b9e60d9fa17d","1746620465019",True
"28c3798d-d848-4473-99af-060091642810","pg.citya","d0af3d24-926e-488a-9d72-2ac734adcbd3","CANCEL","9dcc6832-a40d-45e1-9b89-d86e0ef1c583","FSM_ADMIN","5130f2e3-efc1-401a-94fb-b9e60d9fa17d","1746620465019","5130f2e3-efc1-401a-94fb-b9e60d9fa17d","1746620465019",True
"294965fd-68a9-491d-a60f-9e8c161b52c2","pg.citya","c45d372c-7fb3-43ea-bb9d-4135211768b5","CANCEL","9dcc6832-a40d-45e1-9b89-d86e0ef1c583","FSM_ADMIN","5130f2e3-efc1-401a-94fb-b9e60d9fa17d","1746620465019","5130f2e3-efc1-401a-94fb-b9e60d9fa17d","1746620465019",True
"2955157b-fe22-4532-badf-adab6898858c","pg.citya","ff4b4908-67c4-4ed8-9f73-9f4a2a07de37","FORWARD","2892a427-3789-4eb8-9787-05614da39ca1","CITIZEN,BPA_CITIZEN,BPA_ARCHITECT","3709110a-4b1d-49a4-b639-95b689a86aa5","1743501511811","c8d9141d-b3f3-41e3-bc1f-649af40dee6a","1747227583985",True
"2974f12e-995f-4a48-af3f-80bdc724c5da","pg","c5e58901-67e0-415c-81ee-4bb4de31f17b","PAY","03da0e04-2f50-4fa6-a797-8dd0782d6ea8","CITIZEN,BPA_CITIZEN,BPA_ARCHITECT,BPA_ENGINEER,BPA_BUILDER,BPA_STRUCTURALENGINEER,BPA_TOWNPLANNER,BPA_SUPERVISOR,SYSTEM_PAYMENT,CEMP","1723f919-bcce-4f6f-a135-4757075c5c27","1744621912674","c8d9141d-b3f3-41e3-bc1f-649af40dee6a","1747300462548",True
"2b4cb3bb-6379-4be2-95cf-30081b72c7e2","pg","866c0c57-f747-4a91-9ec5-6871ce1b0fcd","SEND_BACK_TO_CITIZEN","af023fdf-a9b2-4c6e-a8bf-dc0be12beeb5","SW_APPROVER","1723f919-bcce-4f6f-a135-4757075c5c27","1745170768730","1723f919-bcce-4f6f-a135-4757075c5c27","1750320031573",True
"2b6c20a5-d5ae-4b4c-9dc8-7f8060da6cd2","pg.citya","046bf108-ab75-427b-9367-55a13970b9c5","SEND_TO_ARCHITECT","6d06a1d1-f571-441d-8b5a-8a5d9fbf03a2","CITIZEN,BPA_CITIZEN","3709110a-4b1d-49a4-b639-95b689a86aa5","1743501511811","c8d9141d-b3f3-41e3-bc1f-649af40dee6a","1747225208046",True
"2b891508-a207-4cf3-a57d-a35addc1f644","pg.citya","3c0b6004-7c16-459c-81e1-17269dea5474","SENDBACK","75adf41a-95e2-4566-9ffe-5e67fad828af","FSM_ADMIN","5130f2e3-efc1-401a-94fb-b9e60d9fa17d","1746620339237","5130f2e3-efc1-401a-94fb-b9e60d9fa17d","1746620339237",True
"2c49f5ed-2dae-4d40-a98a-2d05fdb06f1a","pg.citya","064a6460-f0db-4df9-8725-bf0eb51da2e9","SAVE_AS_DRAFT","73775120-d08b-4fb5-8422-df8c8ed5bb57","PQM_ADMIN,PQM_TP_OPERATOR","5130f2e3-efc1-401a-94fb-b9e60d9fa17d","1746620493337","5130f2e3-efc1-401a-94fb-b9e60d9fa17d","1746620493337",True
"2c8e9378-0406-4e70-a5c2-0b94b0eb2f31","pg","82af2f42-0a92-48f8-a676-654209a18593","SENDBACK","63fc5c53-85ca-4c43-b62e-6e262e29e78a","NOC_APPROVER","1723f919-bcce-4f6f-a135-4757075c5c27","1745170648438","1723f919-bcce-4f6f-a135-4757075c5c27","1745170648438",True
"2cc69222-168a-4673-9109-d6164f0e8d8f","pg.citya","16c72b06-14cc-41d0-82b4-b4a75b9dad88","SENDBACK","eb2fd607-bad0-4abb-a39d-1bce2e1da2c1","NOC_FIELD_INSPECTOR","1723f919-bcce-4f6f-a135-4757075c5c27","1743483264461","1723f919-bcce-4f6f-a135-4757075c5c27","1743483264461",True
"2d5de924-5f9b-40e5-9def-d38fff2ef961","pg","56a77359-ec79-47d3-ba03-48561b69d0a1","APPLY","d5a4f8c8-8e91-40a3-9868-802b556b18e2","FSM_CREATOR_EMP","5130f2e3-efc1-401a-94fb-b9e60d9fa17d","1744197702516","5130f2e3-efc1-401a-94fb-b9e60d9fa17d","1744197702516",True
"2d6d0394-316a-4425-bb90-2d372de25963","pg","3b96116b-ad7c-4561-9bc3-1a961f2ede62","APPLY","d336a50e-0807-4f5b-9525-f9f30e4c49e9","CITIZEN,NOC_CEMP","1723f919-bcce-4f6f-a135-4757075c5c27","1745170648438","1723f919-bcce-4f6f-a135-4757075c5c27","1745170648438",True
"2d720a7e-e623-4af1-b2a2-bfe2e01a5609","pg","3ee36991-6aff-413e-8861-5ea90c3ed65a","INITIATE","3b96116b-ad7c-4561-9bc3-1a961f2ede62","CITIZEN,NOC_CEMP","1723f919-bcce-4f6f-a135-4757075c5c27","1745170648438","1723f919-bcce-4f6f-a135-4757075c5c27","1745170648438",True
"2e9a844d-ec32-4bcc-ad9a-c0816a0a7464","pg.cityb","3a9a9b9e-8b9c-490a-95a0-a1a1adcdec9f","SUBMIT_SAMPLE","382d5acc-4130-44e6-818b-7b2f47392f88","PQM_ADMIN,PQM_TP_OPERATOR","5130f2e3-efc1-401a-94fb-b9e60d9fa17d","1748348009641","5130f2e3-efc1-401a-94fb-b9e60d9fa17d","1748348009641",True
"2ec119ab-4f2a-411e-b053-52d8b7758359","pg.citya","a123a403-b54b-4018-8367-8b6c231663fa","SENDBACKFROMFI","bb61dbc8-c402-433f-99e5-3dcf0694e99e","PT_FIELD_INSPECTOR","3709110a-4b1d-49a4-b639-95b689a86aa5","1743506463523","d14f1116-6b07-4345-9db9-820d2e85daa0","1758271856474",True
"2ecd0310-8d6a-4821-8387-bfe79f70e5e8","pg","e10f28ca-8fd5-46a3-a0d4-9bccb636d469","ACTIVATE_CONNECTION","b50d911a-05fa-41ad-93d9-4ba62d9e252d","WS_CLERK","1723f919-bcce-4f6f-a135-4757075c5c27","1745170689502","1723f919-bcce-4f6f-a135-4757075c5c27","1750320158669",True
"2f328a6b-432f-48d8-b4eb-96ef529d70d4","pg.citya","5a7ef49d-0188-4a88-b1aa-49ec02ab7566","REJECT","effbd535-5eb8-449e-9f11-f09ef06024ec","WS_FIELD_INSPECTOR","d14f1116-6b07-4345-9db9-820d2e85daa0","1750331436198","d14f1116-6b07-4345-9db9-820d2e85daa0","1750331436198",True
"304d3311-3c41-45ed-bca9-b380347ee180","pg.citya","ed578b78-4bf1-477f-9463-01885b37ecde","INITIATE","ed578b78-4bf1-477f-9463-01885b37ecde","CITIZEN,TL_CEMP","1723f919-bcce-4f6f-a135-4757075c5c27","1743483264461","1723f919-bcce-4f6f-a135-4757075c5c27","1743483264461",True
"30562522-4efd-4364-b9e6-07b0eae97484","pg","18e469aa-3cda-4825-937e-5be25698e798","INITIATE","18e469aa-3cda-4825-937e-5be25698e798","BPA_ARCHITECT,BPA_ENGINEER,BPA_BUILDER,BPA_STRUCTURALENGINEER,BPA_TOWNPLANNER,BPA_SUPERVISOR","1723f919-bcce-4f6f-a135-4757075c5c27","1744621887819","c8d9141d-b3f3-41e3-bc1f-649af40dee6a","1747300190538",True
"3060e461-3d9a-4269-b3b1-cffd1b5af9a2","pg.citya","a87b921b-2df0-4a7b-aef2-631da9df3422","SEND_BACK_FOR_DOCUMENT_VERIFICATION","723a65be-223b-4afd-898b-1d98808b9fe5","WS_FIELD_INSPECTOR","d14f1116-6b07-4345-9db9-820d2e85daa0","1750331394335","d14f1116-6b07-4345-9db9-820d2e85daa0","1750331394335",True
"30658a6f-a3f6-4780-967d-f71faeba912c","pg.citya","ce6be08e-d6fa-4411-8cd1-db589ef2ec2d","FORWARD","434a246e-7e99-43a6-8b3e-a01c4b6aefb5","CITIZEN,TL_CITIZEN","1723f919-bcce-4f6f-a135-4757075c5c27","1743484407631","c8d9141d-b3f3-41e3-bc1f-649af40dee6a","1747222452265",True
"30e09732-aab7-4645-aec2-4aaeda7d0506","pg.citya","603a5c7b-9e6f-4c2b-8e31-6b7ef4290c87","PAY","fa2d9327-0930-4688-8b95-9096d26ffc7c","CITIZEN,BPA_CITIZEN,SYSTEM_PAYMENT","3709110a-4b1d-49a4-b639-95b689a86aa5","1743501511811","c8d9141d-b3f3-41e3-bc1f-649af40dee6a","1747302921144",True
"31523aa5-8bf5-44fb-8557-ed75b1b988ad","pg","bd6b8517-5b9c-42be-8490-b061a6821396","REJECT","52c727f7-e5f0-478a-89e3-d72bb4aaee7e","BPA_APPROVER","1723f919-bcce-4f6f-a135-4757075c5c27","1744621912674","c8d9141d-b3f3-41e3-bc1f-649af40dee6a","1747300462548",True
"31bf50f3-fe69-4715-984b-59eb63ee16c9","pg","0ffa6840-88d7-4721-a618-8fb02fe0e5cb","DSO_REJECT","dd709151-7dab-475d-bdf5-a58babdf92af","FSM_DSO,FSM_EDITOR_EMP","5130f2e3-efc1-401a-94fb-b9e60d9fa17d","1744197702516","5130f2e3-efc1-401a-94fb-b9e60d9fa17d","1744197702516",True
"3229635f-6400-4c7e-a243-0f5002bc2c08","pg.citya","6c520689-e947-46b6-ae24-59ce7ff1f9a2","APPROVE","b30ca503-ed43-4e95-87a5-0da6154f1c83","WS_APPROVER,SW_APPROVER","3709110a-4b1d-49a4-b639-95b689a86aa5","1743506587586","3709110a-4b1d-49a4-b639-95b689a86aa5","1743506587586",True
"322ab988-9700-4fbf-bb69-23a35d5a6af3","pg.citya","66631907-705f-4855-82b5-4f7facbd6d2e","INITIATE","66631907-705f-4855-82b5-4f7facbd6d2e","CITIZEN,TL_CITIZEN,TL_CEMP","1723f919-bcce-4f6f-a135-4757075c5c27","1743484407631","c8d9141d-b3f3-41e3-bc1f-649af40dee6a","1747222452265",True
"3295a13a-bdd1-47d6-93c2-f5ea60fe343b","pg","82af2f42-0a92-48f8-a676-654209a18593","REJECT","702ec6e9-311e-40a7-9b90-029fdd2b47fc","NOC_APPROVER","1723f919-bcce-4f6f-a135-4757075c5c27","1745170648438","1723f919-bcce-4f6f-a135-4757075c5c27","1745170648438",True
"32cbfa69-e7ff-4332-879e-989f77a02634","pg","b3c3c083-9595-4cde-916e-26f6fb34f7db","REASSING","b3c3c083-9595-4cde-916e-26f6fb34f7db","FSM_EDITOR_EMP","11b0e02b-0145-4de2-bc42-c97b96264807","1744197648205","11b0e02b-0145-4de2-bc42-c97b96264807","1744197648205",True
"34a599ac-d069-4164-a0cf-4f367681e642","pg.citya","dc003af8-ca6f-4652-b759-bfdf506b76f7","CANCEL","192ac155-bc41-424b-aedd-c606fd7dc600","FSM_ADMIN","5130f2e3-efc1-401a-94fb-b9e60d9fa17d","1746620339237","5130f2e3-efc1-401a-94fb-b9e60d9fa17d","1746620339237",True
"34a5e0a9-138b-40d7-b66b-aa9fa94fe51a","pg","172f4685-b9bb-4518-ba38-4e02bbf1c563","REJECT","2ed950bd-e694-4a83-9486-683926677d0f","FSM_ADMIN","5130f2e3-efc1-401a-94fb-b9e60d9fa17d","1744197634808","5130f2e3-efc1-401a-94fb-b9e60d9fa17d","1744197634808",True
"34e535a6-1fff-4c69-9943-fa8e31d4e273","pg","42890bfe-70e3-4264-86ff-9ccd1e9f8a7b","REJECT","d2fa2d51-e9e7-4721-a875-edcc0cb2c1b3","SW_FIELD_INSPECTOR","1723f919-bcce-4f6f-a135-4757075c5c27","1745170768730","1723f919-bcce-4f6f-a135-4757075c5c27","1750320031573",True
"3543c1ae-d0ab-44b9-a85b-d75be3a3c7db","pg.citya","046bf108-ab75-427b-9367-55a13970b9c5","APPROVE","9ce2c4e4-b304-4795-9e96-190fb650c8f6","CITIZEN,BPA_CITIZEN","3709110a-4b1d-49a4-b639-95b689a86aa5","1743501511811","c8d9141d-b3f3-41e3-bc1f-649af40dee6a","1747225208046",True
"359dc2d0-b8b7-44cb-ad86-c787bef87e9f","pg.cityb","0a3a0130-1950-47ed-b558-cd3c6ac54c6e","SAVE_AS_DRAFT","0a3a0130-1950-47ed-b558-cd3c6ac54c6e","PQM_ADMIN,PQM_TP_OPERATOR","5130f2e3-efc1-401a-94fb-b9e60d9fa17d","1748348009641","5130f2e3-efc1-401a-94fb-b9e60d9fa17d","1748348009641",True
"35d13a01-ca51-4279-b881-57a516c494db","pg.citya","66e74543-edd4-48c1-b743-8f2e309abb6e","ASSIGN","d835de7e-6cdf-4c1b-ac71-57fd699f375d","FSM_EDITOR_EMP","5130f2e3-efc1-401a-94fb-b9e60d9fa17d","1746620339237","5130f2e3-efc1-401a-94fb-b9e60d9fa17d","1746620339237",True
"36079e91-9afa-4abc-b96f-f3442adbea56","pg","efee547d-dab1-450f-aa3b-cb047b684b71","REJECT","ebff7b86-1cc5-4777-9084-b9dff05cf200","SW_FIELD_INSPECTOR","1723f919-bcce-4f6f-a135-4757075c5c27","1745170748360","1723f919-bcce-4f6f-a135-4757075c5c27","1750319946627",True
"3646398c-f2f1-4312-b970-edde22c30db6","pg.citya","20a1c33f-4f94-4817-8ac3-2c88a1925c15","INITIATE","fa102f8b-8c46-4dff-bc41-57900e04e1fe","CITIZEN,TL_CITIZEN,TL_CEMP","1723f919-bcce-4f6f-a135-4757075c5c27","1743484407631","c8d9141d-b3f3-41e3-bc1f-649af40dee6a","1747222345985",True
"3701cd9d-bcce-4906-916c-fa37d49eae46","pg.citya","e8c3259a-7710-4307-8382-7b6a70688198","SEND_BACK_TO_CITIZEN","b7397410-3275-4c85-b2bf-d4d66551f930","SW_APPROVER","d14f1116-6b07-4345-9db9-820d2e85daa0","1750331545883","d14f1116-6b07-4345-9db9-820d2e85daa0","1750331545883",True
"37431cfb-1c84-4b6e-b861-98993a3f0370","pg","b33ed210-0af4-4954-bd9f-8bd78eb629ad","PAY","3f571a3b-fad5-479d-820b-72df0335c3db","CITIZEN,BPA_CITIZEN,BPA_ARCHITECT,BPA_ENGINEER,BPA_BUILDER,BPA_STRUCTURALENGINEER,BPA_TOWNPLANNER,BPA_SUPERVISOR,SYSTEM_PAYMENT,CEMP","1723f919-bcce-4f6f-a135-4757075c5c27","1744621887819","c8d9141d-b3f3-41e3-bc1f-649af40dee6a","1747300190538",True
"376983f3-ab28-466f-b1d3-eec1a52b592f","pg.citya","cd06e836-9e91-4c51-b46d-37d2a99323a6","APPROVE","b174379e-2165-411f-8529-a54e3c83e7d1","PT_APPROVER","3709110a-4b1d-49a4-b639-95b689a86aa5","1743506463523","c8d9141d-b3f3-41e3-bc1f-649af40dee6a","1747221963724",True
"37773a52-92cb-4860-858f-52b34451f9ca","pg.citya","723a65be-223b-4afd-898b-1d98808b9fe5","VERIFY_AND_FORWARD","a87b921b-2df0-4a7b-aef2-631da9df3422","WS_DOC_VERIFIER","d14f1116-6b07-4345-9db9-820d2e85daa0","1750331394335","d14f1116-6b07-4345-9db9-820d2e85daa0","1750331394335",True
"379a525d-6424-48a7-abe4-c6de60a559f8","pg","884ef92a-ce4e-41b8-bae3-856dd421ac68","ASSIGN","f6d3433f-f27c-4027-92df-0ca73a6db1ca","FSM_EDITOR_EMP","5130f2e3-efc1-401a-94fb-b9e60d9fa17d","1744197634808","5130f2e3-efc1-401a-94fb-b9e60d9fa17d","1744197634808",True
"379e2652-3526-492e-944b-24dfc1eb7800","pg","63fc5c53-85ca-4c43-b62e-6e262e29e78a","FORWARD","82af2f42-0a92-48f8-a676-654209a18593","NOC_FIELD_INSPECTOR","1723f919-bcce-4f6f-a135-4757075c5c27","1745170648438","1723f919-bcce-4f6f-a135-4757075c5c27","1745170648438",True
"37b0f9f0-d586-44e1-bf22-48c3a7b683ee","pg","29d16ea4-a2dd-438b-96ae-9f3312fa74a7","REJECT","702ec6e9-311e-40a7-9b90-029fdd2b47fc","NOC_DOC_VERIFIER","1723f919-bcce-4f6f-a135-4757075c5c27","1745170648438","1723f919-bcce-4f6f-a135-4757075c5c27","1745170648438",True
"37e0f017-5698-4bcb-a068-aedcd78abe96","pg.citya","7235af5b-54bf-4282-8802-802b3bf22012","REJECT","da877bd3-7e3d-4fae-8e76-6d1054aa32bb","CITIZEN,PT_CITIZEN,PT_CEMP","3709110a-4b1d-49a4-b639-95b689a86aa5","1743506463523","c8d9141d-b3f3-41e3-bc1f-649af40dee6a","1747221963724",True
"37e719f7-3d80-4a88-8474-efd9e7b6bca4","pg.citya","a45e2c7f-bbda-49ef-9b06-349458685765","FORWARD","5bf2b38f-af3d-4eac-8109-42542c29366c","BPAREG_DOC_VERIFIER","3709110a-4b1d-49a4-b639-95b689a86aa5","1743501511811","c8d9141d-b3f3-41e3-bc1f-649af40dee6a","1747302781861",True
"380fa397-4882-457a-adc8-b5c6beb58482","pg","dd709151-7dab-475d-bdf5-a58babdf92af","SENDBACK","0ffa6840-88d7-4721-a618-8fb02fe0e5cb","FSM_ADMIN","5130f2e3-efc1-401a-94fb-b9e60d9fa17d","1744197702516","5130f2e3-efc1-401a-94fb-b9e60d9fa17d","1744197702516",True
"388394ae-c085-4643-864c-0db3152b3fa3","pg.citya","995220c1-f4c2-4510-9115-d5f100635b7a","SUBMIT","b5348326-908d-4c99-a7ea-4edd45f949d9","FSM_EDITOR_EMP","3903e096-3b9f-43a5-b5f0-4c37079d6cd5","1746620241301","3903e096-3b9f-43a5-b5f0-4c37079d6cd5","1746620241301",True
"38b251fd-ec47-482e-b3bc-ade24764c9cb","pg.citya","5ea79b24-0f5d-48bf-92ee-7caa90bdfa81","REASSING","5ea79b24-0f5d-48bf-92ee-7caa90bdfa81","FSM_EDITOR_EMP","5130f2e3-efc1-401a-94fb-b9e60d9fa17d","1746620274309","5130f2e3-efc1-401a-94fb-b9e60d9fa17d","1746620274309",True
"38ec2e89-78d1-4371-95ef-afbe7375e7ff","pg","3672e189-6e89-4454-a067-ce1f269d98ac","VERIFYANDFORWARD","1210904b-b98e-4172-a53a-ccc0569c9f0f","ESTIMATE_VERIFIER","b43b260c-f620-45d3-a43f-f53148f87f15","1759748291264","b43b260c-f620-45d3-a43f-f53148f87f15","1759748291264",True
"39e3f993-6984-4d62-83af-24458348a63e","pg","b4f4435d-cd8e-43c5-ace2-12cbe36845c5","PAY","e10f28ca-8fd5-46a3-a0d4-9bccb636d469","CITIZEN,WS_CITIZEN,WS_CEMP,SYSTEM_PAYMENT","1723f919-bcce-4f6f-a135-4757075c5c27","1745170689502","1723f919-bcce-4f6f-a135-4757075c5c27","1750320158669",True
"3a038323-bdab-4983-97ac-7a81a9ec335c","pg.citya","8beffb9f-bd56-4695-ae6d-be397e862aa3","INITIATE","8beffb9f-bd56-4695-ae6d-be397e862aa3","BPA_ARCHITECT,BPA_ENGINEER,BPA_BUILDER,BPA_STRUCTURALENGINEER,BPA_TOWNPLANNER,BPA_SUPERVISOR","3709110a-4b1d-49a4-b639-95b689a86aa5","1743501511811","c8d9141d-b3f3-41e3-bc1f-649af40dee6a","1747227583985",True
"3a1b47b2-04ea-4ee7-83d6-3b26484b8c4f","pg.citya","3c7f8bd8-dd50-49aa-acce-75b261dfc611","ADHOC","3c7f8bd8-dd50-49aa-acce-75b261dfc611","CITIZEN,BPA_CITIZEN,BPA_ARCHITECT,BPA_ENGINEER,BPA_BUILDER,BPA_STRUCTURALENGINEER,BPA_TOWNPLANNER,BPA_SUPERVISOR,SYSTEM_PAYMENT,CEMP","3709110a-4b1d-49a4-b639-95b689a86aa5","1743501511811","c8d9141d-b3f3-41e3-bc1f-649af40dee6a","1747225208046",True
"3a7119c5-ddaf-4234-8f2c-73248e3ce7e8","pg","4abfbf27-2e64-4657-87bd-d8056f6fb1d1","SENDBACKFROMFI","c6ec91e9-cc27-432f-8488-e28ce18b234b","PT_FIELD_INSPECTOR","919f4168-223a-4ea9-8d27-9a9e27e672bd","1743070107121","c8d9141d-b3f3-41e3-bc1f-649af40dee6a","1747894463358",True
"3ab182eb-8729-4b28-858e-9726113cae2d","pg.citya","ea712723-bf0c-41bc-a2f2-4500b9cc97cc","APPROVE","a854acf4-5796-42f8-9ff3-847b867a93b8","BPAREG_APPROVER","3709110a-4b1d-49a4-b639-95b689a86aa5","1743501511811","c8d9141d-b3f3-41e3-bc1f-649af40dee6a","1747303159965",True
"3abeecf7-fe87-48df-879a-b8bc71aec960","pg","1dc7429d-6274-4fa7-87da-8c6c2f7f92b4","PAY","6b4ea5a5-83a2-4645-a684-5847e738cb13","CITIZEN,BPA_CITIZEN,SYSTEM_PAYMENT","1723f919-bcce-4f6f-a135-4757075c5c27","1744613193390","c8d9141d-b3f3-41e3-bc1f-649af40dee6a","1747302742562",True
"3ad092f4-4181-4c77-ab76-79bf44a62098","pg.citya","673a0441-6c37-44b3-b1e0-c78328d916e5","FORWARD","f50efcd6-f310-4106-884b-1898ae2b9ba7","CITIZEN,BPA_CITIZEN","3709110a-4b1d-49a4-b639-95b689a86aa5","1743501511811","c8d9141d-b3f3-41e3-bc1f-649af40dee6a","1747227433277",True
"3b1c44b8-4c1f-49ae-a43d-af16219a9968","pg","10106d9b-4d72-4589-978f-48e5182174e0","EXECUTE_DISCONNECTION","fb7baa03-abbf-48e6-8f51-96a6d7bacd39","SW_CLERK","1723f919-bcce-4f6f-a135-4757075c5c27","1745170768730","1723f919-bcce-4f6f-a135-4757075c5c27","1750320031573",True
"3b27aad0-6792-47b0-9907-3811494790b4","pg","cf33d6f0-43e1-4ff6-82f4-522544d52006","REJECT","2c581cc6-2bd4-4797-bc81-9c55f90d7b87","FSM_ADMIN","11b0e02b-0145-4de2-bc42-c97b96264807","1744197648205","11b0e02b-0145-4de2-bc42-c97b96264807","1744197648205",True
"3b82bd59-e72e-4b51-8914-5d638bb4c853","pg","11453774-fa3b-40e7-af54-8b5ede217be4","SEND_BACK","e82a66ad-f102-47b7-9859-ef9f57626fa8","WS_APPROVER,SW_APPROVER","1723f919-bcce-4f6f-a135-4757075c5c27","1745170721050","1723f919-bcce-4f6f-a135-4757075c5c27","1750320275276",True
"3baba794-d3f8-4e09-a664-bff08f6fae2a","pg.citya","561fd503-8b33-4078-ae69-28152ae7a7cb","PAY","597c7664-2a96-499d-8719-cbe7858da447","CITIZEN,TL_CITIZEN,TL_CEMP,SYSTEM_PAYMENT","1723f919-bcce-4f6f-a135-4757075c5c27","1743484407631","c8d9141d-b3f3-41e3-bc1f-649af40dee6a","1747222452265",True
"3bc28680-6e1d-42fa-849e-a774275836d9","pg.citya","2e98a386-f09f-4724-8288-c33eb3905fcc","PAY","3f07f19a-8948-4cc9-a891-87829854374f","CITIZEN,WS_CITIZEN,WS_CEMP","d14f1116-6b07-4345-9db9-820d2e85daa0","1750331436198","d14f1116-6b07-4345-9db9-820d2e85daa0","1750331436198",True
"3bea2d9f-5a60-4258-853e-af133bbcb64f","pg.citya","66fbbe04-608c-4ddb-8940-d8c6c047c355","SENDBACKTOCITIZEN","a916d4d6-698f-44dd-ae07-99eb13087bbf","PT_APPROVER","3709110a-4b1d-49a4-b639-95b689a86aa5","1743506463523","d14f1116-6b07-4345-9db9-820d2e85daa0","1758271856474",True
"3cae7fe9-8c82-49cc-b631-0a1f5f832642","pg.citya","50ea4c61-f49c-4ed2-9a58-f92a3d87ad97","SUBMIT_APPLICATION","856e72b4-fd7a-49ce-a7c2-0a50765db790","WS_CEMP","d14f1116-6b07-4345-9db9-820d2e85daa0","1750331424350","d14f1116-6b07-4345-9db9-820d2e85daa0","1750331424350",True
"3cfa0324-7170-43b6-b3ab-9a238cf51167","pg.citya","d835de7e-6cdf-4c1b-ac71-57fd699f375d","REASSING","d835de7e-6cdf-4c1b-ac71-57fd699f375d","FSM_EDITOR_EMP","5130f2e3-efc1-401a-94fb-b9e60d9fa17d","1746620339237","5130f2e3-efc1-401a-94fb-b9e60d9fa17d","1746620339237",True
"3d25a5c7-67a4-4b92-ab87-7e747732c684","pg","76e7e710-96d9-4286-8b64-bdd689d6bfc9","FORWARD","78740e0f-ab82-40bd-8bf6-c149b85e79cc","BPA_NOC_VERIFIER","1723f919-bcce-4f6f-a135-4757075c5c27","1744621887819","c8d9141d-b3f3-41e3-bc1f-649af40dee6a","1747300190538",True
"3d829141-3568-4342-8a4b-17558805e4d5","pg","f4c76aa6-f0e7-49db-9026-6182f685cf36","REJECT","52c727f7-e5f0-478a-89e3-d72bb4aaee7e","BPA_VERIFIER","1723f919-bcce-4f6f-a135-4757075c5c27","1744621912674","c8d9141d-b3f3-41e3-bc1f-649af40dee6a","1747300462548",True
"3e149ff1-4e74-42c1-9063-d1b0984d6518","pg.citya","b9649c39-c44b-4a77-8a01-c697d0b67a9b","SENDBACK","2d77f0b0-4c82-4057-8fd1-9949bc36c757","FSM_ADMIN","3903e096-3b9f-43a5-b5f0-4c37079d6cd5","1746620241301","3903e096-3b9f-43a5-b5f0-4c37079d6cd5","1746620241301",True
"3e15a4b3-37ff-4d6a-bb24-eeffb9bd1ffd","pg","b3447e63-5f50-4549-9f06-394b5ff9d614","PAY","724be35f-160e-4b0c-acbf-74999e15d0a4","CITIZEN,BPA_CITIZEN,SYSTEM_PAYMENT","1723f919-bcce-4f6f-a135-4757075c5c27","1744621972446","c8d9141d-b3f3-41e3-bc1f-649af40dee6a","1747303289822",True
"3e1a9f21-cc4f-4c77-8b79-c0876c631881","pg","7625824f-0be6-4b4d-bcfd-be7dc3359994","SEND_TO_CITIZEN","1f3c996e-bfc1-4a28-aa49-e2cc110f49c2","BPA_ARCHITECT,BPA_ENGINEER,BPA_BUILDER,BPA_STRUCTURALENGINEER,BPA_TOWNPLANNER,BPA_SUPERVISOR","1723f919-bcce-4f6f-a135-4757075c5c27","1744621912674","c8d9141d-b3f3-41e3-bc1f-649af40dee6a","1747300462548",True
"3e3fa54a-fca2-4c29-b62c-4f77210cc49a","pg.citya","0781d3ee-39a6-432e-a30a-6a4982782607","CANCEL","d7b07991-e4d0-4211-b41a-3714bc500c85","FSM_ADMIN","11b0e02b-0145-4de2-bc42-c97b96264807","1746620314146","11b0e02b-0145-4de2-bc42-c97b96264807","1746620314146",True
"3f22c5f7-0785-4a5c-9f28-b312c2bb89fe","pg","11453774-fa3b-40e7-af54-8b5ede217be4","REJECT","28ce2014-4f28-4ae4-8b0a-ea31b50ba4f1","WS_APPROVER,SW_APPROVER","1723f919-bcce-4f6f-a135-4757075c5c27","1745170721050","1723f919-bcce-4f6f-a135-4757075c5c27","1750320275276",True
"40279f0f-5b62-4ebb-9156-4c145ea125a4","pg.citya","66fbbe04-608c-4ddb-8940-d8c6c047c355","REJECT","ba84aa1c-d018-4b9a-a0f6-a2569b4b2d77","PT_APPROVER","3709110a-4b1d-49a4-b639-95b689a86aa5","1743506463523","d14f1116-6b07-4345-9db9-820d2e85daa0","1758271856474",True
"40851382-3b2f-46b4-9224-a2a81a25982a","pg","510683c3-7c27-4420-9feb-def58efb44d6","FORWARD","13d5d3b6-dcbd-42cc-8b44-839fb7dd79c4","CITIZEN,BPA_CITIZEN,BPA_ARCHITECT","1723f919-bcce-4f6f-a135-4757075c5c27","1744621912674","c8d9141d-b3f3-41e3-bc1f-649af40dee6a","1747300462548",True
"40b6c6c8-08d7-4cc6-8c53-094bd150986f","pg.citya","ffed33b2-e2ba-4650-a0ff-a4e4b29cd9ff","COMPLETED","12cdc2a0-b7be-48a6-a196-25080e687751","FSM_DSO,FSM_EDITOR_EMP","5130f2e3-efc1-401a-94fb-b9e60d9fa17d","1746620274309","5130f2e3-efc1-401a-94fb-b9e60d9fa17d","1746620274309",True
"40e61c4b-3946-485d-9fb0-e677334c1a05","pg.citya","597c7664-2a96-499d-8719-cbe7858da447","CANCEL","bbad2a1b-d05a-475d-8b0c-09dc3099324e","TL_APPROVER","1723f919-bcce-4f6f-a135-4757075c5c27","1743484407631","c8d9141d-b3f3-41e3-bc1f-649af40dee6a","1747222452265",True
"40f47786-20ec-4afb-84fb-4b5cbae7a9cf","pg","0d8b111a-8439-470e-97f6-cf306041c88d","INITIATE","9178164c-5a82-4b52-a08a-23c3b2730bae","CITIZEN,BPA_ARCHITECT,BPA_ENGINEER,BPA_BUILDER,BPA_STRUCTURALENGINEER,BPA_TOWNPLANNER,BPA_SUPERVISOR","1723f919-bcce-4f6f-a135-4757075c5c27","1745170642694","1723f919-bcce-4f6f-a135-4757075c5c27","1745170642694",True
"4106e6bc-e187-41e6-80c4-6714a3094af3","pg","cb4916b9-6d64-430c-be79-7de902b79979","FORWARD","c4c377f0-bda8-4324-908a-8c9c84d23c69","BPAREG_DOC_VERIFIER","1723f919-bcce-4f6f-a135-4757075c5c27","1744621746981","c8d9141d-b3f3-41e3-bc1f-649af40dee6a","1747303115855",True
"41456189-b15d-4ac4-babc-008ea338eff4","pg","866c0c57-f747-4a91-9ec5-6871ce1b0fcd","REJECT","d2fa2d51-e9e7-4721-a875-edcc0cb2c1b3","SW_APPROVER","1723f919-bcce-4f6f-a135-4757075c5c27","1745170768730","1723f919-bcce-4f6f-a135-4757075c5c27","1750320031573",True
"417b2f46-3126-4ac7-a274-f431d0df4531","pg","b9f2cb74-2653-40ce-934d-a5e92005bc3d","PAY","648e5565-1fa7-41bc-b898-6199f1a0a936","CITIZEN,BPA_CITIZEN,SYSTEM_PAYMENT","1723f919-bcce-4f6f-a135-4757075c5c27","1744621944477","c8d9141d-b3f3-41e3-bc1f-649af40dee6a","1747302871860",True
"4240e2a9-bb79-43ce-ad41-d25f3618a569","pg","bc3c9b43-e9d5-4852-8047-527a52e126d7","SEND_TO_CITIZEN","0f4b97a4-8401-40b3-969e-ed008a129497","BPA_ARCHITECT,BPA_ENGINEER,BPA_BUILDER,BPA_STRUCTURALENGINEER,BPA_TOWNPLANNER,BPA_SUPERVISOR","1723f919-bcce-4f6f-a135-4757075c5c27","1744621900491","c8d9141d-b3f3-41e3-bc1f-649af40dee6a","1747300294366",True
"42ddaa1d-5dbd-479b-ae33-b91ad34c0407","pg.citya","b7c110a9-6d55-4da7-894d-86297cb601c3","READY_FOR_DISPOSAL","cf3ad282-36be-4547-a902-59bc56c57d62","FSM_DSO,FSM_EDITOR_EMP","3903e096-3b9f-43a5-b5f0-4c37079d6cd5","1746620373694","3903e096-3b9f-43a5-b5f0-4c37079d6cd5","1746620373694",True
"433a4c44-c33e-4a57-88db-ef135a86d5e7","pg","d0af6a1e-289f-4cea-a9e8-790e5a4c1347","INITIATE","d0af6a1e-289f-4cea-a9e8-790e5a4c1347","BPA_ARCHITECT,BPA_ENGINEER,BPA_BUILDER,BPA_STRUCTURALENGINEER,BPA_TOWNPLANNER,BPA_SUPERVISOR","1723f919-bcce-4f6f-a135-4757075c5c27","1744621912674","c8d9141d-b3f3-41e3-bc1f-649af40dee6a","1747300462548",True
"43a09081-8e49-4e32-8a92-ab4b2de6bc60","pg.citya","54b8f9ae-ed2c-4111-ac2c-b7fd0b673cfe","INITIATE","58f9b9fd-b298-432b-9ff0-50312496dd6a","CITIZEN,WS_CITIZEN,WS_CEMP","d14f1116-6b07-4345-9db9-820d2e85daa0","1750331394335","d14f1116-6b07-4345-9db9-820d2e85daa0","1750331394335",True
"444b814f-d1ac-4ce7-ae1d-780441a3d859","pg.citya","a1a91c06-297d-4df0-83c5-6a361f637ee8","SENDBACK","c45d372c-7fb3-43ea-bb9d-4135211768b5","FSM_ADMIN","5130f2e3-efc1-401a-94fb-b9e60d9fa17d","1746620465019","5130f2e3-efc1-401a-94fb-b9e60d9fa17d","1746620465019",True
"4496ff30-62f8-4b90-bb52-7cad240d88b0","pg","6fde2509-8a02-437a-9e4a-e3c50014e654","INITIATE","cbc5bfc6-2d31-44f0-9b09-42f19ceca5fe","WS_CEMP","1723f919-bcce-4f6f-a135-4757075c5c27","1745170704298","1723f919-bcce-4f6f-a135-4757075c5c27","1745170704298",True
"44f75a89-d676-49a8-80b1-4f06fbaf4fe6","pg.citya","f7cd8f48-5103-44d4-8339-0b424ca07972","COMPLETED","e72a5087-a919-4dc0-9d44-cbce52b52bcc","FSM_DSO,FSM_EDITOR_EMP","3903e096-3b9f-43a5-b5f0-4c37079d6cd5","1746620241301","3903e096-3b9f-43a5-b5f0-4c37079d6cd5","1746620241301",True
"4506db11-b9a3-4e22-baf9-5d2cbd75c78f","pg.citya","9ce2c4e4-b304-4795-9e96-190fb650c8f6","APPLY","3c7f8bd8-dd50-49aa-acce-75b261dfc611","BPA_ARCHITECT,BPA_ENGINEER,BPA_BUILDER,BPA_STRUCTURALENGINEER,BPA_TOWNPLANNER,BPA_SUPERVISOR","3709110a-4b1d-49a4-b639-95b689a86aa5","1743501511811","c8d9141d-b3f3-41e3-bc1f-649af40dee6a","1747225208046",True
"4558e31a-9e74-4116-ab46-6b75dae4647c","pg.citya","7c5d4720-9ee1-4a44-b72a-e037663bd76d","OPEN","bb61dbc8-c402-433f-99e5-3dcf0694e99e","CITIZEN,PT_CITIZEN,TL_CITIZEN,FN_CITIZEN,WS_CITIZEN,PT_CEMP,TL_CEMP,WS_CEMP,SW_CEMP","3709110a-4b1d-49a4-b639-95b689a86aa5","1743506463523","d14f1116-6b07-4345-9db9-820d2e85daa0","1758271856474",True
"45b19a52-bf35-40dc-bc89-760ba063c38d","pg.citya","4a5b88bf-fd54-4d57-b79b-b306f3315231","REJECT","0986acff-ee96-47c0-81e6-d19cbbc42509","PT_APPROVER","3709110a-4b1d-49a4-b639-95b689a86aa5","1743506463523","c8d9141d-b3f3-41e3-bc1f-649af40dee6a","1747296696098",True
"45cc7569-0241-4dbc-8cba-69e3797d99c0","pg.citya","f50efcd6-f310-4106-884b-1898ae2b9ba7","FORWARD","98af4240-3008-4af0-a51c-c12470df04c7","BPA_FIELD_INSPECTOR","3709110a-4b1d-49a4-b639-95b689a86aa5","1743501511811","c8d9141d-b3f3-41e3-bc1f-649af40dee6a","1747227433277",True
"45eb5cfc-4c5a-48da-808e-4bb58cef2e4c","pg","2726cb75-1ddf-463a-ba4a-31de619f0809","REJECT","cba43805-34a0-47e9-8369-bb7a1a35060c","FSM_ADMIN","5130f2e3-efc1-401a-94fb-b9e60d9fa17d","1744197661636","5130f2e3-efc1-401a-94fb-b9e60d9fa17d","1744197661636",True
"4604f508-674d-4477-91cd-0bfc97982c93","pg","0cd986d2-76db-4143-96c5-85efb4257771","SENDBACK","0ffa6840-88d7-4721-a618-8fb02fe0e5cb","FSM_ADMIN","5130f2e3-efc1-401a-94fb-b9e60d9fa17d","1744197702516","5130f2e3-efc1-401a-94fb-b9e60d9fa17d","1744197702516",True
"461e101f-870d-4882-8ba4-8bd8f55450e2","pg.citya","54fd18e9-964b-4081-82e8-35a5cbde0241","REASSIGN","933bdec8-5600-4ba8-ae60-4428426d7051","GRO,DGRO","a4a0d5a5-2edc-4c3d-bf97-5fdd1f88cbaa","1743096883293","a4a0d5a5-2edc-4c3d-bf97-5fdd1f88cbaa","1743096883293",True
"46c4eadf-a737-4acc-98d5-22899e013fff","pg.citya","f407c7c5-88a0-4c75-9e31-02a5bb2c4142","SEND_BACK_TO_CITIZEN","990fdad4-f2ec-4d12-bc61-61ae7c9ff5a7","BPA_NOC_VERIFIER","3709110a-4b1d-49a4-b639-95b689a86aa5","1743501511811","c8d9141d-b3f3-41e3-bc1f-649af40dee6a","1747227583985",True
"46d1ed07-a364-40f9-8584-78d5dbb405d6","pg.citya","a87b921b-2df0-4a7b-aef2-631da9df3422","VERIFY_AND_FORWARD","30f029af-db26-4b12-9c70-2fda076d8f51","WS_FIELD_INSPECTOR","d14f1116-6b07-4345-9db9-820d2e85daa0","1750331394335","d14f1116-6b07-4345-9db9-820d2e85daa0","1750331394335",True
"4709fa1e-80f5-4df3-a6aa-0e878fb4efdb","pg","af56b240-542c-49a1-a9bb-fcc2e93866aa","COMPLETED","b04c2279-f6ef-4c4d-87a1-6eefa30553a9","FSM_DSO,FSM_EDITOR_EMP","3903e096-3b9f-43a5-b5f0-4c37079d6cd5","1744197611210","3903e096-3b9f-43a5-b5f0-4c37079d6cd5","1744197611210",True
"475717d7-21f7-45b7-8132-e8e9ab1b8776","pg","f2749fb6-63fb-466b-be6f-9cfb268ffb9e","SEND_BACK_TO_CITIZEN","dfea0ba8-ade6-4124-b349-717b2998116f","BPA_VERIFIER","1723f919-bcce-4f6f-a135-4757075c5c27","1744621900491","c8d9141d-b3f3-41e3-bc1f-649af40dee6a","1747300294366",True
"4844eb72-af6e-4c52-b973-0bd47afa703f","pg.citya","fbaf7fce-2b80-46ae-861f-6289a5ae2065","SEND_BACK_FOR_FIELD_INSPECTION","5a7ef49d-0188-4a88-b1aa-49ec02ab7566","WS_APPROVER","d14f1116-6b07-4345-9db9-820d2e85daa0","1750331436198","d14f1116-6b07-4345-9db9-820d2e85daa0","1750331436198",True
"48df64e2-6306-4936-bf17-fdeabe6c2387","pg.citya","d36b84be-c64e-4beb-9707-362e1cedb800","REJECT","5c8c8497-0459-41b4-96c0-662fc37d919f","TL_APPROVER","1723f919-bcce-4f6f-a135-4757075c5c27","1743484407631","c8d9141d-b3f3-41e3-bc1f-649af40dee6a","1747222452265",True
"491073f1-7660-45fa-a038-5e5a3c2b8799","pg.citya","f564f83e-1214-48a4-a542-89f97e73b6c1","REOPEN","95cc1cc4-9720-4179-8f99-886e346e1ba5","CITIZEN,PT_CITIZEN,PT_CEMP","3709110a-4b1d-49a4-b639-95b689a86aa5","1743506463523","c8d9141d-b3f3-41e3-bc1f-649af40dee6a","1747296696098",True
"496b8988-e58b-426f-8361-124f77478fe2","pg.citya","462d81fc-de94-49da-afcd-5d13075b7b03","VERIFY_AND_FORWARD","aa8862ff-f01c-4fbc-991c-8f9248756760","SW_DOC_VERIFIER","d14f1116-6b07-4345-9db9-820d2e85daa0","1750331517050","d14f1116-6b07-4345-9db9-820d2e85daa0","1750331517050",True
"4986b7f3-98cb-4260-976c-1ee4becbdbce","pg","a6dd0299-b5a0-48c7-b78d-4af5cb05de2f","REJECT","eed252ac-cce2-4c48-a049-1f6cf2d2979f","WORK_ORDER_CREATOR","b43b260c-f620-45d3-a43f-f53148f87f15","1759748358987","b43b260c-f620-45d3-a43f-f53148f87f15","1759748358987",True
"49a39269-bb88-4017-bba1-60332ffc436f","pg","8f5ba48a-5484-4ee0-809c-0801be68236e","REJECT","eed252ac-cce2-4c48-a049-1f6cf2d2979f","ORG_ADMIN","b43b260c-f620-45d3-a43f-f53148f87f15","1759748358987","b43b260c-f620-45d3-a43f-f53148f87f15","1759748358987",True
"4a237de0-b3f6-4815-9cd7-befa120ec80f","pg.citya","a123a403-b54b-4018-8367-8b6c231663fa","FORWARD","66fbbe04-608c-4ddb-8940-d8c6c047c355","PT_FIELD_INSPECTOR","3709110a-4b1d-49a4-b639-95b689a86aa5","1743506463523","d14f1116-6b07-4345-9db9-820d2e85daa0","1758271856474",True
"4a72950e-5914-4b4d-824a-20c06a675184","pg","0227c254-14e7-4089-b259-bc54fea1c0a8","VERIFY_AND_FORWARD","42890bfe-70e3-4264-86ff-9ccd1e9f8a7b","SW_DOC_VERIFIER","1723f919-bcce-4f6f-a135-4757075c5c27","1745170768730","1723f919-bcce-4f6f-a135-4757075c5c27","1750320031573",True
"4a7be8c1-06f0-4c54-9f82-216d72d5e233","pg.citya","a0af0a90-80d8-4398-bd09-41923b5248c8","REJECT","aba50f97-1e40-4100-8cd8-50e2b630bb94","BPA_APPROVER","3709110a-4b1d-49a4-b639-95b689a86aa5","1743501511811","c8d9141d-b3f3-41e3-bc1f-649af40dee6a","1747227433277",True
"4ac6b2f2-992a-45bd-bdca-5d14dd5049c5","pg.citya","f7cd8f48-5103-44d4-8339-0b424ca07972","SENDBACK","2d77f0b0-4c82-4057-8fd1-9949bc36c757","FSM_ADMIN","3903e096-3b9f-43a5-b5f0-4c37079d6cd5","1746620241301","3903e096-3b9f-43a5-b5f0-4c37079d6cd5","1746620241301",True
"4adbf65f-a016-4633-865e-e1608fc2a120","pg.citya","add96520-a067-4a9b-9369-e9634b72c2ca","CANCEL","d7b07991-e4d0-4211-b41a-3714bc500c85","FSM_ADMIN","11b0e02b-0145-4de2-bc42-c97b96264807","1746620314146","11b0e02b-0145-4de2-bc42-c97b96264807","1746620314146",True
"4ae76640-20b1-49be-8c26-94110bbaada7","pg.citya","f50efcd6-f310-4106-884b-1898ae2b9ba7","SEND_BACK_TO_CITIZEN","673a0441-6c37-44b3-b1e0-c78328d916e5","BPA_FIELD_INSPECTOR","3709110a-4b1d-49a4-b639-95b689a86aa5","1743501511811","c8d9141d-b3f3-41e3-bc1f-649af40dee6a","1747227433277",True
"4b1baba7-0a3b-4eed-baf3-69d78729098a","pg","13d5d3b6-dcbd-42cc-8b44-839fb7dd79c4","REJECT","52c727f7-e5f0-478a-89e3-d72bb4aaee7e","BPA_NOC_VERIFIER","1723f919-bcce-4f6f-a135-4757075c5c27","1744621912674","c8d9141d-b3f3-41e3-bc1f-649af40dee6a","1747300462548",True
"4b6535a9-4cd0-426f-9edb-d5bd5f203ae2","pg","64abc187-1dcb-443c-80c0-116912da9a5b","DSO_REJECT","af7ff6c3-952d-47b0-bcca-8b0e91bf234e","FSM_DSO,FSM_EDITOR_EMP","5130f2e3-efc1-401a-94fb-b9e60d9fa17d","1744197661636","5130f2e3-efc1-401a-94fb-b9e60d9fa17d","1744197661636",True
"4c10eb78-b768-4a64-9dc3-d442525f6344","pg.citya","eb2fd607-bad0-4abb-a39d-1bce2e1da2c1","REFER","eb2fd607-bad0-4abb-a39d-1bce2e1da2c1","NOC_DOC_VERIFIER","1723f919-bcce-4f6f-a135-4757075c5c27","1743483264461","1723f919-bcce-4f6f-a135-4757075c5c27","1743483264461",True
"4c8d50c2-476f-49a0-bf28-c288549a9108","pg.citya","0781d3ee-39a6-432e-a30a-6a4982782607","REASSING","67aaa3cd-0507-4aa7-ba74-16dbd14fff21","FSM_EDITOR_EMP","11b0e02b-0145-4de2-bc42-c97b96264807","1746620314146","11b0e02b-0145-4de2-bc42-c97b96264807","1746620314146",True
"4cdbcdd0-320f-4ef2-8c7c-a605d82baa4f","pg.citya","bc43bfaf-c4d4-45c0-addf-509a9e285d40","ACTIVATE_CONNECTION","8660a36a-2eb5-485e-b298-a5baa042ade6","WS_CLERK","d14f1116-6b07-4345-9db9-820d2e85daa0","1750331394335","d14f1116-6b07-4345-9db9-820d2e85daa0","1750331394335",True
"4de3d96d-1fb2-4605-bb4a-99dc339dd1c1","pg.citya","434a246e-7e99-43a6-8b3e-a01c4b6aefb5","FORWARD","01eb74e4-fe6e-490c-9e91-4ad262329f2b","TL_DOC_VERIFIER","1723f919-bcce-4f6f-a135-4757075c5c27","1743484407631","c8d9141d-b3f3-41e3-bc1f-649af40dee6a","1747222452265",True
"4e14d393-2958-4702-b20e-25561f975521","pg.citya","95cc1cc4-9720-4179-8f99-886e346e1ba5","VERIFY","6ead1673-1308-47e1-83a8-0f48ec25bd0e","PT_DOC_VERIFIER","3709110a-4b1d-49a4-b639-95b689a86aa5","1743506463523","c8d9141d-b3f3-41e3-bc1f-649af40dee6a","1747296696098",True
"4e1c2083-8e1b-45d2-88c3-134f5f5a5a1f","pg","7c6894d2-7603-490e-81d2-dec530710368","REJECT","163fbc71-9b5e-4510-bacd-35c4cba14b05","GRO,DGRO","a4a0d5a5-2edc-4c3d-bf97-5fdd1f88cbaa","1743096378513","a4a0d5a5-2edc-4c3d-bf97-5fdd1f88cbaa","1743096378513",True
"4e76923c-26f7-4224-9bd4-66d06611cc22","pg","e82a66ad-f102-47b7-9859-ef9f57626fa8","RE-SUBMIT","11453774-fa3b-40e7-af54-8b5ede217be4","CITIZEN,WS_CITIZEN,SW_CEMP,WS_CEMP","1723f919-bcce-4f6f-a135-4757075c5c27","1745170721050","1723f919-bcce-4f6f-a135-4757075c5c27","1750320275276",True
"4ebc930b-fca7-4048-8321-2c47677f4cfd","pg","c34ad474-bfe5-45aa-9882-a78514d72682","REJECT","5c35ba1f-4493-49a1-9fee-d996c5d84951","BPA_APPROVER","1723f919-bcce-4f6f-a135-4757075c5c27","1744621900491","c8d9141d-b3f3-41e3-bc1f-649af40dee6a","1747300294366",True
"4f0fe6d9-6dda-4ed6-8df7-fd6d0f8ce845","pg","ec38c3b4-65c6-4144-b3d7-d84b32f6b1b1","APPROVE","01c8bb7e-a2a1-49f8-ba0f-1606da658931","FIRE_NOC_APPROVER","1723f919-bcce-4f6f-a135-4757075c5c27","1745170615341","1723f919-bcce-4f6f-a135-4757075c5c27","1745170615341",True
"4f1ed6c2-c47d-4392-9c0f-ef702c5d3a2f","pg.citya","4ff47f50-5682-4332-bebf-fb20009ed66a","REFER","4ff47f50-5682-4332-bebf-fb20009ed66a","NOC_APPROVER","1723f919-bcce-4f6f-a135-4757075c5c27","1743483264461","1723f919-bcce-4f6f-a135-4757075c5c27","1743483264461",True
"4f319470-fff8-4bf8-998d-9eee13eaccd4","pg.citya","9d94cc93-ff18-4348-85ab-4227a15db8fe","REJECT","6b2addf4-6a9e-44b3-9609-2eb38a17c9f5","FSM_ADMIN","11b0e02b-0145-4de2-bc42-c97b96264807","1746620314146","11b0e02b-0145-4de2-bc42-c97b96264807","1746620314146",True
"4f36daca-8eb3-43e7-875f-26eaa1f41c4d","pg","514c516e-2791-4757-b396-1e32e399f4be","SENDBACKTOORIGINATOR","6f854573-d9ee-4036-bc2d-f0f8f84e088d","ESTIMATE_APPROVER","b43b260c-f620-45d3-a43f-f53148f87f15","1759748291264","b43b260c-f620-45d3-a43f-f53148f87f15","1759748291264",True
"4f5cb72b-2382-4ab0-acac-d52abbbf74af","pg.citya","c179b5f1-950b-4367-9cfc-03817d36e3a5","APPLY","add96520-a067-4a9b-9369-e9634b72c2ca","FSM_CREATOR_EMP","11b0e02b-0145-4de2-bc42-c97b96264807","1746620314146","11b0e02b-0145-4de2-bc42-c97b96264807","1746620314146",True
"50747c3f-7768-426f-9860-ff46c7acc865","pg","24ef2b6e-8e10-4420-a2c6-3a43372cbfa7","APPROVE","69c9031e-c380-42f4-93ea-91b6533906a0","BPAREG_APPROVER","1723f919-bcce-4f6f-a135-4757075c5c27","1744621953667","c8d9141d-b3f3-41e3-bc1f-649af40dee6a","1747302990941",True
"50b75e73-b6e2-4dd8-9389-0303766c5c01","pg","13e7fdfb-b71e-4b5b-96f6-ea05e7fc1843","EXECUTE_DISCONNECTION","4bb72461-2b55-42b1-a274-e44fd36dadf0","WS_CLERK","1723f919-bcce-4f6f-a135-4757075c5c27","1745170711814","1723f919-bcce-4f6f-a135-4757075c5c27","1750320234575",True
"50f13a44-f615-4415-8534-c8398d414b8e","pg","d5375dbb-2721-46ae-bdb8-b8786a82ba3f","APPROVE_CONNECTION","ca94d99e-f062-4b32-83fb-2b7135de2013","WS_APPROVER","1723f919-bcce-4f6f-a135-4757075c5c27","1745170704298","1723f919-bcce-4f6f-a135-4757075c5c27","1745170704298",True
"512ca958-a495-41a8-8059-54d690d6067f","pg","4d23db06-f804-4de1-a2c7-6544003284f8","SEND_BACK_TO_CITIZEN","1add7391-2707-4dd3-a115-bd1ecd52a901","BPA_FIELD_INSPECTOR","1723f919-bcce-4f6f-a135-4757075c5c27","1744621887819","c8d9141d-b3f3-41e3-bc1f-649af40dee6a","1747300190538",True
"5158e4ea-d9a1-489e-bb91-c9ebef5e871f","pg.citya","5a7ef49d-0188-4a88-b1aa-49ec02ab7566","SEND_BACK_FOR_DOCUMENT_VERIFICATION","d5a2b9b4-fd02-4384-8765-65a9f0ca471c","WS_FIELD_INSPECTOR","d14f1116-6b07-4345-9db9-820d2e85daa0","1750331436198","d14f1116-6b07-4345-9db9-820d2e85daa0","1750331436198",True
"519a6ea2-4ec2-4c71-801b-6659a9f11180","pg.citya","01eb74e4-fe6e-490c-9e91-4ad262329f2b","REJECT","5c8c8497-0459-41b4-96c0-662fc37d919f","TL_FIELD_INSPECTOR","1723f919-bcce-4f6f-a135-4757075c5c27","1743484407631","c8d9141d-b3f3-41e3-bc1f-649af40dee6a","1747222452265",True
"52185443-5e15-4fef-9bd5-665d93a94052","pg.citya","7235af5b-54bf-4282-8802-802b3bf22012","REOPEN","1e442c24-fef4-4992-a548-42564176da59","CITIZEN,PT_CITIZEN,PT_CEMP","3709110a-4b1d-49a4-b639-95b689a86aa5","1743506463523","c8d9141d-b3f3-41e3-bc1f-649af40dee6a","1747221963724",True
"52e9f7d9-b04f-443d-97b9-0774d46b5fc7","pg","64abc187-1dcb-443c-80c0-116912da9a5b","DSO_ACCEPT","1afa7302-f4c1-4bde-a27b-22d82926ebb2","FSM_DSO,FSM_EDITOR_EMP","5130f2e3-efc1-401a-94fb-b9e60d9fa17d","1744197661636","5130f2e3-efc1-401a-94fb-b9e60d9fa17d","1744197661636",True
"531198fb-6ec5-42c9-9526-7e55eb5f5806","pg","439100ef-8bc7-41fa-871e-12c49f23714c","AUTO_APPROVE","b86522c2-cb89-4c15-a377-03cec73807b0","BPA_VERIFIER,BPA_FIELD_INSPECTOR,BPA_NOC_VERIFIER,BPA_APPROVER","1723f919-bcce-4f6f-a135-4757075c5c27","1745170635449","1723f919-bcce-4f6f-a135-4757075c5c27","1745170635449",True
"53a5c66e-1b7c-4746-9712-ce7c5bc155c0","pg.citya","eab5b3a5-c9da-4ff3-819a-56cfcf0be3fa","APPROVE","c3212867-f63a-43b9-b0fd-1101065ab3c7","FIRE_NOC_APPROVER","1723f919-bcce-4f6f-a135-4757075c5c27","1743483264461","1723f919-bcce-4f6f-a135-4757075c5c27","1743483264461",True
"541a5c42-9cb3-432b-a2dc-d5c7bbc238ae","pg","439100ef-8bc7-41fa-871e-12c49f23714c","VOID","daa73f2f-b453-44b4-8de7-69696cd2bd9f","BPA_VERIFIER,BPA_FIELD_INSPECTOR,BPA_NOC_VERIFIER,BPA_APPROVER","1723f919-bcce-4f6f-a135-4757075c5c27","1745170635449","1723f919-bcce-4f6f-a135-4757075c5c27","1745170635449",True
"545a865c-af1b-43a9-b9b0-5c31f75aa5bc","pg.citya","85ae2763-c43c-44e6-b236-3f7d21ad8f3a","REJECT","a2786a1a-3050-4316-86b1-6e3bc1022800","FIRE_NOC_APPROVER","1723f919-bcce-4f6f-a135-4757075c5c27","1743485624550","1723f919-bcce-4f6f-a135-4757075c5c27","1743485624550",True
"54eedb5d-e997-4ad2-a1a2-050302074e20","pg.citya","702db8a7-510a-4fc3-9be4-1ab33faed82c","APPLY","a2789556-fb41-4129-a0d1-69e30df5e54d","BPA_ARCHITECT,BPA_ENGINEER,BPA_BUILDER,BPA_STRUCTURALENGINEER,BPA_TOWNPLANNER,BPA_SUPERVISOR","3709110a-4b1d-49a4-b639-95b689a86aa5","1743501511811","c8d9141d-b3f3-41e3-bc1f-649af40dee6a","1747227583985",True
"55239c85-51e8-48ef-9bbc-5827532f3eff","pg.citya","856e72b4-fd7a-49ce-a7c2-0a50765db790","APPROVE_CONNECTION","3e1fd9fc-17b9-4619-99fb-c07f8116272b","WS_APPROVER","d14f1116-6b07-4345-9db9-820d2e85daa0","1750331424350","d14f1116-6b07-4345-9db9-820d2e85daa0","1750331424350",True
"556518b2-03c1-4e6b-b542-007e368ebbd6","pg","4abfbf27-2e64-4657-87bd-d8056f6fb1d1","FORWARD","dd5f4830-8dec-4c67-8695-15b0bd08313f","PT_FIELD_INSPECTOR","919f4168-223a-4ea9-8d27-9a9e27e672bd","1743070107121","c8d9141d-b3f3-41e3-bc1f-649af40dee6a","1747894463358",True
"55a1b17d-2350-4aad-8d3e-238bf6da6602","pg","648e5565-1fa7-41bc-b898-6199f1a0a936","REJECT","7680583a-bbfa-4498-a97e-a3abda79a145","BPAREG_DOC_VERIFIER","1723f919-bcce-4f6f-a135-4757075c5c27","1744621944477","c8d9141d-b3f3-41e3-bc1f-649af40dee6a","1747302871860",True
"55f90b4a-8640-4145-a993-29b01ecaeee2","pg","aba5befb-d16f-40a3-9a3e-93e29f1d2e0f","PAY","407c9fe5-8941-4c62-b369-7127ab37b8b9","CITIZEN,FSM_COLLECTOR","11b0e02b-0145-4de2-bc42-c97b96264807","1744197648205","11b0e02b-0145-4de2-bc42-c97b96264807","1744197648205",True
"56011af4-db1a-4692-88ed-6752369602ae","pg.citya","49fb089f-3d36-4fac-bf64-40f7aaaa326a","SEND_BACK_TO_CITIZEN","dbc78242-195e-455f-ada3-10341344876d","BPA_VERIFIER","3709110a-4b1d-49a4-b639-95b689a86aa5","1743501511811","c8d9141d-b3f3-41e3-bc1f-649af40dee6a","1747225208046",True
"562754e6-5daa-4302-93c3-61ce336e366a","pg","1afa7302-f4c1-4bde-a27b-22d82926ebb2","PAY","1afa7302-f4c1-4bde-a27b-22d82926ebb2","CITIZEN,FSM_COLLECTOR","5130f2e3-efc1-401a-94fb-b9e60d9fa17d","1744197661636","5130f2e3-efc1-401a-94fb-b9e60d9fa17d","1744197661636",True
"56c85312-67a1-40d0-81f1-94c375220c59","pg.citya","b33c65e3-73f9-4374-bb0a-db52d629d41e","APPLY","3c0b6004-7c16-459c-81e1-17269dea5474","FSM_CREATOR_EMP","5130f2e3-efc1-401a-94fb-b9e60d9fa17d","1746620339237","5130f2e3-efc1-401a-94fb-b9e60d9fa17d","1746620339237",True
"56cf657c-6853-424c-9d9a-05039c441111","pg.citya","dc003af8-ca6f-4652-b759-bfdf506b76f7","SENDBACK","d835de7e-6cdf-4c1b-ac71-57fd699f375d","FSM_ADMIN","5130f2e3-efc1-401a-94fb-b9e60d9fa17d","1746620339237","5130f2e3-efc1-401a-94fb-b9e60d9fa17d","1746620339237",True
"56f641dd-4eb5-4508-a79e-a2d19fbfa1e4","pg","dd5f4830-8dec-4c67-8695-15b0bd08313f","SENDBACKTOCITIZEN","ef120f0d-3b9e-4933-b2bd-ce8bc6a97176","PT_APPROVER","919f4168-223a-4ea9-8d27-9a9e27e672bd","1743070107121","c8d9141d-b3f3-41e3-bc1f-649af40dee6a","1747894463358",True
"57996319-1eab-497e-89e7-956b3669118b","pg.citya","f6fe3b23-2e1a-43e6-a2bb-99a6d1b6c218","APPROVE","e945badf-68ba-462d-8dcc-dd36c4fba195","BPAREG_APPROVER","3709110a-4b1d-49a4-b639-95b689a86aa5","1743501511811","c8d9141d-b3f3-41e3-bc1f-649af40dee6a","1747302921144",True
"57a75a56-5b18-4159-907f-2c1cbf2ee237","pg","b39f186a-5766-4d64-8769-e632ad54a078","APPLY","7c6894d2-7603-490e-81d2-dec530710368","CITIZEN,CSR","a4a0d5a5-2edc-4c3d-bf97-5fdd1f88cbaa","1743096378513","a4a0d5a5-2edc-4c3d-bf97-5fdd1f88cbaa","1743096378513",True
"57a879ba-76f6-41e1-b9a5-5cdd61b725fe","pg","5ad8cc6c-1053-43e4-90ea-4394a443dff8","REOPEN","7c6894d2-7603-490e-81d2-dec530710368","CFC,CSR,CITIZEN","a4a0d5a5-2edc-4c3d-bf97-5fdd1f88cbaa","1743096378513","a4a0d5a5-2edc-4c3d-bf97-5fdd1f88cbaa","1743096378513",True
"57a89128-63cf-4bc4-8ec4-3f22783de493","pg","7c65cec2-a9ad-45d2-9e68-2ae6ae60b13f","APPROVE","190be015-37bd-4edf-8329-b834777ea410","BPAREG_APPROVER","1723f919-bcce-4f6f-a135-4757075c5c27","1744621925179","c8d9141d-b3f3-41e3-bc1f-649af40dee6a","1747299993886",True
"5807876d-f7da-475f-9a16-032aba8228b3","pg","ec38c3b4-65c6-4144-b3d7-d84b32f6b1b1","VOID","39eea235-b4b9-4bb7-9ac2-17d6c6f5cda4","BPA_VERIFIER,BPA_FIELD_INSPECTOR,BPA_NOC_VERIFIER","1723f919-bcce-4f6f-a135-4757075c5c27","1745170615341","1723f919-bcce-4f6f-a135-4757075c5c27","1745170615341",True
"580a1fda-74f0-4fb5-9cb7-5f3885464c41","pg.citya","0548169a-1290-4099-881f-73803e4ab455","RESUBMIT_APPLICATION","462d81fc-de94-49da-afcd-5d13075b7b03","CITIZEN,WS_CITIZEN,SW_CEMP","d14f1116-6b07-4345-9db9-820d2e85daa0","1750331517050","d14f1116-6b07-4345-9db9-820d2e85daa0","1750331517050",True
"584dca4c-2482-43e6-98b5-2db8dbca8a54","pg.citya","4c8ebe47-30f8-4903-8550-a431dc9e7d9d","COMPLETED","901eb23d-aba4-4a53-aea4-b5d617e811ac","FSM_DSO,FSM_EDITOR_EMP","5130f2e3-efc1-401a-94fb-b9e60d9fa17d","1746620339237","5130f2e3-efc1-401a-94fb-b9e60d9fa17d","1746620339237",True
"58bc773d-86e7-4c65-a449-06b74b9da0cf","pg.citya","9fbabc7c-abb2-477f-93b3-27d00127f5bf","REJECT","8d104729-0cdc-4d0c-a539-d33279d3db81","BPA_VERIFIER","3709110a-4b1d-49a4-b639-95b689a86aa5","1743501511811","c8d9141d-b3f3-41e3-bc1f-649af40dee6a","1747227583985",True
"590daaa9-3085-40d7-9e54-07d541ff82dc","pg.citya","cee99001-8032-49bc-9abb-8a0707e6f2e2","REJECT","b623c5ce-88ff-4829-9d65-bf0b54154cd0","TL_FIELD_INSPECTOR","1723f919-bcce-4f6f-a135-4757075c5c27","1743484407631","c8d9141d-b3f3-41e3-bc1f-649af40dee6a","1747222345985",True
"5910fbba-f2fc-40cc-b5ff-db5fd4270b7b","pg.citya","cf3ad282-36be-4547-a902-59bc56c57d62","DISPOSE","331dedf9-9b36-4d9e-a573-5f635a4cc579","FSM_EMP_FSTPO","3903e096-3b9f-43a5-b5f0-4c37079d6cd5","1746620373694","3903e096-3b9f-43a5-b5f0-4c37079d6cd5","1746620373694",True
"5978c265-933b-4780-9716-24eaad44e373","pg.citya","8b26194d-69d0-46e0-9592-aecd3c40dbab","VERIFY_AND_FORWARD","9afd3bb9-3565-48bc-a7fc-ebff0832f7fc","SW_DOC_VERIFIER","d14f1116-6b07-4345-9db9-820d2e85daa0","1750331545883","d14f1116-6b07-4345-9db9-820d2e85daa0","1750331545883",True
"599ebd39-b169-422a-b91a-b9e1aa9d0e0a","pg","ed18af3f-d9a5-4b63-9b32-34afe165e42d","SUBMIT","40ee8bd5-0d29-4482-9dd2-5e08eb178773","FSM_EDITOR_EMP","3903e096-3b9f-43a5-b5f0-4c37079d6cd5","1744197611210","3903e096-3b9f-43a5-b5f0-4c37079d6cd5","1744197611210",True
"59b070ed-1c5d-480e-8548-2e5f1123f209","pg","a57e36eb-4957-4f89-9707-cbfb6dc7ae26","FORWARD","c34ad474-bfe5-45aa-9882-a78514d72682","BPA_NOC_VERIFIER","1723f919-bcce-4f6f-a135-4757075c5c27","1744621900491","c8d9141d-b3f3-41e3-bc1f-649af40dee6a","1747300294366",True
"59f2dbb6-1e9a-4ef4-8517-607ab9f58b94","pg.citya","ed578b78-4bf1-477f-9463-01885b37ecde","APPLY","9ff067c0-41bd-4a65-bba0-4420e2edf44d","CITIZEN,NOC_CEMP","1723f919-bcce-4f6f-a135-4757075c5c27","1743483264461","1723f919-bcce-4f6f-a135-4757075c5c27","1743483264461",True
"5a25fdae-caaa-4b8d-9500-6d5136057136","pg","ff31db08-5385-4af7-950e-838217d2d9f3","APPROVE_FOR_CONNECTION","b4f4435d-cd8e-43c5-ace2-12cbe36845c5","WS_APPROVER","1723f919-bcce-4f6f-a135-4757075c5c27","1745170689502","1723f919-bcce-4f6f-a135-4757075c5c27","1750320158669",True
"5a32fe1e-495c-4f47-8a88-65a3402686db","pg.citya","4ff47f50-5682-4332-bebf-fb20009ed66a","APPROVE","c0f87817-051d-4bb8-a996-9da624fb691d","NOC_APPROVER","1723f919-bcce-4f6f-a135-4757075c5c27","1743483264461","1723f919-bcce-4f6f-a135-4757075c5c27","1743483264461",True
"5a4722b5-ac21-4f42-ae33-89e4ef91dd68","pg","0cd986d2-76db-4143-96c5-85efb4257771","CANCEL","0b02c4e1-4888-459b-8f6c-956ddf31aa08","FSM_ADMIN","5130f2e3-efc1-401a-94fb-b9e60d9fa17d","1744197702516","5130f2e3-efc1-401a-94fb-b9e60d9fa17d","1744197702516",True
"5a77a965-884b-4ad2-bc07-3143f896b72e","pg.citya","6daf1ad1-71df-4615-9a93-1e332eeb6095","REJECT","b623c5ce-88ff-4829-9d65-bf0b54154cd0","TL_DOC_VERIFIER","1723f919-bcce-4f6f-a135-4757075c5c27","1743484407631","c8d9141d-b3f3-41e3-bc1f-649af40dee6a","1747222345985",True
"5afa50ed-4934-41ef-b4ff-a6fac67a889f","pg","1afa7302-f4c1-4bde-a27b-22d82926ebb2","UPDATE","1afa7302-f4c1-4bde-a27b-22d82926ebb2","FSM_DSO,FSM_EDITOR_EMP","5130f2e3-efc1-401a-94fb-b9e60d9fa17d","1744197661636","5130f2e3-efc1-401a-94fb-b9e60d9fa17d","1744197661636",True
"5b543e6d-1b26-4d00-9172-b862bef27197","pg.citya","43bc730e-ed42-4a1d-b85e-290af5e46a6b","APPROVE","637367b0-3765-436a-8f50-62628ae115e4","TL_APPROVER","1723f919-bcce-4f6f-a135-4757075c5c27","1743484407631","c8d9141d-b3f3-41e3-bc1f-649af40dee6a","1747222345985",True
"5b9eb078-3c33-4692-8558-232b84b120db","pg.citya","995220c1-f4c2-4510-9115-d5f100635b7a","REJECT","d71fbff9-f39c-420b-8b32-f9d8a5ddc50b","FSM_ADMIN","3903e096-3b9f-43a5-b5f0-4c37079d6cd5","1746620241301","3903e096-3b9f-43a5-b5f0-4c37079d6cd5","1746620241301",True
"5bc60055-46b8-47a7-92d9-470b49cfe456","pg.citya","a1a91c06-297d-4df0-83c5-6a361f637ee8","CANCEL","9dcc6832-a40d-45e1-9b89-d86e0ef1c583","FSM_ADMIN","5130f2e3-efc1-401a-94fb-b9e60d9fa17d","1746620465019","5130f2e3-efc1-401a-94fb-b9e60d9fa17d","1746620465019",True
"5cce2bd7-20dc-4f55-8a5b-51a856b1bb6b","pg.citya","5a7ef49d-0188-4a88-b1aa-49ec02ab7566","SEND_BACK_TO_CITIZEN","8991f70b-98e2-427d-ac4c-d9cd3de76036","WS_FIELD_INSPECTOR","d14f1116-6b07-4345-9db9-820d2e85daa0","1750331436198","d14f1116-6b07-4345-9db9-820d2e85daa0","1750331436198",True
"5cd4d904-587a-47f7-bb0c-d42ea32e956c","pg","a6dd0299-b5a0-48c7-b78d-4af5cb05de2f","EDIT","e7546894-9ef0-49e0-ab73-f7fae5b807b5","WORK_ORDER_CREATOR","b43b260c-f620-45d3-a43f-f53148f87f15","1759748358987","b43b260c-f620-45d3-a43f-f53148f87f15","1759748358987",True
"5cde5eea-edbd-4cfc-bbb5-b70f8e8e9b8c","pg","e7546894-9ef0-49e0-ab73-f7fae5b807b5","SEND_BACK","938972aa-139d-44e1-b304-9c6a9b955bbd","WORK_ORDER_VERIFIER","b43b260c-f620-45d3-a43f-f53148f87f15","1759748358987","b43b260c-f620-45d3-a43f-f53148f87f15","1759748358987",True
"5d06b28c-0040-4af0-8cae-08ec4892f3bb","pg.citya","462d81fc-de94-49da-afcd-5d13075b7b03","REJECT","834964e9-eec1-4447-bee6-0058a1735938","SW_DOC_VERIFIER","d14f1116-6b07-4345-9db9-820d2e85daa0","1750331517050","d14f1116-6b07-4345-9db9-820d2e85daa0","1750331517050",True
"5d0f4fda-aea3-4194-9b92-32038f1b4568","pg","024b4b66-c58c-43e0-abad-daab1cd1611b","CREATE","ed18af3f-d9a5-4b63-9b32-34afe165e42d","CITIZEN","3903e096-3b9f-43a5-b5f0-4c37079d6cd5","1744197611210","3903e096-3b9f-43a5-b5f0-4c37079d6cd5","1744197611210",True
"5d4c99ae-92e8-4166-a071-cc59ca7b10dd","pg","2f159dab-2c12-4a07-b909-a4b004a5679c","CANCEL","61cfbab3-0a58-4d38-803d-891a2f7b57ce","FSM_ADMIN","5130f2e3-efc1-401a-94fb-b9e60d9fa17d","1744197634808","5130f2e3-efc1-401a-94fb-b9e60d9fa17d","1744197634808",True
"5d744a70-f415-4494-ad8e-7f7ee199a762","pg.citya","67aaa3cd-0507-4aa7-ba74-16dbd14fff21","DSO_REJECT","0781d3ee-39a6-432e-a30a-6a4982782607","FSM_DSO,FSM_EDITOR_EMP","11b0e02b-0145-4de2-bc42-c97b96264807","1746620314146","11b0e02b-0145-4de2-bc42-c97b96264807","1746620314146",True
"5d7535f9-7335-4fe7-aeea-68ccfe6a20b4","pg","a57e36eb-4957-4f89-9707-cbfb6dc7ae26","SEND_BACK_TO_CITIZEN","f4a397a5-b700-4b14-a379-aa0053e87471","BPA_NOC_VERIFIER","1723f919-bcce-4f6f-a135-4757075c5c27","1744621900491","c8d9141d-b3f3-41e3-bc1f-649af40dee6a","1747300294366",True
"5da86366-f8c9-4b70-a34d-352ce6a49d07","pg","1210904b-b98e-4172-a53a-ccc0569c9f0f","REJECT","382801d5-8898-4735-aaef-9a9e0be1aedf","TECHNICAL_SANCTIONER","b43b260c-f620-45d3-a43f-f53148f87f15","1759748291264","b43b260c-f620-45d3-a43f-f53148f87f15","1759748291264",True
"5de6b1fd-8f3d-474d-9b9a-438298566360","pg","7c6894d2-7603-490e-81d2-dec530710368","ASSIGN","35b2f7e2-f55a-4808-94b5-a92a5ee5eed5","GRO,DGRO","a4a0d5a5-2edc-4c3d-bf97-5fdd1f88cbaa","1743096378513","a4a0d5a5-2edc-4c3d-bf97-5fdd1f88cbaa","1743096378513",True
"5e2be4cb-ce91-4f97-8287-ed63b7c20344","pg.citya","597c7664-2a96-499d-8719-cbe7858da447","EXPIRE","405384d2-cacc-4cb9-a542-6f6ce375164f","SYSTEM","1723f919-bcce-4f6f-a135-4757075c5c27","1743484407631","c8d9141d-b3f3-41e3-bc1f-649af40dee6a","1747222452265",True
"5e5751fe-9203-4b1c-888f-827afa3d26e2","pg.citya","74aa488e-de78-4885-b935-5daa63db1d05","ASSIGN","5ea79b24-0f5d-48bf-92ee-7caa90bdfa81","FSM_EDITOR_EMP","5130f2e3-efc1-401a-94fb-b9e60d9fa17d","1746620274309","5130f2e3-efc1-401a-94fb-b9e60d9fa17d","1746620274309",True
"5eda1438-1375-4aad-8abd-0a94c6078764","pg","4075d28b-4d90-4bb0-9aba-f5f52aea7cdc","DISPOSE","8dbf241b-89cb-4f74-871b-688092d7c669","FSM_EMP_FSTPO","3903e096-3b9f-43a5-b5f0-4c37079d6cd5","1744197691155","3903e096-3b9f-43a5-b5f0-4c37079d6cd5","1744197691155",True
"5f3bb532-5378-4cc5-a6eb-4ef57047252e","pg","dd5f4830-8dec-4c67-8695-15b0bd08313f","REJECT","efec407c-9520-4db3-8cbc-7c7e8cf3c914","PT_APPROVER","919f4168-223a-4ea9-8d27-9a9e27e672bd","1743070107121","c8d9141d-b3f3-41e3-bc1f-649af40dee6a","1747894463358",True
"5f7af16b-f560-46a6-affa-021abd391e45","pg.citya","8aedbbfe-169d-4952-a5c9-d4acf5332f9f","CANCEL","d7b07991-e4d0-4211-b41a-3714bc500c85","FSM_ADMIN","11b0e02b-0145-4de2-bc42-c97b96264807","1746620314146","11b0e02b-0145-4de2-bc42-c97b96264807","1746620314146",True
"5ff32049-8160-4d6f-926b-cd6a80824aa7","pg.citya","8b26194d-69d0-46e0-9592-aecd3c40dbab","SEND_BACK","3620408c-a291-4933-b4a8-f99be0ce356b","SW_DOC_VERIFIER","d14f1116-6b07-4345-9db9-820d2e85daa0","1750331545883","d14f1116-6b07-4345-9db9-820d2e85daa0","1750331545883",True
"60290a31-7359-4ddf-b436-79b41c4768cb","pg","163fbc71-9b5e-4510-bacd-35c4cba14b05","RATE","d675ddbf-1716-4678-9bb5-4159e872b4d5","CFC,CITIZEN","a4a0d5a5-2edc-4c3d-bf97-5fdd1f88cbaa","1743096378513","a4a0d5a5-2edc-4c3d-bf97-5fdd1f88cbaa","1743096378513",True
"6067d62b-2972-4d48-859a-46fb32d1f941","pg","5b8de733-6824-4f4c-8aa4-8733b1db3fe9","REJECT","577d5c69-904e-4231-94d2-83c110bc89b9","WS_APPROVER,SW_APPROVER","1723f919-bcce-4f6f-a135-4757075c5c27","1745170781516","1723f919-bcce-4f6f-a135-4757075c5c27","1750320098459",True
"61b1ab1d-139d-405f-9b2b-6663d8ed105a","pg.citya","0c6c1bf7-c281-4cd8-8872-69f05c22d288","REJECT","316d3ecc-0924-4314-95fb-97ce6b116556","BPAREG_DOC_VERIFIER","3709110a-4b1d-49a4-b639-95b689a86aa5","1743501511811","c8d9141d-b3f3-41e3-bc1f-649af40dee6a","1747303229636",True
"625f0a9a-1bde-44c9-8594-99120c4924a2","pg.citya","01eb74e4-fe6e-490c-9e91-4ad262329f2b","SENDBACK","434a246e-7e99-43a6-8b3e-a01c4b6aefb5","TL_FIELD_INSPECTOR","1723f919-bcce-4f6f-a135-4757075c5c27","1743484407631","c8d9141d-b3f3-41e3-bc1f-649af40dee6a","1747222452265",True
"62e79ad3-a115-4695-96c7-8fda937d21b8","pg","bef6cbc1-4102-4f04-98a5-c3222b332e4b","REJECT","163fbc71-9b5e-4510-bacd-35c4cba14b05","GRO,DGRO","a4a0d5a5-2edc-4c3d-bf97-5fdd1f88cbaa","1743096378513","a4a0d5a5-2edc-4c3d-bf97-5fdd1f88cbaa","1743096378513",True
"63730444-7a18-4752-af68-1442ce0d191b","pg.citya","0da312c3-09b5-4ef7-8ca8-fa82b57893ab","PAY","84544be6-467d-4276-a6bc-0561d4295988","CITIZEN,BPA_CITIZEN,BPA_ARCHITECT,BPA_ENGINEER,BPA_BUILDER,BPA_STRUCTURALENGINEER,BPA_TOWNPLANNER,BPA_SUPERVISOR,SYSTEM_PAYMENT,CEMP","3709110a-4b1d-49a4-b639-95b689a86aa5","1743501511811","c8d9141d-b3f3-41e3-bc1f-649af40dee6a","1747227583985",True
"63751630-0c32-4999-b6db-3bdebf95742a","pg.citya","874092bc-2ba3-4c96-abf6-e9c7223fd8fb","RATE","75164d41-7aae-40d2-a2b0-067b278c5808","CITIZEN","5130f2e3-efc1-401a-94fb-b9e60d9fa17d","1746620465019","5130f2e3-efc1-401a-94fb-b9e60d9fa17d","1746620465019",True
"6387dd5a-ac3d-42b7-a311-f91865ee9888","pg","d5b89c3b-f77e-40ed-9846-b6bbaac50805","DECLINE","4b751246-304c-4cba-bf20-f0a065e1ccbe","FSM_DSO,FSM_EDITOR_EMP","11b0e02b-0145-4de2-bc42-c97b96264807","1744197648205","11b0e02b-0145-4de2-bc42-c97b96264807","1744197648205",True
"63dabaf1-a189-4736-94b1-0996c268697d","pg","0f4b97a4-8401-40b3-969e-ed008a129497","SEND_TO_ARCHITECT","bc3c9b43-e9d5-4852-8047-527a52e126d7","CITIZEN,BPA_CITIZEN","1723f919-bcce-4f6f-a135-4757075c5c27","1744621900491","c8d9141d-b3f3-41e3-bc1f-649af40dee6a","1747300294366",True
"6408e0ef-3643-40c5-b03e-b9f3cf59c137","pg.citya","aac65b8d-82fe-4773-acec-7a430093732c","OPEN","05ef8c20-46ff-41c8-b98b-1bef0b2e70ec","CITIZEN,SW_CEMP,WS_CEMP","3709110a-4b1d-49a4-b639-95b689a86aa5","1743506632422","3709110a-4b1d-49a4-b639-95b689a86aa5","1743506632422",True
"640d2a00-5aaa-4c20-a5b7-5eaa3005948b","pg.citya","54fd18e9-964b-4081-82e8-35a5cbde0241","REJECT","a985e495-2ae1-4fd7-b54a-26b23927489d","GRO,DGRO","a4a0d5a5-2edc-4c3d-bf97-5fdd1f88cbaa","1743096883293","a4a0d5a5-2edc-4c3d-bf97-5fdd1f88cbaa","1743096883293",True
"64b28cfd-cc26-4f07-abbb-ffbf78a85448","pg","884ef92a-ce4e-41b8-bae3-856dd421ac68","CANCEL","61cfbab3-0a58-4d38-803d-891a2f7b57ce","FSM_ADMIN","5130f2e3-efc1-401a-94fb-b9e60d9fa17d","1744197634808","5130f2e3-efc1-401a-94fb-b9e60d9fa17d","1744197634808",True
"64e2ec57-0012-4cd9-99bf-2efd8faa2aa1","pg","eb7e284a-68bd-42b0-a31c-f6e71e30b268","REJECT","224f12d8-3722-419f-8b08-0311c9273206","AIRPORT_AUTHORITY_APPROVER","1723f919-bcce-4f6f-a135-4757075c5c27","1745170626068","1723f919-bcce-4f6f-a135-4757075c5c27","1745170626068",True
"64fe0383-a8ca-4d8b-a228-07098cd333d8","pg.citya","08270771-6d3c-4a32-a6e5-652ba10117f8","REJECT","17c2605d-39b8-45aa-a838-34cc92122566","AIRPORT_AUTHORITY_APPROVER","1723f919-bcce-4f6f-a135-4757075c5c27","1743483264461","1723f919-bcce-4f6f-a135-4757075c5c27","1743483264461",True
"651d2a4c-093f-4ee9-ad21-335a646c8b57","pg.citya","637367b0-3765-436a-8f50-62628ae115e4","ADHOC","637367b0-3765-436a-8f50-62628ae115e4","TL_CEMP","1723f919-bcce-4f6f-a135-4757075c5c27","1743484407631","c8d9141d-b3f3-41e3-bc1f-649af40dee6a","1747222345985",True
"66004ffe-3221-4bd9-83ea-acbc6160140b","pg","f27b6937-6739-4e8f-90f6-4166934a9a15","CREATE","e7546894-9ef0-49e0-ab73-f7fae5b807b5","WORK_ORDER_CREATOR","b43b260c-f620-45d3-a43f-f53148f87f15","1759748358987","b43b260c-f620-45d3-a43f-f53148f87f15","1759748358987",True
"66545af7-5c83-4582-b319-9e447536ca85","pg.citya","a123a403-b54b-4018-8367-8b6c231663fa","SENDBACKTOCITIZEN","a916d4d6-698f-44dd-ae07-99eb13087bbf","PT_FIELD_INSPECTOR","3709110a-4b1d-49a4-b639-95b689a86aa5","1743506463523","d14f1116-6b07-4345-9db9-820d2e85daa0","1758271856474",True
"670a3722-f3b3-40ad-8a09-5f2d9e780805","pg.citya","ed18ed83-c3dd-493b-944f-9abaab242882","CANCEL","1b56fcc6-ce7a-42da-9458-49ac6c4780c1","CITIZEN,TL_CITIZEN,TL_CEMP,SYSTEM_PAYMENT","1723f919-bcce-4f6f-a135-4757075c5c27","1743484407631","c8d9141d-b3f3-41e3-bc1f-649af40dee6a","1747222345985",True
"670f8f7a-4fa8-44fe-be23-caf0d38c9caf","pg","407c9fe5-8941-4c62-b369-7127ab37b8b9","COMPLETED","3a311ec8-9a5b-41a5-a172-db2e56ac5d98","FSM_DSO,FSM_EDITOR_EMP","11b0e02b-0145-4de2-bc42-c97b96264807","1744197648205","11b0e02b-0145-4de2-bc42-c97b96264807","1744197648205",True
"679cfd36-c2dc-4668-ab7a-3d861f1bebd4","pg","ca807d31-6741-4995-9a0a-f5c830e95cbc","SUBMIT_APPLICATION","0185bfbf-f7e3-457b-aab0-eb2bd0438cc7","SW_CEMP","1723f919-bcce-4f6f-a135-4757075c5c27","1745170757723","1723f919-bcce-4f6f-a135-4757075c5c27","1745170757723",True
"67a4ccd1-88b4-48f1-bad9-6d18bf9f5a34","pg.citya","ebc60d6b-764a-4967-96cf-6b8b3e4c8ae8","PAY","7dd1f1aa-8121-461b-9d26-9aba4ebb3b45","CITIZEN,BPA_CITIZEN,BPA_ARCHITECT,BPA_ENGINEER,BPA_BUILDER,BPA_STRUCTURALENGINEER,BPA_TOWNPLANNER,BPA_SUPERVISOR,SYSTEM_PAYMENT,CEMP","3709110a-4b1d-49a4-b639-95b689a86aa5","1743501511811","c8d9141d-b3f3-41e3-bc1f-649af40dee6a","1747227433277",True
"67b7e588-0fc1-4be3-9df0-b8f614bb0ef7","pg.citya","ca8a7f61-06f8-446e-8080-7f90e765f4e3","APPLY","73121dc7-4e3f-40ac-8ff8-b8d1e6afb716","CITIZEN,BPA_CITIZEN,ANONYMOUS","3709110a-4b1d-49a4-b639-95b689a86aa5","1743501511811","c8d9141d-b3f3-41e3-bc1f-649af40dee6a","1747299813060",True
"68171948-4af1-4bab-9f77-53e4cadd9a2f","pg","29d16ea4-a2dd-438b-96ae-9f3312fa74a7","FORWARD","63fc5c53-85ca-4c43-b62e-6e262e29e78a","NOC_DOC_VERIFIER","1723f919-bcce-4f6f-a135-4757075c5c27","1745170648438","1723f919-bcce-4f6f-a135-4757075c5c27","1745170648438",True
"6847563b-f241-40f6-9661-3616ceea4d7f","pg.citya","c14ce794-76d2-4266-b1e5-4cb552b07ba0","PAY","8ccca4ed-800d-43c9-927c-0e24165f7042","CITIZEN,WS_CITIZEN,SW_CEMP","d14f1116-6b07-4345-9db9-820d2e85daa0","1750331517050","d14f1116-6b07-4345-9db9-820d2e85daa0","1750331517050",True
"684a10dd-2c8d-4cb8-a166-b4d869275be4","pg.citya","402c9c85-f08c-4b7c-8db1-ce202fd9e2fe","SUBMIT_SAMPLE","064a6460-f0db-4df9-8725-bf0eb51da2e9","PQM_ADMIN,PQM_TP_OPERATOR","5130f2e3-efc1-401a-94fb-b9e60d9fa17d","1746620493337","5130f2e3-efc1-401a-94fb-b9e60d9fa17d","1746620493337",True
"687e6055-eb80-4678-b946-d9eb041e97ba","pg.citya","0632905f-241c-4b73-99bd-0a47263fc4fd","INITIATE","d263942e-39d3-49be-bcf9-78f73811f940","CITIZEN,BPA_ARCHITECT,BPA_ENGINEER,BPA_BUILDER,BPA_STRUCTURALENGINEER,BPA_TOWNPLANNER,BPA_SUPERVISOR","1723f919-bcce-4f6f-a135-4757075c5c27","1743483264461","1723f919-bcce-4f6f-a135-4757075c5c27","1743483264461",True
"6898fdb2-4412-45e5-8e30-5331710c376d","pg.citya","835b36b6-f94d-4139-901a-06c071c85d0d","CREATE","995220c1-f4c2-4510-9115-d5f100635b7a","CITIZEN","3903e096-3b9f-43a5-b5f0-4c37079d6cd5","1746620241301","3903e096-3b9f-43a5-b5f0-4c37079d6cd5","1746620241301",True
"6986d985-2d02-4f97-a0f7-8ac1da5e7178","pg","76e7e710-96d9-4286-8b64-bdd689d6bfc9","REJECT","5afd95c9-9739-46c5-ae1a-1e0a1f6c5e88","BPA_NOC_VERIFIER","1723f919-bcce-4f6f-a135-4757075c5c27","1744621887819","c8d9141d-b3f3-41e3-bc1f-649af40dee6a","1747300190538",True
"699dab3d-c1d0-4024-9c40-0212b66a825b","pg.citya","856e72b4-fd7a-49ce-a7c2-0a50765db790","SEND_BACK","50ea4c61-f49c-4ed2-9a58-f92a3d87ad97","WS_APPROVER","d14f1116-6b07-4345-9db9-820d2e85daa0","1750331424350","d14f1116-6b07-4345-9db9-820d2e85daa0","1750331424350",True
"69bb5c42-bdba-4b47-847b-1c95820bece2","pg","db886417-8d39-4ccc-9a6c-aee6348f185a","SKIP_PAYMENT","9874058e-09c7-4ae4-a5f0-caf183c51ae1","CITIZEN,BPA_CITIZEN,BPA_ARCHITECT,BPA_ENGINEER,BPA_BUILDER,BPA_STRUCTURALENGINEER,BPA_TOWNPLANNER,BPA_SUPERVISOR,SYSTEM_PAYMENT,BPA_APPROVER,CEMP","1723f919-bcce-4f6f-a135-4757075c5c27","1744621887819","c8d9141d-b3f3-41e3-bc1f-649af40dee6a","1747300190538",True
"6a0ef50c-faf6-4b49-8924-753b59a6e504","pg.citya","ffed33b2-e2ba-4650-a0ff-a4e4b29cd9ff","UPDATE","ffed33b2-e2ba-4650-a0ff-a4e4b29cd9ff","FSM_DSO,FSM_EDITOR_EMP","5130f2e3-efc1-401a-94fb-b9e60d9fa17d","1746620274309","5130f2e3-efc1-401a-94fb-b9e60d9fa17d","1746620274309",True
"6a343aed-8247-42cd-ad17-959263414f5c","pg","b3c3c083-9595-4cde-916e-26f6fb34f7db","CANCEL","31653490-c691-4f35-8533-f0e7a2b9d876","FSM_ADMIN","11b0e02b-0145-4de2-bc42-c97b96264807","1744197648205","11b0e02b-0145-4de2-bc42-c97b96264807","1744197648205",True
"6b52fb59-20f7-4c68-8f66-c49e733b2a3f","pg.citya","a916d4d6-698f-44dd-ae07-99eb13087bbf","REJECT","ba84aa1c-d018-4b9a-a0f6-a2569b4b2d77","PT_CEMP,CITIZEN,PT_CITIZEN","3709110a-4b1d-49a4-b639-95b689a86aa5","1743506463523","d14f1116-6b07-4345-9db9-820d2e85daa0","1758271856474",True
"6b73797c-6eb9-40a1-abb4-002c2c068262","pg","8197c1eb-ac7c-43b9-b079-38da4168d317","APPROVE","574e0882-e4c0-40be-911a-8fb791238162","BPAREG_APPROVER","1723f919-bcce-4f6f-a135-4757075c5c27","1744621944477","c8d9141d-b3f3-41e3-bc1f-649af40dee6a","1747302871860",True
"6b858884-9b85-4378-8f1e-e202ef9fe55b","pg.citya","aa8862ff-f01c-4fbc-991c-8f9248756760","REJECT","834964e9-eec1-4447-bee6-0058a1735938","SW_FIELD_INSPECTOR","d14f1116-6b07-4345-9db9-820d2e85daa0","1750331517050","d14f1116-6b07-4345-9db9-820d2e85daa0","1750331517050",True
"6c25190c-3905-4517-950f-3d1fcb609d7d","pg.citya","f0ca0e64-809e-4544-bd4a-099ba0c913de","FORWARD","7dd1f1aa-8121-461b-9d26-9aba4ebb3b45","CITIZEN,BPA_CITIZEN","3709110a-4b1d-49a4-b639-95b689a86aa5","1743501511811","c8d9141d-b3f3-41e3-bc1f-649af40dee6a","1747227433277",True
"6c3041a3-19b8-42d1-8d08-52d97bd9cc4c","pg.citya","66fbbe04-608c-4ddb-8940-d8c6c047c355","APPROVE","3a4500e2-f9e2-44ce-b638-42b2c750f188","PT_APPROVER","3709110a-4b1d-49a4-b639-95b689a86aa5","1743506463523","d14f1116-6b07-4345-9db9-820d2e85daa0","1758271856474",True
"6ce9e4cf-81cd-434b-a554-b7692635d895","pg","600f900d-14b6-4e76-96ec-45f8d3f68e01","REJECT","ea4846b4-2063-4431-85af-6776982deced","PT_DOC_VERIFIER","919f4168-223a-4ea9-8d27-9a9e27e672bd","1743070107121","c8d9141d-b3f3-41e3-bc1f-649af40dee6a","1747291813744",True
"6d390872-1281-484e-a543-fc8e4a7b81f4","pg","ed18af3f-d9a5-4b63-9b32-34afe165e42d","REJECT","4760ae47-f4a1-4ab5-8802-49d87ab01902","FSM_ADMIN","3903e096-3b9f-43a5-b5f0-4c37079d6cd5","1744197611210","3903e096-3b9f-43a5-b5f0-4c37079d6cd5","1744197611210",True
"6e035695-c062-4c49-9e03-3348e1005206","pg.cityb","382d5acc-4130-44e6-818b-7b2f47392f88","SAVE_AS_DRAFT","0a3a0130-1950-47ed-b558-cd3c6ac54c6e","PQM_ADMIN,PQM_TP_OPERATOR","5130f2e3-efc1-401a-94fb-b9e60d9fa17d","1748348009641","5130f2e3-efc1-401a-94fb-b9e60d9fa17d","1748348009641",True
"6e338d28-a28c-4eb7-adda-2930f702c75b","pg.citya","5c52f9b6-2464-44fa-b840-9b336cfc7242","INITIATE","5c52f9b6-2464-44fa-b840-9b336cfc7242","BPA_ARCHITECT,BPA_ENGINEER,BPA_BUILDER,BPA_STRUCTURALENGINEER,BPA_TOWNPLANNER,BPA_SUPERVISOR","3709110a-4b1d-49a4-b639-95b689a86aa5","1743501511811","c8d9141d-b3f3-41e3-bc1f-649af40dee6a","1747227433277",True
"6e64e7e5-07d3-4818-8a0f-549f05a8039e","pg.citya","ceee1a26-ba3e-41c5-ac69-90a49b9d6566","EXECUTE_DISCONNECTION","6cc67e16-210b-4305-b33e-45885434afee","SW_CLERK","d14f1116-6b07-4345-9db9-820d2e85daa0","1750331545883","d14f1116-6b07-4345-9db9-820d2e85daa0","1750331545883",True
"6f876db0-f1b1-4397-a340-ed5d0f28d95b","pg","afe73d47-b0fa-486a-a830-36b006019fd6","PAY","60355f2c-5675-46a3-8bef-69f7e3fb0c05","CITIZEN,BPA_CITIZEN,SYSTEM_PAYMENT","1723f919-bcce-4f6f-a135-4757075c5c27","1744621953667","c8d9141d-b3f3-41e3-bc1f-649af40dee6a","1747302990941",True
"6faae1bd-a57f-4371-bf6a-7c55d3bde71a","pg.citya","aa8862ff-f01c-4fbc-991c-8f9248756760","VERIFY_AND_FORWARD","7f53e9c7-d609-441e-a39f-ce50ab42f276","SW_FIELD_INSPECTOR","d14f1116-6b07-4345-9db9-820d2e85daa0","1750331517050","d14f1116-6b07-4345-9db9-820d2e85daa0","1750331517050",True
"6fc49b4f-5d47-4613-a8f2-349394e0f624","pg.citya","66e74543-edd4-48c1-b743-8f2e309abb6e","CANCEL","192ac155-bc41-424b-aedd-c606fd7dc600","FSM_ADMIN","5130f2e3-efc1-401a-94fb-b9e60d9fa17d","1746620339237","5130f2e3-efc1-401a-94fb-b9e60d9fa17d","1746620339237",True
"6fe30216-a39c-44da-a838-59754afb30bf","pg.citya","40506c52-2e8f-439e-bac0-1afaf58bdeb9","SUBMIT","74aa488e-de78-4885-b935-5daa63db1d05","FSM_EDITOR_EMP","5130f2e3-efc1-401a-94fb-b9e60d9fa17d","1746620274309","5130f2e3-efc1-401a-94fb-b9e60d9fa17d","1746620274309",True
"7017c1a0-cde3-4fd8-b5cd-6b847ca7b4ef","pg","c08aac0f-2c4e-41d4-ab83-65fd916cb295","RE-SUBMIT","5b8de733-6824-4f4c-8aa4-8733b1db3fe9","CITIZEN,WS_CITIZEN,SW_CEMP,WS_CEMP","1723f919-bcce-4f6f-a135-4757075c5c27","1745170781516","1723f919-bcce-4f6f-a135-4757075c5c27","1750320098459",True
"703d3aef-3228-4225-89b6-55acb9c1ef9d","pg.citya","603e4eff-06b1-4585-8e7a-9f037a41d009","INITIATE","5c52f9b6-2464-44fa-b840-9b336cfc7242","BPA_ARCHITECT,BPA_ENGINEER,BPA_BUILDER,BPA_STRUCTURALENGINEER,BPA_TOWNPLANNER,BPA_SUPERVISOR","3709110a-4b1d-49a4-b639-95b689a86aa5","1743501511811","c8d9141d-b3f3-41e3-bc1f-649af40dee6a","1747227433277",True
"706ee858-98e6-42e5-8cd9-8a20e8a07d1e","pg.citya","8a96ec74-34a5-4080-a11b-1d9e32325142","INITIATE","08270771-6d3c-4a32-a6e5-652ba10117f8","CITIZEN,BPA_ARCHITECT,BPA_ENGINEER,BPA_BUILDER,BPA_STRUCTURALENGINEER,BPA_TOWNPLANNER,BPA_SUPERVISOR","1723f919-bcce-4f6f-a135-4757075c5c27","1743483264461","1723f919-bcce-4f6f-a135-4757075c5c27","1743483264461",True
"70d13629-e9ce-4c8e-8fe4-2ae200b3993f","pg","b3c3c083-9595-4cde-916e-26f6fb34f7db","DSO_REJECT","6ef35cee-f6a0-4a0a-a999-44dd16e51ab5","FSM_DSO,FSM_EDITOR_EMP","11b0e02b-0145-4de2-bc42-c97b96264807","1744197648205","11b0e02b-0145-4de2-bc42-c97b96264807","1744197648205",True
"70f1146b-564e-4446-a9f8-4cca453481b6","pg.citya","856e72b4-fd7a-49ce-a7c2-0a50765db790","REJECT","bb61a0b9-9291-4846-8c0f-9daf406eaafa","WS_APPROVER","d14f1116-6b07-4345-9db9-820d2e85daa0","1750331424350","d14f1116-6b07-4345-9db9-820d2e85daa0","1750331424350",True
"71af188f-defb-45f9-8b39-351ee9582df0","pg.citya","4c8ebe47-30f8-4903-8550-a431dc9e7d9d","CANCEL","192ac155-bc41-424b-aedd-c606fd7dc600","FSM_ADMIN","5130f2e3-efc1-401a-94fb-b9e60d9fa17d","1746620339237","5130f2e3-efc1-401a-94fb-b9e60d9fa17d","1746620339237",True
"71b8705e-1985-4f86-a0b3-c6826ef32907","pg.citya","b5348326-908d-4c99-a7ea-4edd45f949d9","REJECT","d71fbff9-f39c-420b-8b32-f9d8a5ddc50b","FSM_ADMIN","3903e096-3b9f-43a5-b5f0-4c37079d6cd5","1746620241301","3903e096-3b9f-43a5-b5f0-4c37079d6cd5","1746620241301",True
"7216ad1f-32bf-4f56-b127-3df3033bb014","pg.citya","43bc730e-ed42-4a1d-b85e-290af5e46a6b","REJECT","b623c5ce-88ff-4829-9d65-bf0b54154cd0","TL_APPROVER","1723f919-bcce-4f6f-a135-4757075c5c27","1743484407631","c8d9141d-b3f3-41e3-bc1f-649af40dee6a","1747222345985",True
"72727fb6-9557-4e46-a79d-ff5d9369f024","pg","6f854573-d9ee-4036-bc2d-f0f8f84e088d","SENDBACKTOORIGINATOR","6f854573-d9ee-4036-bc2d-f0f8f84e088d","ESTIMATE_CREATOR","b43b260c-f620-45d3-a43f-f53148f87f15","1759748291264","b43b260c-f620-45d3-a43f-f53148f87f15","1759748291264",True
"728c18cc-6dc3-45b4-8432-99d5f947a4ec","pg.citya","e8c3259a-7710-4307-8382-7b6a70688198","REJECT","b2274dbc-e86e-4500-be9b-bae92029dc80","SW_APPROVER","d14f1116-6b07-4345-9db9-820d2e85daa0","1750331545883","d14f1116-6b07-4345-9db9-820d2e85daa0","1750331545883",True
"7299de54-3438-442b-a2a9-3a5ce66ee7a6","pg","63fc5c53-85ca-4c43-b62e-6e262e29e78a","SENDBACKTOCITIZEN","a382e7b6-c149-4ec8-af9a-62d646716ca1","NOC_FIELD_INSPECTOR","1723f919-bcce-4f6f-a135-4757075c5c27","1745170648438","1723f919-bcce-4f6f-a135-4757075c5c27","1745170648438",True
"72ccf529-92e8-4940-bf9b-b742af96605b","pg.citya","30f029af-db26-4b12-9c70-2fda076d8f51","APPROVE_FOR_CONNECTION","0352f845-af68-470f-a91e-d2afed3fc981","WS_APPROVER","d14f1116-6b07-4345-9db9-820d2e85daa0","1750331394335","d14f1116-6b07-4345-9db9-820d2e85daa0","1750331394335",True
"72df894b-8f31-4bd7-b553-a3b452dcfe14","pg.citya","b96740b2-3724-43e9-bcd4-56bd5dcf2511","FORWARD","c6b6a416-0683-4525-a6e0-7da55f91b77e","PT_FIELD_INSPECTOR","3709110a-4b1d-49a4-b639-95b689a86aa5","1743506463523","c8d9141d-b3f3-41e3-bc1f-649af40dee6a","1747221963724",True
"737924b4-71f8-4a5a-a530-0ae2ec20e1e2","pg.citya","4ba9acae-f793-475f-b33a-0a7d162be846","REJECT","f9b7be9a-7b2c-4f65-ba1e-e4f2b259bbdf","BPAREG_APPROVER","3709110a-4b1d-49a4-b639-95b689a86aa5","1743501511811","c8d9141d-b3f3-41e3-bc1f-649af40dee6a","1747303039536",True
"73ade064-5485-414c-9f4e-b21ac07f0e43","pg","a5f2ce93-8410-41f8-bc5f-dafeb82be244","SENDBACK","f6d3433f-f27c-4027-92df-0ca73a6db1ca","FSM_ADMIN","5130f2e3-efc1-401a-94fb-b9e60d9fa17d","1744197634808","5130f2e3-efc1-401a-94fb-b9e60d9fa17d","1744197634808",True
"73f6228b-dd0f-424e-9fcf-b645c08800a5","pg","02e5b406-7560-4d76-aecd-84513f2e4825","VERIFY","a70a844c-3fa5-43de-9903-fdd51f0dce69","PT_DOC_VERIFIER","919f4168-223a-4ea9-8d27-9a9e27e672bd","1743070107121","c8d9141d-b3f3-41e3-bc1f-649af40dee6a","1747291928326",True
"749641aa-4db8-4268-8c07-45003c498c06","pg.citya","fa2d9327-0930-4688-8b95-9096d26ffc7c","REJECT","9f83a11c-fe66-4118-83c3-987fa89b7796","BPAREG_DOC_VERIFIER","3709110a-4b1d-49a4-b639-95b689a86aa5","1743501511811","c8d9141d-b3f3-41e3-bc1f-649af40dee6a","1747302921144",True
"74a2c4a8-e30f-4ad3-af3b-7c9b70dd6d57","pg","f4c76aa6-f0e7-49db-9026-6182f685cf36","SEND_BACK_TO_CITIZEN","e9cc1780-ed01-4bce-ac0f-978ff96e359b","BPA_VERIFIER","1723f919-bcce-4f6f-a135-4757075c5c27","1744621912674","c8d9141d-b3f3-41e3-bc1f-649af40dee6a","1747300462548",True
"750c0e85-7130-4a2b-bd15-100c6e8faeb3","pg","4d6d1eab-f735-4196-8572-e3df73224b3e","FORWARD","13d5d3b6-dcbd-42cc-8b44-839fb7dd79c4","BPA_FIELD_INSPECTOR","1723f919-bcce-4f6f-a135-4757075c5c27","1744621912674","c8d9141d-b3f3-41e3-bc1f-649af40dee6a","1747300462548",True
"75f51cb8-cc4d-493e-b275-44915f409350","pg","9c4a8bea-0c63-4ae2-9a63-1b4e237dcf8a","SAVE_AS_DRAFT","9c4a8bea-0c63-4ae2-9a63-1b4e237dcf8a","PQM_ADMIN,PQM_TP_OPERATOR","5130f2e3-efc1-401a-94fb-b9e60d9fa17d","1744197760141","5130f2e3-efc1-401a-94fb-b9e60d9fa17d","1744197760141",True
"763cb10c-80bf-49e1-8ca5-45224ea76413","pg.citya","434a246e-7e99-43a6-8b3e-a01c4b6aefb5","SENDBACKTOCITIZEN","ce6be08e-d6fa-4411-8cd1-db589ef2ec2d","TL_DOC_VERIFIER","1723f919-bcce-4f6f-a135-4757075c5c27","1743484407631","c8d9141d-b3f3-41e3-bc1f-649af40dee6a","1747222452265",True
"76b0ed69-37c2-4ae2-8381-661183afabbc","pg","724be35f-160e-4b0c-acbf-74999e15d0a4","FORWARD","ca682e41-7087-4577-b0e3-f1b5a62bb477","BPAREG_DOC_VERIFIER","1723f919-bcce-4f6f-a135-4757075c5c27","1744621972446","c8d9141d-b3f3-41e3-bc1f-649af40dee6a","1747303289822",True
"76e6db7f-312d-4af2-aa28-f9a99bc11391","pg","cbc5bfc6-2d31-44f0-9b09-42f19ceca5fe","SUBMIT_APPLICATION","d5375dbb-2721-46ae-bdb8-b8786a82ba3f","WS_CEMP","1723f919-bcce-4f6f-a135-4757075c5c27","1745170704298","1723f919-bcce-4f6f-a135-4757075c5c27","1745170704298",True
"77045ba5-c26a-485c-873d-9766fa9cb8d0","pg","3e304c63-af88-4ec4-9616-87d047a0ca3e","APPROVE","373f96bf-cc57-4124-a3e1-66f08bdf1ac4","BPAREG_APPROVER","1723f919-bcce-4f6f-a135-4757075c5c27","1744613193390","c8d9141d-b3f3-41e3-bc1f-649af40dee6a","1747302742562",True
"77095a08-887f-4161-bff6-1c4e186b6249","pg.citya","0c6c1bf7-c281-4cd8-8872-69f05c22d288","FORWARD","c3dcc58a-0737-49bf-b447-f0bab6f929f9","BPAREG_DOC_VERIFIER","3709110a-4b1d-49a4-b639-95b689a86aa5","1743501511811","c8d9141d-b3f3-41e3-bc1f-649af40dee6a","1747303229636",True
"7796101f-9fcd-432f-b374-1d69ad5118f7","pg","dd5f4830-8dec-4c67-8695-15b0bd08313f","SENDBACKFROMAP","4abfbf27-2e64-4657-87bd-d8056f6fb1d1","PT_APPROVER","919f4168-223a-4ea9-8d27-9a9e27e672bd","1743070107121","c8d9141d-b3f3-41e3-bc1f-649af40dee6a","1747894463358",True
"77c4f734-bfc4-4497-93f8-4846c1c7d5de","pg","360d4aa0-b54b-4f58-9c12-9d895229ac5e","RESUBMIT_APPLICATION","7fbf5ad0-65d2-4ab4-9c20-d66037ccd65b","CITIZEN,WS_CITIZEN,WS_CEMP","1723f919-bcce-4f6f-a135-4757075c5c27","1745170689502","1723f919-bcce-4f6f-a135-4757075c5c27","1750320158669",True
"782d240f-7964-4b9e-8881-cee8dcc9391c","pg.citya","d835de7e-6cdf-4c1b-ac71-57fd699f375d","CANCEL","192ac155-bc41-424b-aedd-c606fd7dc600","FSM_ADMIN","5130f2e3-efc1-401a-94fb-b9e60d9fa17d","1746620339237","5130f2e3-efc1-401a-94fb-b9e60d9fa17d","1746620339237",True
"79298357-16fb-4f47-a058-a7d9a76d3508","pg.citya","91554318-c342-46e3-81bb-e4edd8d5a035","APPROVE","b6b7a481-135a-4703-93e0-55a517b57fcb","BPA_APPROVER","3709110a-4b1d-49a4-b639-95b689a86aa5","1743501511811","c8d9141d-b3f3-41e3-bc1f-649af40dee6a","1747225208046",True
"79363465-57f0-4c2b-bbea-b1fbfc438859","pg.citya","01eb74e4-fe6e-490c-9e91-4ad262329f2b","FORWARD","d36b84be-c64e-4beb-9707-362e1cedb800","TL_FIELD_INSPECTOR","1723f919-bcce-4f6f-a135-4757075c5c27","1743484407631","c8d9141d-b3f3-41e3-bc1f-649af40dee6a","1747222452265",True
"794e9db1-086f-4028-a246-84b4a895319e","pg.citya","f7cd8f48-5103-44d4-8339-0b424ca07972","REASSING","2d77f0b0-4c82-4057-8fd1-9949bc36c757","FSM_EDITOR_EMP","3903e096-3b9f-43a5-b5f0-4c37079d6cd5","1746620241301","3903e096-3b9f-43a5-b5f0-4c37079d6cd5","1746620241301",True
"7953d379-a384-40cc-a45b-4a7a1dd106d3","pg.citya","08d80fd9-02ad-4643-b93e-b67590fcb374","INITIATE","66631907-705f-4855-82b5-4f7facbd6d2e","CITIZEN,TL_CITIZEN,TL_CEMP","1723f919-bcce-4f6f-a135-4757075c5c27","1743484407631","c8d9141d-b3f3-41e3-bc1f-649af40dee6a","1747222452265",True
"796a5970-22fb-425a-8ada-7afd3ec6f8bf","pg.citya","2a95814a-8827-4779-8d45-15e47c744961","FORWARD","ea712723-bf0c-41bc-a2f2-4500b9cc97cc","BPAREG_DOC_VERIFIER","3709110a-4b1d-49a4-b639-95b689a86aa5","1743501511811","c8d9141d-b3f3-41e3-bc1f-649af40dee6a","1747303159965",True
"798cebad-16f3-4b02-8fd2-81d51980cb6e","pg","f1dbdf96-2dab-4ccb-b503-64026676f486","APPLY","afe73d47-b0fa-486a-a830-36b006019fd6","CITIZEN,BPA_CITIZEN,ANONYMOUS","1723f919-bcce-4f6f-a135-4757075c5c27","1744621953667","c8d9141d-b3f3-41e3-bc1f-649af40dee6a","1747302990941",True
"7a2635d1-640d-479c-aa66-26f4d17a2b49","pg.citya","290cd305-225c-426b-a13f-166f9077a71e","APPLY","1cb30d5a-f165-4050-9d63-5015fe4939a8","CITIZEN,BPA_CITIZEN,ANONYMOUS","3709110a-4b1d-49a4-b639-95b689a86aa5","1743501511811","c8d9141d-b3f3-41e3-bc1f-649af40dee6a","1747303159965",True
"7a4f678b-76fa-4dd6-be57-a0936612ce4f","pg","82af2f42-0a92-48f8-a676-654209a18593","APPROVE","0ed13691-915e-4583-9bf4-70cb144da8ba","NOC_APPROVER","1723f919-bcce-4f6f-a135-4757075c5c27","1745170648438","1723f919-bcce-4f6f-a135-4757075c5c27","1745170648438",True
"7aa6657e-593e-49a2-9d4d-31d04bcb0961","pg.citya","d5a2b9b4-fd02-4384-8765-65a9f0ca471c","VERIFY_AND_FORWARD","5a7ef49d-0188-4a88-b1aa-49ec02ab7566","WS_DOC_VERIFIER","d14f1116-6b07-4345-9db9-820d2e85daa0","1750331436198","d14f1116-6b07-4345-9db9-820d2e85daa0","1750331436198",True
"7adddf43-f201-4af9-ab53-e74ff3f53021","pg.citya","990fdad4-f2ec-4d12-bc61-61ae7c9ff5a7","FORWARD","f407c7c5-88a0-4c75-9e31-02a5bb2c4142","CITIZEN,BPA_CITIZEN,BPA_ARCHITECT","3709110a-4b1d-49a4-b639-95b689a86aa5","1743501511811","c8d9141d-b3f3-41e3-bc1f-649af40dee6a","1747227583985",True
"7b0167b6-85fb-4681-8fee-8dd42abd19db","pg","0face35e-40bb-4441-978c-9fc1ee58d0e5","SCHEDULE","9fc6e2a5-af28-4dad-97f9-ca48dda209cd","PQM_ADMIN,PQM_TP_OPERATOR,PQM_CRONJOB_SCHEDULER","5130f2e3-efc1-401a-94fb-b9e60d9fa17d","1744197760141","5130f2e3-efc1-401a-94fb-b9e60d9fa17d","1744197760141",True
"7b9edb6e-2a2f-4dd7-b3ec-f6650c243e63","pg.citya","d36b84be-c64e-4beb-9707-362e1cedb800","APPROVE","561fd503-8b33-4078-ae69-28152ae7a7cb","TL_APPROVER","1723f919-bcce-4f6f-a135-4757075c5c27","1743484407631","c8d9141d-b3f3-41e3-bc1f-649af40dee6a","1747222452265",True
"7c17fe8e-eaf5-41d4-a523-0b3230639094","pg","c6ec91e9-cc27-432f-8488-e28ce18b234b","VERIFY","4abfbf27-2e64-4657-87bd-d8056f6fb1d1","PT_DOC_VERIFIER","919f4168-223a-4ea9-8d27-9a9e27e672bd","1743070107121","c8d9141d-b3f3-41e3-bc1f-649af40dee6a","1747894463358",True
"7c787953-73eb-428b-a377-a22692f73c64","pg.citya","4a2fdea6-0b85-420a-a696-a62528c0b069","INITIATE","aaa788e5-9e6a-494e-b3b8-00ab653c8704","SW_CEMP","d14f1116-6b07-4345-9db9-820d2e85daa0","1750331535903","d14f1116-6b07-4345-9db9-820d2e85daa0","1750331535903",True
"7caceb93-29c9-40e7-ac16-b6143ccf9466","pg.citya","2d77f0b0-4c82-4057-8fd1-9949bc36c757","DSO_ACCEPT","f7cd8f48-5103-44d4-8339-0b424ca07972","FSM_DSO","3903e096-3b9f-43a5-b5f0-4c37079d6cd5","1746620241301","3903e096-3b9f-43a5-b5f0-4c37079d6cd5","1746620241301",True
"7d105b75-1403-4413-9752-2dd92a6b659e","pg","3dcdac23-5869-4843-98f7-63217acf67fb","PAY","146024fc-f18b-49d6-b935-c3fbea34cf95","CITIZEN,WS_CITIZEN,SW_CEMP","1723f919-bcce-4f6f-a135-4757075c5c27","1745170748360","1723f919-bcce-4f6f-a135-4757075c5c27","1750319946627",True
"7d6c86b0-86a1-4f53-b070-6bae9216b628","pg.citya","05ef8c20-46ff-41c8-b98b-1bef0b2e70ec","REJECT","3984a72e-e9c7-473a-9662-a57a8bf801ef","WS_APPROVER,SW_APPROVER","3709110a-4b1d-49a4-b639-95b689a86aa5","1743506632422","3709110a-4b1d-49a4-b639-95b689a86aa5","1743506632422",True
"7d817210-5a7b-4169-b30f-6f77d5414259","pg.citya","3620408c-a291-4933-b4a8-f99be0ce356b","RESUBMIT_APPLICATION","8b26194d-69d0-46e0-9592-aecd3c40dbab","CITIZEN,WS_CITIZEN,SW_CEMP","d14f1116-6b07-4345-9db9-820d2e85daa0","1750331545883","d14f1116-6b07-4345-9db9-820d2e85daa0","1750331545883",True
"7e018131-4aeb-4411-b21b-7b51f7878995","pg","3672e189-6e89-4454-a067-ce1f269d98ac","SENDBACK","6f854573-d9ee-4036-bc2d-f0f8f84e088d","ESTIMATE_VERIFIER","b43b260c-f620-45d3-a43f-f53148f87f15","1759748291264","b43b260c-f620-45d3-a43f-f53148f87f15","1759748291264",True
"7ee8e0ba-17f5-40ab-89f5-31198763e742","pg.citya","73775120-d08b-4fb5-8422-df8c8ed5bb57","SAVE_AS_DRAFT","73775120-d08b-4fb5-8422-df8c8ed5bb57","PQM_ADMIN,PQM_TP_OPERATOR","5130f2e3-efc1-401a-94fb-b9e60d9fa17d","1746620493337","5130f2e3-efc1-401a-94fb-b9e60d9fa17d","1746620493337",True
"7f1ffc69-cce6-476c-8e80-ebdcb463ff03","pg","1ec18eff-459c-4870-87d7-6e14976dfcea","INITIATE","bc3c9b43-e9d5-4852-8047-527a52e126d7","BPA_ARCHITECT,BPA_ENGINEER,BPA_BUILDER,BPA_STRUCTURALENGINEER,BPA_TOWNPLANNER,BPA_SUPERVISOR","1723f919-bcce-4f6f-a135-4757075c5c27","1744621900491","c8d9141d-b3f3-41e3-bc1f-649af40dee6a","1747300294366",True
"7f43693b-1aab-449b-bbad-42e260d0b22a","pg.citya","3c0b6004-7c16-459c-81e1-17269dea5474","REJECT","66df96d5-b8d9-4c02-ab30-a66de945e54f","FSM_ADMIN","5130f2e3-efc1-401a-94fb-b9e60d9fa17d","1746620339237","5130f2e3-efc1-401a-94fb-b9e60d9fa17d","1746620339237",True
"7f45c6b7-bedc-404c-ad95-72b6f00c92c5","pg.citya","64cebe86-2f62-460a-93a0-f72ddf68ae84","SUBMIT_APPLICATION","d5a2b9b4-fd02-4384-8765-65a9f0ca471c","CITIZEN,WS_CITIZEN,WS_CEMP","d14f1116-6b07-4345-9db9-820d2e85daa0","1750331436198","d14f1116-6b07-4345-9db9-820d2e85daa0","1750331436198",True
"7fc7fd6b-7ff3-40b5-adea-40e62e921928","pg","651ebfd5-7bcc-44cb-b190-bb889375b061","FORWARD","4d6d1eab-f735-4196-8572-e3df73224b3e","CITIZEN,BPA_CITIZEN,BPA_ARCHITECT","1723f919-bcce-4f6f-a135-4757075c5c27","1744621912674","c8d9141d-b3f3-41e3-bc1f-649af40dee6a","1747300462548",True
"7ffc0dad-29ba-4997-b5eb-8acf6c647e89","pg","938972aa-139d-44e1-b304-9c6a9b955bbd","EDIT","e7546894-9ef0-49e0-ab73-f7fae5b807b5","WORK_ORDER_CREATOR","b43b260c-f620-45d3-a43f-f53148f87f15","1759748358987","b43b260c-f620-45d3-a43f-f53148f87f15","1759748358987",True
"806f7577-a865-4afc-a5b6-014c118aa270","pg.citya","2a6391a4-496a-4f94-9040-6c0bf9f6c68a","REOPEN","a6c9afcd-42c4-4d6c-8396-d02dd152236e","CFC,CSR,CITIZEN","a4a0d5a5-2edc-4c3d-bf97-5fdd1f88cbaa","1743096883293","a4a0d5a5-2edc-4c3d-bf97-5fdd1f88cbaa","1743096883293",True
"81626746-3a82-4ebd-871a-c0592511a104","pg","1176abf5-5022-4dbf-8442-878032295198","FORWARD","7c65cec2-a9ad-45d2-9e68-2ae6ae60b13f","BPAREG_DOC_VERIFIER","1723f919-bcce-4f6f-a135-4757075c5c27","1744621925179","c8d9141d-b3f3-41e3-bc1f-649af40dee6a","1747299993886",True
"8172f99b-e6a7-4fee-8861-005a0274dfa0","pg.citya","5ad9a5df-d63b-4ea7-83ba-ced7754a7258","INITIATE","64cebe86-2f62-460a-93a0-f72ddf68ae84","CITIZEN,WS_CITIZEN,WS_CEMP","d14f1116-6b07-4345-9db9-820d2e85daa0","1750331436198","d14f1116-6b07-4345-9db9-820d2e85daa0","1750331436198",True
"81ed8255-77fe-4f27-8b74-abb314847d43","pg","d5b89c3b-f77e-40ed-9846-b6bbaac50805","CANCEL","31653490-c691-4f35-8533-f0e7a2b9d876","FSM_ADMIN","11b0e02b-0145-4de2-bc42-c97b96264807","1744197648205","11b0e02b-0145-4de2-bc42-c97b96264807","1744197648205",True
"82ab6f53-09f3-4cf3-8c09-c859eabddd37","pg","76e7e710-96d9-4286-8b64-bdd689d6bfc9","SEND_BACK_TO_CITIZEN","2b6a000e-b068-4609-bf92-84b8d885b9a2","BPA_NOC_VERIFIER","1723f919-bcce-4f6f-a135-4757075c5c27","1744621887819","c8d9141d-b3f3-41e3-bc1f-649af40dee6a","1747300190538",True
"83cf0695-76d8-432d-8869-9f4fbf686605","pg","24416d41-d7a9-4744-976c-de270e03b452","SAVE_AS_DRAFT","9c4a8bea-0c63-4ae2-9a63-1b4e237dcf8a","PQM_ADMIN,PQM_TP_OPERATOR","5130f2e3-efc1-401a-94fb-b9e60d9fa17d","1744197760141","5130f2e3-efc1-401a-94fb-b9e60d9fa17d","1744197760141",True
"8433ff45-3296-4d6e-a1bb-e0956a7d6295","pg.citya","8b26194d-69d0-46e0-9592-aecd3c40dbab","SEND_BACK_TO_CITIZEN","b7397410-3275-4c85-b2bf-d4d66551f930","SW_DOC_VERIFIER","d14f1116-6b07-4345-9db9-820d2e85daa0","1750331545883","d14f1116-6b07-4345-9db9-820d2e85daa0","1750331545883",True
"847bbbb4-3ae7-4ceb-a0c3-c68497aa6d4a","pg","ff31db08-5385-4af7-950e-838217d2d9f3","SEND_BACK_FOR_FIELD_INSPECTION","2acf767c-c4eb-4357-8653-9c3303df9933","WS_APPROVER","1723f919-bcce-4f6f-a135-4757075c5c27","1745170689502","1723f919-bcce-4f6f-a135-4757075c5c27","1750320158669",True
"84f04856-a538-4f69-a975-d96b9c6bda1c","pg","6b4ea5a5-83a2-4645-a684-5847e738cb13","FORWARD","3e304c63-af88-4ec4-9616-87d047a0ca3e","BPAREG_DOC_VERIFIER","1723f919-bcce-4f6f-a135-4757075c5c27","1744613193390","c8d9141d-b3f3-41e3-bc1f-649af40dee6a","1747302742562",True
"852a2acc-3020-49ff-8d92-8a39a089bdab","pg","41122b3e-b304-436c-9bc0-c587d85b4e27","APPROVE","5e60d88c-8f3c-4370-8363-4a53a09c43f7","PT_APPROVER","919f4168-223a-4ea9-8d27-9a9e27e672bd","1743070107121","c8d9141d-b3f3-41e3-bc1f-649af40dee6a","1747291928326",True
"8598daf8-12d6-4d0b-9290-a1cf819abe35","pg","7fbf5ad0-65d2-4ab4-9c20-d66037ccd65b","SEND_BACK_TO_CITIZEN","360d4aa0-b54b-4f58-9c12-9d895229ac5e","WS_DOC_VERIFIER","1723f919-bcce-4f6f-a135-4757075c5c27","1745170689502","1723f919-bcce-4f6f-a135-4757075c5c27","1750320158669",True
"864b3de4-51f5-470e-b728-9df726b9697d","pg","2f159dab-2c12-4a07-b909-a4b004a5679c","SENDBACK","f6d3433f-f27c-4027-92df-0ca73a6db1ca","FSM_ADMIN","5130f2e3-efc1-401a-94fb-b9e60d9fa17d","1744197634808","5130f2e3-efc1-401a-94fb-b9e60d9fa17d","1744197634808",True
"86a0f1a7-70e0-4ae6-ab7c-2c336e97f77e","pg.citya","5e44668d-4b18-477a-b51f-b62277c8eadd","REJECT","bce8e548-afdd-424e-89e2-81b05a1fbcd0","BPAREG_DOC_VERIFIER","3709110a-4b1d-49a4-b639-95b689a86aa5","1743501511811","c8d9141d-b3f3-41e3-bc1f-649af40dee6a","1747299813060",True
"86b90f15-afc3-4aa2-ac78-8c097d4864d4","pg.citya","73121dc7-4e3f-40ac-8ff8-b8d1e6afb716","PAY","5e44668d-4b18-477a-b51f-b62277c8eadd","CITIZEN,BPA_CITIZEN,SYSTEM_PAYMENT","3709110a-4b1d-49a4-b639-95b689a86aa5","1743501511811","c8d9141d-b3f3-41e3-bc1f-649af40dee6a","1747299813060",True
"86dbb9d2-3ca2-483a-bbca-4d267ae6e2bd","pg","2cdd085b-ac20-4378-97bd-e3617abfbb38","SEND_BACK_TO_CITIZEN","dbc31524-f562-4a2d-a0a5-706b69de0736","WS_APPROVER","1723f919-bcce-4f6f-a135-4757075c5c27","1745170711814","1723f919-bcce-4f6f-a135-4757075c5c27","1750320234575",True
"87645a6e-8fcb-4102-97ec-95f326d82c7f","pg","624cf2a1-e3d2-4acc-981e-50e272cc264b","OPEN","c6ec91e9-cc27-432f-8488-e28ce18b234b","CITIZEN,PT_CITIZEN,TL_CITIZEN,FN_CITIZEN,WS_CITIZEN,PT_CEMP","919f4168-223a-4ea9-8d27-9a9e27e672bd","1743070107121","c8d9141d-b3f3-41e3-bc1f-649af40dee6a","1747894463358",True
"8787066a-296b-4775-be05-9c320d434bd6","pg.citya","4e39d0f1-6efa-4444-8170-abd56c432445","SUBMIT_APPLICATION","8b26194d-69d0-46e0-9592-aecd3c40dbab","CITIZEN,WS_CITIZEN,SW_CEMP","d14f1116-6b07-4345-9db9-820d2e85daa0","1750331545883","d14f1116-6b07-4345-9db9-820d2e85daa0","1750331545883",True
"87f766c8-9724-4d96-b374-17d239a82532","pg.citya","16c72b06-14cc-41d0-82b4-b4a75b9dad88","SENDBACKTOCITIZEN","0292c11c-fe97-44f5-92da-321da2fa5ec8","NOC_FIELD_INSPECTOR","1723f919-bcce-4f6f-a135-4757075c5c27","1743483264461","1723f919-bcce-4f6f-a135-4757075c5c27","1743483264461",True
"880e6549-d3d9-4786-8361-a7862772bc6e","pg.citya","74aa488e-de78-4885-b935-5daa63db1d05","CANCEL","0c42f37f-609e-48be-9480-85bf77a80542","FSM_ADMIN","5130f2e3-efc1-401a-94fb-b9e60d9fa17d","1746620274309","5130f2e3-efc1-401a-94fb-b9e60d9fa17d","1746620274309",True
"8849fb66-deff-42e6-8e36-d022a9650924","pg.citya","7dd1f1aa-8121-461b-9d26-9aba4ebb3b45","REVOCATE","8a85e42d-f662-427f-ae6c-562dfc6f72a9","BPA_VERIFIER","3709110a-4b1d-49a4-b639-95b689a86aa5","1743501511811","c8d9141d-b3f3-41e3-bc1f-649af40dee6a","1747227433277",True
"886a4d14-c805-4ecf-a75f-cf0caa2310a2","pg.citya","f85882db-895b-4ed8-aa2d-130a90403a38","SCHEDULE","402c9c85-f08c-4b7c-8db1-ce202fd9e2fe","PQM_ADMIN,PQM_TP_OPERATOR,PQM_CRONJOB_SCHEDULER","5130f2e3-efc1-401a-94fb-b9e60d9fa17d","1746620493337","5130f2e3-efc1-401a-94fb-b9e60d9fa17d","1746620493337",True
"8a71eceb-3323-41f1-9e06-729162576a66","pg","5b8de733-6824-4f4c-8aa4-8733b1db3fe9","APPROVE","002eea7c-54c4-4c80-affd-35412386de13","WS_APPROVER,SW_APPROVER","1723f919-bcce-4f6f-a135-4757075c5c27","1745170781516","1723f919-bcce-4f6f-a135-4757075c5c27","1750320098459",True
"8b334d10-579e-42b0-8737-db2bb6a69801","pg.citya","98fc9837-a9ec-45f6-85ae-e568e079dabe","APPROVE_CONNECTION","dc747424-0d11-45e7-a83b-4b2a7618c995","SW_APPROVER","d14f1116-6b07-4345-9db9-820d2e85daa0","1750331535903","d14f1116-6b07-4345-9db9-820d2e85daa0","1750331535903",True
"8bd145db-8742-465e-8267-e71072dd548e","pg.citya","9afd3bb9-3565-48bc-a7fc-ebff0832f7fc","SEND_BACK_FOR_DOCUMENT_VERIFICATION","8b26194d-69d0-46e0-9592-aecd3c40dbab","SW_FIELD_INSPECTOR","d14f1116-6b07-4345-9db9-820d2e85daa0","1750331545883","d14f1116-6b07-4345-9db9-820d2e85daa0","1750331545883",True
"8cb034dd-2a99-468c-ba38-05f79bbe522b","pg.citya","6d06a1d1-f571-441d-8b5a-8a5d9fbf03a2","SEND_TO_CITIZEN","046bf108-ab75-427b-9367-55a13970b9c5","BPA_ARCHITECT,BPA_ENGINEER,BPA_BUILDER,BPA_STRUCTURALENGINEER,BPA_TOWNPLANNER,BPA_SUPERVISOR","3709110a-4b1d-49a4-b639-95b689a86aa5","1743501511811","c8d9141d-b3f3-41e3-bc1f-649af40dee6a","1747225208046",True
"8cfb78ad-e2c1-44ad-9139-535000d9bbad","pg.citya","46ca16ac-adcd-45db-9a96-73e6bb10b184","REJECT","f9b7be9a-7b2c-4f65-ba1e-e4f2b259bbdf","BPAREG_DOC_VERIFIER","3709110a-4b1d-49a4-b639-95b689a86aa5","1743501511811","c8d9141d-b3f3-41e3-bc1f-649af40dee6a","1747303039536",True
"8d75176c-1a1f-455f-8c92-7d7ca2589e71","pg.citya","8bc521c8-10fa-4c2c-81b5-890361c05a84","PAY","46ca16ac-adcd-45db-9a96-73e6bb10b184","CITIZEN,BPA_CITIZEN,SYSTEM_PAYMENT","3709110a-4b1d-49a4-b639-95b689a86aa5","1743501511811","c8d9141d-b3f3-41e3-bc1f-649af40dee6a","1747303039536",True
"8e9c0c26-7849-4e59-bd26-b2e73b58d95a","pg","d0af6a1e-289f-4cea-a9e8-790e5a4c1347","APPLY","652100e7-95a0-473d-a483-ddab279c7bbd","BPA_ARCHITECT,BPA_ENGINEER,BPA_BUILDER,BPA_STRUCTURALENGINEER,BPA_TOWNPLANNER,BPA_SUPERVISOR","1723f919-bcce-4f6f-a135-4757075c5c27","1744621912674","c8d9141d-b3f3-41e3-bc1f-649af40dee6a","1747300462548",True
"8ecf5175-54f6-4e36-b639-e18517166801","pg","b3c62a61-ac34-4a6c-b252-5963a47660dc","PAY","41122b3e-b304-436c-9bc0-c587d85b4e27","CITIZEN,PT_CITIZEN,PT_CEMP,SYSTEM_PAYMENT,SYSTEM","919f4168-223a-4ea9-8d27-9a9e27e672bd","1743070107121","c8d9141d-b3f3-41e3-bc1f-649af40dee6a","1747291928326",True
"8f35469d-fd53-49ff-b378-d5b12906a52e","pg","af023fdf-a9b2-4c6e-a8bf-dc0be12beeb5","RESUBMIT_APPLICATION","0227c254-14e7-4089-b259-bc54fea1c0a8","CITIZEN,WS_CITIZEN,SW_CEMP","1723f919-bcce-4f6f-a135-4757075c5c27","1745170768730","1723f919-bcce-4f6f-a135-4757075c5c27","1750320031573",True
"8f53486a-5822-446c-82b5-8e3d479c9bca","pg.citya","a985e495-2ae1-4fd7-b54a-26b23927489d","REOPEN","a6c9afcd-42c4-4d6c-8396-d02dd152236e","CFC,CSR,CITIZEN","a4a0d5a5-2edc-4c3d-bf97-5fdd1f88cbaa","1743096883293","a4a0d5a5-2edc-4c3d-bf97-5fdd1f88cbaa","1743096883293",True
"8f845215-2964-4ba7-8c0c-83a659f5b3f3","pg","64abc187-1dcb-443c-80c0-116912da9a5b","REASSING","64abc187-1dcb-443c-80c0-116912da9a5b","FSM_EDITOR_EMP","5130f2e3-efc1-401a-94fb-b9e60d9fa17d","1744197661636","5130f2e3-efc1-401a-94fb-b9e60d9fa17d","1744197661636",True
"8fdade85-a1ba-4ad1-b451-514e50f4767c","pg.citya","4e474581-f048-4fb6-a628-45bf7595e0c6","INITIATE","4e39d0f1-6efa-4444-8170-abd56c432445","CITIZEN,WS_CITIZEN,SW_CEMP","d14f1116-6b07-4345-9db9-820d2e85daa0","1750331545883","d14f1116-6b07-4345-9db9-820d2e85daa0","1750331545883",True
"900de1eb-6293-45d8-8793-dbe812b15046","pg","4abfbf27-2e64-4657-87bd-d8056f6fb1d1","SENDBACKTOCITIZEN","ef120f0d-3b9e-4933-b2bd-ce8bc6a97176","PT_FIELD_INSPECTOR","919f4168-223a-4ea9-8d27-9a9e27e672bd","1743070107121","c8d9141d-b3f3-41e3-bc1f-649af40dee6a","1747894463358",True
"9056eeb5-1798-4bb6-bd64-90105d35e4a8","pg.citya","7dd1f1aa-8121-461b-9d26-9aba4ebb3b45","SEND_BACK_TO_CITIZEN","f0ca0e64-809e-4544-bd4a-099ba0c913de","BPA_VERIFIER","3709110a-4b1d-49a4-b639-95b689a86aa5","1743501511811","c8d9141d-b3f3-41e3-bc1f-649af40dee6a","1747227433277",True
"907ae40d-3cc2-4a18-ac0a-7da763838647","pg.citya","637367b0-3765-436a-8f50-62628ae115e4","PAY","ed18ed83-c3dd-493b-944f-9abaab242882","CITIZEN,TL_CITIZEN,TL_CEMP,SYSTEM_PAYMENT","1723f919-bcce-4f6f-a135-4757075c5c27","1743484407631","c8d9141d-b3f3-41e3-bc1f-649af40dee6a","1747222345985",True
"90811d92-c0db-47c7-9f00-1e1895ca02ac","pg.citya","c2fa000b-2dfa-4502-8bae-b553bb947944","INITIATE","ed578b78-4bf1-477f-9463-01885b37ecde","CITIZEN,NOC_CEMP","1723f919-bcce-4f6f-a135-4757075c5c27","1743483264461","1723f919-bcce-4f6f-a135-4757075c5c27","1743483264461",True
"90bb3a14-6f55-4550-8784-2fd54c381f7f","pg","c5e58901-67e0-415c-81ee-4bb4de31f17b","ADHOC","c5e58901-67e0-415c-81ee-4bb4de31f17b","CITIZEN,BPA_CITIZEN,BPA_ARCHITECT,BPA_ENGINEER,BPA_BUILDER,BPA_STRUCTURALENGINEER,BPA_TOWNPLANNER,BPA_SUPERVISOR,SYSTEM_PAYMENT,CEMP","1723f919-bcce-4f6f-a135-4757075c5c27","1744621912674","c8d9141d-b3f3-41e3-bc1f-649af40dee6a","1747300462548",True
"90c0cb6f-dbba-43de-b8e5-c7186da35b2b","pg","d5375dbb-2721-46ae-bdb8-b8786a82ba3f","REJECT","4c40f431-4b34-4275-9d5f-ea361ad20298","WS_APPROVER","1723f919-bcce-4f6f-a135-4757075c5c27","1745170704298","1723f919-bcce-4f6f-a135-4757075c5c27","1745170704298",True
"91587f6e-cec7-4910-8755-c9afed63e1dd","pg","82af2f42-0a92-48f8-a676-654209a18593","REFER","82af2f42-0a92-48f8-a676-654209a18593","NOC_APPROVER","1723f919-bcce-4f6f-a135-4757075c5c27","1745170648438","1723f919-bcce-4f6f-a135-4757075c5c27","1745170648438",True
"915f5f85-975d-4a0c-9482-fb033d110838","pg","7fbf5ad0-65d2-4ab4-9c20-d66037ccd65b","REJECT","8c6efcf0-329e-437d-b2c9-f4aaeed97580","WS_DOC_VERIFIER","1723f919-bcce-4f6f-a135-4757075c5c27","1745170689502","1723f919-bcce-4f6f-a135-4757075c5c27","1750320158669",True
"91843f3d-0190-48df-a1eb-ef7b5facbaee","pg.citya","08270771-6d3c-4a32-a6e5-652ba10117f8","VOID","f15404e0-e057-4e1a-b4d2-a955e5db8dc2","BPA_VERIFIER,BPA_FIELD_INSPECTOR,BPA_NOC_VERIFIER","1723f919-bcce-4f6f-a135-4757075c5c27","1743483264461","1723f919-bcce-4f6f-a135-4757075c5c27","1743483264461",True
"91af2107-b8a1-454b-bb58-7f972025e3e8","pg.citya","5da84af8-5bba-4261-b006-94af31779b2c","CANCEL","d7b07991-e4d0-4211-b41a-3714bc500c85","FSM_ADMIN","11b0e02b-0145-4de2-bc42-c97b96264807","1746620314146","11b0e02b-0145-4de2-bc42-c97b96264807","1746620314146",True
"922933cf-8870-4975-a296-91fa45f85607","pg","4b751246-304c-4cba-bf20-f0a065e1ccbe","ASSIGN","b3c3c083-9595-4cde-916e-26f6fb34f7db","FSM_EDITOR_EMP","11b0e02b-0145-4de2-bc42-c97b96264807","1744197648205","11b0e02b-0145-4de2-bc42-c97b96264807","1744197648205",True
"9245cd24-9a6d-42f9-990e-ea386176f2c2","pg","6f854573-d9ee-4036-bc2d-f0f8f84e088d","RE-SUBMITTED","3672e189-6e89-4454-a067-ce1f269d98ac","ESTIMATE_CREATOR","b43b260c-f620-45d3-a43f-f53148f87f15","1759748291264","b43b260c-f620-45d3-a43f-f53148f87f15","1759748291264",True
"925b8242-874c-4c4c-af22-374024ce3ea9","pg","eb7e284a-68bd-42b0-a31c-f6e71e30b268","VOID","0d2a5d69-5ea1-4fe1-8fe9-3ccf0c9cb02f","BPA_VERIFIER,BPA_FIELD_INSPECTOR,BPA_NOC_VERIFIER","1723f919-bcce-4f6f-a135-4757075c5c27","1745170626068","1723f919-bcce-4f6f-a135-4757075c5c27","1745170626068",True
"92642ccb-c71a-42a5-b440-7a503a063e43","pg.citya","cee99001-8032-49bc-9abb-8a0707e6f2e2","FORWARD","43bc730e-ed42-4a1d-b85e-290af5e46a6b","TL_FIELD_INSPECTOR","1723f919-bcce-4f6f-a135-4757075c5c27","1743484407631","c8d9141d-b3f3-41e3-bc1f-649af40dee6a","1747222345985",True
"928a155e-5575-4ee5-b472-60e271b9a1f3","pg","bd6b8517-5b9c-42be-8490-b061a6821396","APPROVE","c5e58901-67e0-415c-81ee-4bb4de31f17b","BPA_APPROVER","1723f919-bcce-4f6f-a135-4757075c5c27","1744621912674","c8d9141d-b3f3-41e3-bc1f-649af40dee6a","1747300462548",True
"92a8c628-73a1-4151-8bb4-64f706417797","pg","0ffa6840-88d7-4721-a618-8fb02fe0e5cb","CANCEL","0b02c4e1-4888-459b-8f6c-956ddf31aa08","FSM_ADMIN","5130f2e3-efc1-401a-94fb-b9e60d9fa17d","1744197702516","5130f2e3-efc1-401a-94fb-b9e60d9fa17d","1744197702516",True
"93bacd97-d70b-48b8-8ec9-5a51d8a04499","pg","bce263de-2e48-4236-b766-562768dfba00","APPLY","4b751246-304c-4cba-bf20-f0a065e1ccbe","FSM_CREATOR_EMP","11b0e02b-0145-4de2-bc42-c97b96264807","1744197648205","11b0e02b-0145-4de2-bc42-c97b96264807","1744197648205",True
"940e2b3f-fa1d-4e86-babd-5b2652b03a82","pg.citya","c3dcc58a-0737-49bf-b447-f0bab6f929f9","REJECT","316d3ecc-0924-4314-95fb-97ce6b116556","BPAREG_APPROVER","3709110a-4b1d-49a4-b639-95b689a86aa5","1743501511811","c8d9141d-b3f3-41e3-bc1f-649af40dee6a","1747303229636",True
"9425c23b-ea19-4951-a0ff-90f2d2a2f428","pg.citya","a0af0a90-80d8-4398-bd09-41923b5248c8","REVOCATE","8a85e42d-f662-427f-ae6c-562dfc6f72a9","BPA_APPROVER","3709110a-4b1d-49a4-b639-95b689a86aa5","1743501511811","c8d9141d-b3f3-41e3-bc1f-649af40dee6a","1747227433277",True
"946e8a05-608b-4b09-8f1c-42a66ff0c6d9","pg.citya","0da312c3-09b5-4ef7-8ca8-fa82b57893ab","ADHOC","0da312c3-09b5-4ef7-8ca8-fa82b57893ab","CITIZEN,BPA_CITIZEN,BPA_ARCHITECT,BPA_ENGINEER,BPA_BUILDER,BPA_STRUCTURALENGINEER,BPA_TOWNPLANNER,BPA_SUPERVISOR,SYSTEM_PAYMENT,CEMP","3709110a-4b1d-49a4-b639-95b689a86aa5","1743501511811","c8d9141d-b3f3-41e3-bc1f-649af40dee6a","1747227583985",True
"9499175a-e078-4dde-8d54-750cd25bc65a","pg.citya","7f53e9c7-d609-441e-a39f-ce50ab42f276","APPROVE_FOR_CONNECTION","c14ce794-76d2-4266-b1e5-4cb552b07ba0","SW_APPROVER","d14f1116-6b07-4345-9db9-820d2e85daa0","1750331517050","d14f1116-6b07-4345-9db9-820d2e85daa0","1750331517050",True
"94a7cf61-4b2f-4a36-9e62-f3c0bf14b1bf","pg.citya","9afd3bb9-3565-48bc-a7fc-ebff0832f7fc","SEND_BACK_TO_CITIZEN","b7397410-3275-4c85-b2bf-d4d66551f930","SW_FIELD_INSPECTOR","d14f1116-6b07-4345-9db9-820d2e85daa0","1750331545883","d14f1116-6b07-4345-9db9-820d2e85daa0","1750331545883",True
"94ae3b6d-3f6f-438b-8ed6-b3a015e650ee","pg.citya","05ef8c20-46ff-41c8-b98b-1bef0b2e70ec","SEND_BACK","0d69f79e-2b70-44be-931d-7efc4544f92f","WS_APPROVER,SW_APPROVER","3709110a-4b1d-49a4-b639-95b689a86aa5","1743506632422","3709110a-4b1d-49a4-b639-95b689a86aa5","1743506632422",True
"94cfe698-0c0f-4242-ab30-3407c5b7a9e3","pg","a6be7dc7-bb61-4b51-9b7e-51338b6309da","APPLY","b3447e63-5f50-4549-9f06-394b5ff9d614","CITIZEN,BPA_CITIZEN,ANONYMOUS","1723f919-bcce-4f6f-a135-4757075c5c27","1744621972446","c8d9141d-b3f3-41e3-bc1f-649af40dee6a","1747303289822",True
"94fcbbad-a4ef-4d16-a65f-fab20549b69c","pg","42890bfe-70e3-4264-86ff-9ccd1e9f8a7b","SEND_BACK_TO_CITIZEN","af023fdf-a9b2-4c6e-a8bf-dc0be12beeb5","SW_FIELD_INSPECTOR","1723f919-bcce-4f6f-a135-4757075c5c27","1745170768730","1723f919-bcce-4f6f-a135-4757075c5c27","1750320031573",True
"951b8b4d-8917-4870-9f85-13455ee2ddcc","pg","16a67ad6-232c-44cd-80e6-2b846e503b3d","INITIATE","439100ef-8bc7-41fa-871e-12c49f23714c","CITIZEN,BPA_ARCHITECT,BPA_ENGINEER,BPA_BUILDER,BPA_STRUCTURALENGINEER,BPA_TOWNPLANNER,BPA_SUPERVISOR","1723f919-bcce-4f6f-a135-4757075c5c27","1745170635449","1723f919-bcce-4f6f-a135-4757075c5c27","1745170635449",True
"951d2fcc-edaf-499f-8dfd-f069d29375c1","pg","407c9fe5-8941-4c62-b369-7127ab37b8b9","CANCEL","31653490-c691-4f35-8533-f0e7a2b9d876","FSM_ADMIN","11b0e02b-0145-4de2-bc42-c97b96264807","1744197648205","11b0e02b-0145-4de2-bc42-c97b96264807","1744197648205",True
"95b29985-e7cc-483e-a3b1-de8ad81bc618","pg","13d5d3b6-dcbd-42cc-8b44-839fb7dd79c4","FORWARD","bd6b8517-5b9c-42be-8490-b061a6821396","BPA_NOC_VERIFIER","1723f919-bcce-4f6f-a135-4757075c5c27","1744621912674","c8d9141d-b3f3-41e3-bc1f-649af40dee6a","1747300462548",True
"96060142-d197-4a0c-ad79-3d99ebddf186","pg","63fc5c53-85ca-4c43-b62e-6e262e29e78a","REJECT","702ec6e9-311e-40a7-9b90-029fdd2b47fc","NOC_FIELD_INSPECTOR","1723f919-bcce-4f6f-a135-4757075c5c27","1745170648438","1723f919-bcce-4f6f-a135-4757075c5c27","1745170648438",True
"965684ed-64ee-4b12-b68e-ec99daa7e590","pg.citya","16c72b06-14cc-41d0-82b4-b4a75b9dad88","FORWARD","4ff47f50-5682-4332-bebf-fb20009ed66a","NOC_FIELD_INSPECTOR","1723f919-bcce-4f6f-a135-4757075c5c27","1743483264461","1723f919-bcce-4f6f-a135-4757075c5c27","1743483264461",True
"968ee94a-7a5a-4ef6-aa8b-e98acb6ad387","pg","e6153c00-1671-4c61-846e-5d43944bbf77","CREATE","7e64688c-cda6-43a1-b8b0-3a7ced576f88","CITIZEN","5130f2e3-efc1-401a-94fb-b9e60d9fa17d","1744197661636","5130f2e3-efc1-401a-94fb-b9e60d9fa17d","1744197661636",True
"96955ae7-1a02-4972-a28f-bb2b2f882b35","pg","48b779f2-f0ad-4158-baa2-999504deb8bd","CANCEL","1c3bdda8-e29f-40f4-8465-a397660074cf","FSM_ADMIN","3903e096-3b9f-43a5-b5f0-4c37079d6cd5","1744197611210","3903e096-3b9f-43a5-b5f0-4c37079d6cd5","1744197611210",True
"96cc6459-fcd5-498e-ba0b-2f75f664c10e","pg","efee547d-dab1-450f-aa3b-cb047b684b71","SEND_BACK_FOR_DOCUMENT_VERIFICATION","f82fbd96-0258-472a-960d-1a122d513c63","SW_FIELD_INSPECTOR","1723f919-bcce-4f6f-a135-4757075c5c27","1745170748360","1723f919-bcce-4f6f-a135-4757075c5c27","1750319946627",True
"96e920b6-e237-4532-a121-fcc813452c66","pg","3e0461ba-7a84-49b1-9ffe-7a36a9326d90","DSO_REJECT","a6b97130-b64b-4218-927d-7992d936b794","FSM_DSO","3903e096-3b9f-43a5-b5f0-4c37079d6cd5","1744197611210","3903e096-3b9f-43a5-b5f0-4c37079d6cd5","1744197611210",True
"973372e1-a760-4fbf-a9eb-3460e7d30d8f","pg.citya","380065d9-2fcc-40c2-ad46-820df6f3d8a4","CANCEL","d7b07991-e4d0-4211-b41a-3714bc500c85","FSM_ADMIN","11b0e02b-0145-4de2-bc42-c97b96264807","1746620314146","11b0e02b-0145-4de2-bc42-c97b96264807","1746620314146",True
"973cf8cc-1b1e-4c5b-b253-1df3f917a83a","pg","56a77359-ec79-47d3-ba03-48561b69d0a1","CREATE","5179269d-2cdd-4d1b-b468-5cfcc36045c1","CITIZEN","5130f2e3-efc1-401a-94fb-b9e60d9fa17d","1744197702516","5130f2e3-efc1-401a-94fb-b9e60d9fa17d","1744197702516",True
"97e5064e-b26f-4192-8f8a-a83064255388","pg.citya","d835de7e-6cdf-4c1b-ac71-57fd699f375d","DSO_ACCEPT","4c8ebe47-30f8-4903-8550-a431dc9e7d9d","FSM_DSO,FSM_EDITOR_EMP","5130f2e3-efc1-401a-94fb-b9e60d9fa17d","1746620339237","5130f2e3-efc1-401a-94fb-b9e60d9fa17d","1746620339237",True
"97f6e940-b3cf-4ef0-9696-b22bb6664426","pg.cityb","382d5acc-4130-44e6-818b-7b2f47392f88","UPDATE_RESULT","eb37d399-5341-4b42-9334-dff014169adb","PQM_ADMIN,PQM_TP_OPERATOR","5130f2e3-efc1-401a-94fb-b9e60d9fa17d","1748348009641","5130f2e3-efc1-401a-94fb-b9e60d9fa17d","1748348009641",True
"98083c19-f367-41e4-bde8-4b19f4c8a907","pg","652100e7-95a0-473d-a483-ddab279c7bbd","ADHOC","652100e7-95a0-473d-a483-ddab279c7bbd","CITIZEN,BPA_CITIZEN,BPA_ARCHITECT,BPA_ENGINEER,BPA_BUILDER,BPA_STRUCTURALENGINEER,BPA_TOWNPLANNER,BPA_SUPERVISOR,SYSTEM_PAYMENT,CEMP","1723f919-bcce-4f6f-a135-4757075c5c27","1744621912674","c8d9141d-b3f3-41e3-bc1f-649af40dee6a","1747300462548",True
"98939db4-6155-4a6b-8807-2e6cd567dc2b","pg.citya","5da84af8-5bba-4261-b006-94af31779b2c","SENDBACK","67aaa3cd-0507-4aa7-ba74-16dbd14fff21","FSM_ADMIN","11b0e02b-0145-4de2-bc42-c97b96264807","1746620314146","11b0e02b-0145-4de2-bc42-c97b96264807","1746620314146",True
"994be471-015d-4c72-9ab9-88f39f68f1ea","pg","db886417-8d39-4ccc-9a6c-aee6348f185a","ADHOC","db886417-8d39-4ccc-9a6c-aee6348f185a","CITIZEN,BPA_CITIZEN,BPA_ARCHITECT,BPA_ENGINEER,BPA_BUILDER,BPA_STRUCTURALENGINEER,BPA_TOWNPLANNER,BPA_SUPERVISOR,SYSTEM_PAYMENT,CEMP","1723f919-bcce-4f6f-a135-4757075c5c27","1744621887819","c8d9141d-b3f3-41e3-bc1f-649af40dee6a","1747300190538",True
"99e54046-c68b-4345-aa86-93b8fb0a9fbb","pg","ef120f0d-3b9e-4933-b2bd-ce8bc6a97176","REOPEN","c6ec91e9-cc27-432f-8488-e28ce18b234b","PT_CEMP,CITIZEN,PT_CITIZEN","919f4168-223a-4ea9-8d27-9a9e27e672bd","1743070107121","c8d9141d-b3f3-41e3-bc1f-649af40dee6a","1747894463358",True
"9a62ea03-b983-4573-b3ad-f6c3dcf87b39","pg","db886417-8d39-4ccc-9a6c-aee6348f185a","PAY","9874058e-09c7-4ae4-a5f0-caf183c51ae1","CITIZEN,BPA_CITIZEN,BPA_ARCHITECT,BPA_ENGINEER,BPA_BUILDER,BPA_STRUCTURALENGINEER,BPA_TOWNPLANNER,BPA_SUPERVISOR,SYSTEM_PAYMENT,CEMP","1723f919-bcce-4f6f-a135-4757075c5c27","1744621887819","c8d9141d-b3f3-41e3-bc1f-649af40dee6a","1747300190538",True
"9a9672dd-2715-4b58-b38e-471ae3d57b14","pg.citya","6daf1ad1-71df-4615-9a93-1e332eeb6095","FORWARD","cee99001-8032-49bc-9abb-8a0707e6f2e2","TL_DOC_VERIFIER","1723f919-bcce-4f6f-a135-4757075c5c27","1743484407631","c8d9141d-b3f3-41e3-bc1f-649af40dee6a","1747222345985",True
"9ae5e4da-ad1d-420d-94b2-3871988357f9","pg","3e0461ba-7a84-49b1-9ffe-7a36a9326d90","REASSING","3e0461ba-7a84-49b1-9ffe-7a36a9326d90","FSM_EDITOR_EMP","3903e096-3b9f-43a5-b5f0-4c37079d6cd5","1744197611210","3903e096-3b9f-43a5-b5f0-4c37079d6cd5","1744197611210",True
"9b26e3db-65e1-402c-8bf5-4dae24d71e0e","pg","cf33d6f0-43e1-4ff6-82f4-522544d52006","SUBMIT","4b751246-304c-4cba-bf20-f0a065e1ccbe","FSM_EDITOR_EMP","11b0e02b-0145-4de2-bc42-c97b96264807","1744197648205","11b0e02b-0145-4de2-bc42-c97b96264807","1744197648205",True
"9b769294-ad83-43f2-a35b-b326a7ac539c","pg.citya","3c0b6004-7c16-459c-81e1-17269dea5474","PAY","66e74543-edd4-48c1-b743-8f2e309abb6e","CITIZEN,FSM_COLLECTOR","5130f2e3-efc1-401a-94fb-b9e60d9fa17d","1746620339237","5130f2e3-efc1-401a-94fb-b9e60d9fa17d","1746620339237",True
"9c645f6c-ee94-41bd-8940-e1af9c815a0a","pg","1afa7302-f4c1-4bde-a27b-22d82926ebb2","COMPLETED","9c6cccbd-7e31-496f-8fbb-874eaa4ae7f0","FSM_DSO,FSM_EDITOR_EMP","5130f2e3-efc1-401a-94fb-b9e60d9fa17d","1744197661636","5130f2e3-efc1-401a-94fb-b9e60d9fa17d","1744197661636",True
"9c9f7edc-06aa-4dcb-bc5a-ae96baf90de7","pg","2acf767c-c4eb-4357-8653-9c3303df9933","SEND_BACK_FOR_DOCUMENT_VERIFICATION","7fbf5ad0-65d2-4ab4-9c20-d66037ccd65b","WS_FIELD_INSPECTOR","1723f919-bcce-4f6f-a135-4757075c5c27","1745170689502","1723f919-bcce-4f6f-a135-4757075c5c27","1750320158669",True
"9cca04c7-0e79-46ea-b282-73c175baf895","pg.citya","064a6460-f0db-4df9-8725-bf0eb51da2e9","UPDATE_RESULT","d4d4a3bd-ce31-4c88-80d2-ae9a11febb6f","PQM_ADMIN,PQM_TP_OPERATOR","5130f2e3-efc1-401a-94fb-b9e60d9fa17d","1746620493337","5130f2e3-efc1-401a-94fb-b9e60d9fa17d","1746620493337",True
"9dd70433-0085-493d-bd9f-7517793585d3","pg","3a311ec8-9a5b-41a5-a172-db2e56ac5d98","RATE","c4ea5456-ae74-4e58-9b90-977eecb97208","CITIZEN","11b0e02b-0145-4de2-bc42-c97b96264807","1744197648205","11b0e02b-0145-4de2-bc42-c97b96264807","1744197648205",True
"9de5d97a-cca9-46c0-8f26-87a117090d9e","pg","146024fc-f18b-49d6-b935-c3fbea34cf95","ACTIVATE_CONNECTION","d0844b0b-3934-4648-852c-1b62e2207999","SW_CLERK","1723f919-bcce-4f6f-a135-4757075c5c27","1745170748360","1723f919-bcce-4f6f-a135-4757075c5c27","1750319946627",True
"9e40ae7c-0796-4b0c-92ae-1b72d82cc98b","pg.citya","5bf2b38f-af3d-4eac-8109-42542c29366c","REJECT","1b7dd7eb-eb80-44aa-8089-be5739a69f4d","BPAREG_APPROVER","3709110a-4b1d-49a4-b639-95b689a86aa5","1743501511811","c8d9141d-b3f3-41e3-bc1f-649af40dee6a","1747302781861",True
"9e9aa4a1-ba3d-49f2-b60a-7357807bfc42","pg","752ed6c0-b3eb-4e39-b032-f54a779a1df6","CREATE_FSTPO_VEHICLE_LOG","8dbf241b-89cb-4f74-871b-688092d7c669","FSM_EMP_FSTPO","3903e096-3b9f-43a5-b5f0-4c37079d6cd5","1744197691155","3903e096-3b9f-43a5-b5f0-4c37079d6cd5","1744197691155",True
"9f17e6e8-188e-42d3-9d90-7e8309a12da9","pg.citya","4ff47f50-5682-4332-bebf-fb20009ed66a","SENDBACK","16c72b06-14cc-41d0-82b4-b4a75b9dad88","NOC_APPROVER","1723f919-bcce-4f6f-a135-4757075c5c27","1743483264461","1723f919-bcce-4f6f-a135-4757075c5c27","1743483264461",True
"9f474ad9-acca-4769-99cd-c836124c7ed6","pg","2b6a000e-b068-4609-bf92-84b8d885b9a2","FORWARD","76e7e710-96d9-4286-8b64-bdd689d6bfc9","CITIZEN,BPA_CITIZEN,BPA_ARCHITECT","1723f919-bcce-4f6f-a135-4757075c5c27","1744621887819","c8d9141d-b3f3-41e3-bc1f-649af40dee6a","1747300190538",True
"9fc7b27d-8646-42c8-8b4a-df674e058790","pg","1131cc73-7888-4b13-8c37-6225ad04261b","INITIATE","48dc7108-c8ca-4ca1-9dee-328a91224d41","CITIZEN,WS_CITIZEN,SW_CEMP","1723f919-bcce-4f6f-a135-4757075c5c27","1745170768730","1723f919-bcce-4f6f-a135-4757075c5c27","1750320031573",True
"a05143ee-e46f-4607-b3de-4b9d80711b31","pg.citya","2c7acec2-374f-4be1-b2c7-8257dab5dfa1","APPLY","53d5c1f2-c9ef-480f-afdd-d51afb636136","CITIZEN,BPA_CITIZEN,ANONYMOUS","3709110a-4b1d-49a4-b639-95b689a86aa5","1743501511811","c8d9141d-b3f3-41e3-bc1f-649af40dee6a","1747303229636",True
"a075d7d2-6af2-46d7-bd34-6f73b926f6ad","pg","6ef35cee-f6a0-4a0a-a999-44dd16e51ab5","REASSING","b3c3c083-9595-4cde-916e-26f6fb34f7db","FSM_EDITOR_EMP","11b0e02b-0145-4de2-bc42-c97b96264807","1744197648205","11b0e02b-0145-4de2-bc42-c97b96264807","1744197648205",True
"a0b58d68-d780-4031-92a9-dfe8f4774ff7","pg.citya","66631907-705f-4855-82b5-4f7facbd6d2e","APPLY","434a246e-7e99-43a6-8b3e-a01c4b6aefb5","CITIZEN,TL_CITIZEN,TL_CEMP","1723f919-bcce-4f6f-a135-4757075c5c27","1743484407631","c8d9141d-b3f3-41e3-bc1f-649af40dee6a","1747222452265",True
"a0e551cf-af2c-443d-b4b6-9d51763665af","pg","5fa57a6b-2cef-4780-832a-a8b1862bc17f","APPLY","884ef92a-ce4e-41b8-bae3-856dd421ac68","FSM_CREATOR_EMP","5130f2e3-efc1-401a-94fb-b9e60d9fa17d","1744197634808","5130f2e3-efc1-401a-94fb-b9e60d9fa17d","1744197634808",True
"a12b6982-c7d5-4c65-9f4a-1bed698e5090","pg.citya","8aedbbfe-169d-4952-a5c9-d4acf5332f9f","SENDBACK","5da84af8-5bba-4261-b006-94af31779b2c","FSM_ADMIN","11b0e02b-0145-4de2-bc42-c97b96264807","1746620314146","11b0e02b-0145-4de2-bc42-c97b96264807","1746620314146",True
"a14ccaf2-aa41-403f-bb13-f763359e9306","pg","2cdd085b-ac20-4378-97bd-e3617abfbb38","SEND_BACK_FOR_FIELD_INSPECTION","b5578866-29c7-46b8-b843-a0d1030af36d","WS_APPROVER","1723f919-bcce-4f6f-a135-4757075c5c27","1745170711814","1723f919-bcce-4f6f-a135-4757075c5c27","1750320234575",True
"a1c88c8d-ad89-485b-ac7d-44bddb7d9433","pg","dd5f4830-8dec-4c67-8695-15b0bd08313f","APPROVE","4bd796d6-b3a1-4510-b4c1-d73b77f3e1cd","PT_APPROVER","919f4168-223a-4ea9-8d27-9a9e27e672bd","1743070107121","c8d9141d-b3f3-41e3-bc1f-649af40dee6a","1747894463358",True
"a1f62542-67ae-462f-a413-e980eb338679","pg.citya","7f53e9c7-d609-441e-a39f-ce50ab42f276","REJECT","834964e9-eec1-4447-bee6-0058a1735938","SW_APPROVER","d14f1116-6b07-4345-9db9-820d2e85daa0","1750331517050","d14f1116-6b07-4345-9db9-820d2e85daa0","1750331517050",True
"a1f79c65-dd43-4dac-8a78-df916a6bb203","pg","d5a4f8c8-8e91-40a3-9868-802b556b18e2","ASSIGN","0ffa6840-88d7-4721-a618-8fb02fe0e5cb","FSM_EDITOR_EMP","5130f2e3-efc1-401a-94fb-b9e60d9fa17d","1744197702516","5130f2e3-efc1-401a-94fb-b9e60d9fa17d","1744197702516",True
"a2115d14-4026-48d8-93fb-ef2545768b63","pg.citya","8beffb9f-bd56-4695-ae6d-be397e862aa3","SEND_TO_CITIZEN","9e2e9b0c-59b5-4e7e-b9ca-47b418553b75","BPA_ARCHITECT,BPA_ENGINEER,BPA_BUILDER,BPA_STRUCTURALENGINEER,BPA_TOWNPLANNER,BPA_SUPERVISOR","3709110a-4b1d-49a4-b639-95b689a86aa5","1743501511811","c8d9141d-b3f3-41e3-bc1f-649af40dee6a","1747227583985",True
"a2440fce-7e6e-477d-b3cd-0f04f8db8d17","pg","5da8940d-783a-460c-9170-7778dff52e70","REOPEN","02e5b406-7560-4d76-aecd-84513f2e4825","CITIZEN,PT_CITIZEN,PT_CEMP","919f4168-223a-4ea9-8d27-9a9e27e672bd","1743070107121","c8d9141d-b3f3-41e3-bc1f-649af40dee6a","1747291928326",True
"a31ee898-4aa9-494f-9362-7e10eb61d420","pg.citya","eab5b3a5-c9da-4ff3-819a-56cfcf0be3fa","REJECT","0cfcdef7-9d85-494c-8097-221e31fc763a","FIRE_NOC_APPROVER","1723f919-bcce-4f6f-a135-4757075c5c27","1743483264461","1723f919-bcce-4f6f-a135-4757075c5c27","1743483264461",True
"a32bd428-0666-4239-b720-70f31bdfc926","pg.citya","8ccca4ed-800d-43c9-927c-0e24165f7042","ACTIVATE_CONNECTION","45ceee54-b2c6-4ad4-92c3-75246ea4b8ae","SW_CLERK","d14f1116-6b07-4345-9db9-820d2e85daa0","1750331517050","d14f1116-6b07-4345-9db9-820d2e85daa0","1750331517050",True
"a38fe1a3-e2dc-47ed-94a6-1109fabca787","pg","323d268c-afd3-48c8-b1b3-3cd9e232be71","SEND_BACK","cd2766c9-a232-4725-8732-d0d06649a088","WS_DOC_VERIFIER","1723f919-bcce-4f6f-a135-4757075c5c27","1745170711814","1723f919-bcce-4f6f-a135-4757075c5c27","1750320234575",True
"a3a3658a-d1e2-45e3-92d0-80a542939a1a","pg.citya","c45d372c-7fb3-43ea-bb9d-4135211768b5","DSO_ACCEPT","bc13f192-3964-4e4e-aa7c-1a0bf0323980","FSM_DSO,FSM_EDITOR_EMP","5130f2e3-efc1-401a-94fb-b9e60d9fa17d","1746620465019","5130f2e3-efc1-401a-94fb-b9e60d9fa17d","1746620465019",True
"a3f2f2d6-ddfe-4496-8daa-673bef3a2dcb","pg","4b751246-304c-4cba-bf20-f0a065e1ccbe","CANCEL","31653490-c691-4f35-8533-f0e7a2b9d876","FSM_ADMIN","11b0e02b-0145-4de2-bc42-c97b96264807","1744197648205","11b0e02b-0145-4de2-bc42-c97b96264807","1744197648205",True
"a3fcc1ad-d512-4cf0-8fd1-8bb3b44b9c5a","pg","8fb9fa51-cbe4-4789-b124-44e5bf584b35","SEND_BACK","e7546894-9ef0-49e0-ab73-f7fae5b807b5","WORK_ORDER_APPROVER","b43b260c-f620-45d3-a43f-f53148f87f15","1759748358987","b43b260c-f620-45d3-a43f-f53148f87f15","1759748358987",True
"a49d7f0a-2fba-46e7-a213-50efbfd57ef5","pg.citya","b91e6dde-6aa1-4721-bbbe-8488f9c6a7b6","SEND_TO_ARCHITECT","5c52f9b6-2464-44fa-b840-9b336cfc7242","CITIZEN,BPA_CITIZEN","3709110a-4b1d-49a4-b639-95b689a86aa5","1743501511811","c8d9141d-b3f3-41e3-bc1f-649af40dee6a","1747227433277",True
"a4e06187-9308-41cf-b0fc-bb0c7cae76a0","pg.citya","fbc7929f-9e29-4fec-b726-a7dee9609786","APPLY","ebc60d6b-764a-4967-96cf-6b8b3e4c8ae8","BPA_ARCHITECT,BPA_ENGINEER,BPA_BUILDER,BPA_STRUCTURALENGINEER,BPA_TOWNPLANNER,BPA_SUPERVISOR","3709110a-4b1d-49a4-b639-95b689a86aa5","1743501511811","c8d9141d-b3f3-41e3-bc1f-649af40dee6a","1747227433277",True
"a506ed4a-27d3-41f3-920e-77b8a7198e4e","pg","c20d9ae1-c4d8-4752-8eeb-176cb24623cf","SEND_BACK_TO_CITIZEN","b97f2b8d-a046-4708-b024-291eda980790","BPA_FIELD_INSPECTOR","1723f919-bcce-4f6f-a135-4757075c5c27","1744621900491","c8d9141d-b3f3-41e3-bc1f-649af40dee6a","1747300294366",True
"a5157330-2f72-4896-88b3-e17b1c1930c0","pg","1e9cce4e-63bc-4e41-b1a1-51e4f2d2f656","RATE","151d7560-c708-456d-8a98-50b8da655f1c","CITIZEN","5130f2e3-efc1-401a-94fb-b9e60d9fa17d","1744197634808","5130f2e3-efc1-401a-94fb-b9e60d9fa17d","1744197634808",True
"a56fb4d1-7340-403e-9807-e8a88fc80416","pg","d5b89c3b-f77e-40ed-9846-b6bbaac50805","SCHEDULE","aba5befb-d16f-40a3-9a3e-93e29f1d2e0f","FSM_EDITOR_EMP,FSM_DSO","11b0e02b-0145-4de2-bc42-c97b96264807","1744197648205","11b0e02b-0145-4de2-bc42-c97b96264807","1744197648205",True
"a5a7a2bc-6d42-4538-8836-4ec3b1a98249","pg","bef6cbc1-4102-4f04-98a5-c3222b332e4b","REASSIGN","35b2f7e2-f55a-4808-94b5-a92a5ee5eed5","GRO,DGRO","a4a0d5a5-2edc-4c3d-bf97-5fdd1f88cbaa","1743096378513","a4a0d5a5-2edc-4c3d-bf97-5fdd1f88cbaa","1743096378513",True
"a6144717-ed44-4a6e-9f71-7467c414d0fe","pg.citya","a916d4d6-698f-44dd-ae07-99eb13087bbf","REOPEN","bb61dbc8-c402-433f-99e5-3dcf0694e99e","PT_CEMP,CITIZEN,PT_CITIZEN","3709110a-4b1d-49a4-b639-95b689a86aa5","1743506463523","d14f1116-6b07-4345-9db9-820d2e85daa0","1758271856474",True
"a65bedf6-7857-4689-8430-dde74b728503","pg","0227c254-14e7-4089-b259-bc54fea1c0a8","SEND_BACK","ecdb6d60-0772-4510-917b-341c02f952e1","SW_DOC_VERIFIER","1723f919-bcce-4f6f-a135-4757075c5c27","1745170768730","1723f919-bcce-4f6f-a135-4757075c5c27","1750320031573",True
"a674d35a-a41d-4fc6-bb4f-4bf38565f8a1","pg.citya","27c8c3d4-5e23-401c-8f1d-395df4c05b00","FORWARD","12f61d44-b1cf-4bb9-9da4-4988a21a26b9","CITIZEN,BPA_CITIZEN,BPA_ARCHITECT","3709110a-4b1d-49a4-b639-95b689a86aa5","1743501511811","c8d9141d-b3f3-41e3-bc1f-649af40dee6a","1747225208046",True
"a694a744-53d9-4a17-b208-df2eca41b6ed","pg.citya","9d94cc93-ff18-4348-85ab-4227a15db8fe","SUBMIT","add96520-a067-4a9b-9369-e9634b72c2ca","FSM_EDITOR_EMP","11b0e02b-0145-4de2-bc42-c97b96264807","1746620314146","11b0e02b-0145-4de2-bc42-c97b96264807","1746620314146",True
"a6f5820b-d554-447f-a5fe-edb35fdcbd3e","pg.citya","98fc9837-a9ec-45f6-85ae-e568e079dabe","REJECT","dfd5c73d-8203-4872-b7cb-b2ffe5da4374","SW_APPROVER","d14f1116-6b07-4345-9db9-820d2e85daa0","1750331535903","d14f1116-6b07-4345-9db9-820d2e85daa0","1750331535903",True
"a6f5ba86-0549-4f71-ab16-99f670e59426","pg","a5f2ce93-8410-41f8-bc5f-dafeb82be244","PAY","a5f2ce93-8410-41f8-bc5f-dafeb82be244","CITIZEN,FSM_COLLECTOR","5130f2e3-efc1-401a-94fb-b9e60d9fa17d","1744197634808","5130f2e3-efc1-401a-94fb-b9e60d9fa17d","1744197634808",True
"a6f5c912-2e3b-4905-81d0-bf89cb0885c9","pg","4e9683b3-c06d-4982-a855-db6223a92591","APPLY","4e97b4fd-7c51-4455-8f96-05ae56d88327","CITIZEN,BPA_CITIZEN,ANONYMOUS","1723f919-bcce-4f6f-a135-4757075c5c27","1744621746981","c8d9141d-b3f3-41e3-bc1f-649af40dee6a","1747303115855",True
"a6fc80f0-5def-458c-a07d-bd9a565e11ae","pg","1f3c996e-bfc1-4a28-aa49-e2cc110f49c2","APPROVE","d0af6a1e-289f-4cea-a9e8-790e5a4c1347","CITIZEN,BPA_CITIZEN","1723f919-bcce-4f6f-a135-4757075c5c27","1744621912674","c8d9141d-b3f3-41e3-bc1f-649af40dee6a","1747300462548",True
"a7a0718a-934f-4009-a5ef-17b685efe91b","pg","35b2f7e2-f55a-4808-94b5-a92a5ee5eed5","RESOLVE","5ad8cc6c-1053-43e4-90ea-4394a443dff8","PGR_LME","a4a0d5a5-2edc-4c3d-bf97-5fdd1f88cbaa","1743096378513","a4a0d5a5-2edc-4c3d-bf97-5fdd1f88cbaa","1743096378513",True
"a81c5de9-78c7-4abc-8c94-672a41efa0db","pg","0185bfbf-f7e3-457b-aab0-eb2bd0438cc7","SEND_BACK","ca807d31-6741-4995-9a0a-f5c830e95cbc","SW_APPROVER","1723f919-bcce-4f6f-a135-4757075c5c27","1745170757723","1723f919-bcce-4f6f-a135-4757075c5c27","1745170757723",True
"a83eca0e-dce3-437b-908e-338405c927e8","pg.citya","a45e2c7f-bbda-49ef-9b06-349458685765","REJECT","1b7dd7eb-eb80-44aa-8089-be5739a69f4d","BPAREG_DOC_VERIFIER","3709110a-4b1d-49a4-b639-95b689a86aa5","1743501511811","c8d9141d-b3f3-41e3-bc1f-649af40dee6a","1747302781861",True
"a86bb254-49be-4702-a554-16d4e9351146","pg.citya","d263942e-39d3-49be-bcf9-78f73811f940","AUTO_APPROVE","8c13496f-d34b-4fd6-9a09-41d6c115c965","BPA_VERIFIER,BPA_FIELD_INSPECTOR,BPA_NOC_VERIFIER,BPA_APPROVER","1723f919-bcce-4f6f-a135-4757075c5c27","1743483264461","1723f919-bcce-4f6f-a135-4757075c5c27","1743483264461",True
"a87ac824-9432-44b4-ab78-821522de10d4","pg","ca682e41-7087-4577-b0e3-f1b5a62bb477","REJECT","9749b29a-1ab9-4434-ac02-ab11eb56d8fe","BPAREG_APPROVER","1723f919-bcce-4f6f-a135-4757075c5c27","1744621972446","c8d9141d-b3f3-41e3-bc1f-649af40dee6a","1747303289822",True
"a8ec64a6-419a-4c11-b38b-6901b38c8687","pg","8b66e6d8-a10b-4027-88ee-5b13e3605ded","APPROVE","ac5a4f95-fa42-40a1-bd53-ac512317cdc3","PT_APPROVER","919f4168-223a-4ea9-8d27-9a9e27e672bd","1743070107121","c8d9141d-b3f3-41e3-bc1f-649af40dee6a","1747291813744",True
"a8f4c331-b91d-4ecb-bfcd-0a8040bcd9a0","pg","7e64688c-cda6-43a1-b8b0-3a7ced576f88","SUBMIT","2726cb75-1ddf-463a-ba4a-31de619f0809","FSM_EDITOR_EMP","5130f2e3-efc1-401a-94fb-b9e60d9fa17d","1744197661636","5130f2e3-efc1-401a-94fb-b9e60d9fa17d","1744197661636",True
"a98af258-dc5f-4691-addf-8da4f81882c0","pg","4d23db06-f804-4de1-a2c7-6544003284f8","REJECT","5afd95c9-9739-46c5-ae1a-1e0a1f6c5e88","BPA_FIELD_INSPECTOR","1723f919-bcce-4f6f-a135-4757075c5c27","1744621887819","c8d9141d-b3f3-41e3-bc1f-649af40dee6a","1747300190538",True
"aa014f69-68e2-4dbf-b286-4b63f4428475","pg","7e64688c-cda6-43a1-b8b0-3a7ced576f88","REJECT","cba43805-34a0-47e9-8369-bb7a1a35060c","FSM_ADMIN","5130f2e3-efc1-401a-94fb-b9e60d9fa17d","1744197661636","5130f2e3-efc1-401a-94fb-b9e60d9fa17d","1744197661636",True
"aa20ad07-b209-465e-9d2b-4bf6bb6dfb3f","pg.citya","d263942e-39d3-49be-bcf9-78f73811f940","VOID","400f9f61-d977-4286-b02c-3fd2733905e5","BPA_VERIFIER,BPA_FIELD_INSPECTOR,BPA_NOC_VERIFIER,BPA_APPROVER","1723f919-bcce-4f6f-a135-4757075c5c27","1743483264461","1723f919-bcce-4f6f-a135-4757075c5c27","1743483264461",True
"aa2a71be-1de1-4648-be4f-efb4bebc357e","pg","60355f2c-5675-46a3-8bef-69f7e3fb0c05","FORWARD","24ef2b6e-8e10-4420-a2c6-3a43372cbfa7","BPAREG_DOC_VERIFIER","1723f919-bcce-4f6f-a135-4757075c5c27","1744621953667","c8d9141d-b3f3-41e3-bc1f-649af40dee6a","1747302990941",True
"aa6fca66-7aef-4fdb-9903-4d4582a31c84","pg","1afa7302-f4c1-4bde-a27b-22d82926ebb2","SENDBACK","64abc187-1dcb-443c-80c0-116912da9a5b","FSM_ADMIN","5130f2e3-efc1-401a-94fb-b9e60d9fa17d","1744197661636","5130f2e3-efc1-401a-94fb-b9e60d9fa17d","1744197661636",True
"aae68a05-183b-4b73-a0e9-f06f6735cc40","pg","5ad8cc6c-1053-43e4-90ea-4394a443dff8","RATE","753a4b67-2dc8-4ad0-b338-3f74908856d0","CFC,CITIZEN","a4a0d5a5-2edc-4c3d-bf97-5fdd1f88cbaa","1743096378513","a4a0d5a5-2edc-4c3d-bf97-5fdd1f88cbaa","1743096378513",True
"aaf4c8ba-dbb9-4175-9b97-0b22d60849b8","pg.citya","a61861f6-ea33-4e0b-881c-03d7f1d19a9d","FORWARD","f6c40afd-6563-44c6-8f40-e551a0dce7b6","CITIZEN,BPA_CITIZEN,BPA_ARCHITECT","3709110a-4b1d-49a4-b639-95b689a86aa5","1743501511811","c8d9141d-b3f3-41e3-bc1f-649af40dee6a","1747225208046",True
"abf92c5c-d03f-4fbe-a428-475e756c2b71","pg","f6d3433f-f27c-4027-92df-0ca73a6db1ca","DSO_ACCEPT","a5f2ce93-8410-41f8-bc5f-dafeb82be244","FSM_DSO,FSM_EDITOR_EMP","5130f2e3-efc1-401a-94fb-b9e60d9fa17d","1744197634808","5130f2e3-efc1-401a-94fb-b9e60d9fa17d","1744197634808",True
"ac1fde9d-a310-4990-87e5-18a688f634e9","pg.citya","a985e495-2ae1-4fd7-b54a-26b23927489d","RATE","0e4f02b3-5498-408c-a7c1-7e4fb04bb879","CFC,CITIZEN","a4a0d5a5-2edc-4c3d-bf97-5fdd1f88cbaa","1743096883293","a4a0d5a5-2edc-4c3d-bf97-5fdd1f88cbaa","1743096883293",True
"ac40d85f-8343-46d2-adf3-f039be818da2","pg","f7e87cb4-ab8a-4876-8654-bc01164845f2","OPEN","5b8de733-6824-4f4c-8aa4-8733b1db3fe9","CITIZEN,WS_CITIZEN,SW_CEMP,WS_CEMP","1723f919-bcce-4f6f-a135-4757075c5c27","1745170781516","1723f919-bcce-4f6f-a135-4757075c5c27","1750320098459",True
"acbefbb5-7cb1-4a74-8750-33d81d14c954","pg","bc3c9b43-e9d5-4852-8047-527a52e126d7","INITIATE","bc3c9b43-e9d5-4852-8047-527a52e126d7","BPA_ARCHITECT,BPA_ENGINEER,BPA_BUILDER,BPA_STRUCTURALENGINEER,BPA_TOWNPLANNER,BPA_SUPERVISOR","1723f919-bcce-4f6f-a135-4757075c5c27","1744621900491","c8d9141d-b3f3-41e3-bc1f-649af40dee6a","1747300294366",True
"ad3349cd-dcd3-4f92-a31c-cdb26e821d4a","pg","aba5befb-d16f-40a3-9a3e-93e29f1d2e0f","CANCEL","31653490-c691-4f35-8533-f0e7a2b9d876","FSM_ADMIN","11b0e02b-0145-4de2-bc42-c97b96264807","1744197648205","11b0e02b-0145-4de2-bc42-c97b96264807","1744197648205",True
"ad53ec59-2fa9-4744-aa1b-46276425144c","pg.citya","43969e78-d7b2-4003-aa87-c5a198f8e504","INITIATE","8f8b465a-6d8c-4fa5-b0e5-0ca0b645522c","CITIZEN,BPA_ARCHITECT,BPA_ENGINEER,BPA_BUILDER,BPA_STRUCTURALENGINEER,BPA_TOWNPLANNER,BPA_SUPERVISOR","1723f919-bcce-4f6f-a135-4757075c5c27","1743483264461","1723f919-bcce-4f6f-a135-4757075c5c27","1743483264461",True
"ad6927f6-8088-4678-91dc-4ed488e4cb05","pg","4d23db06-f804-4de1-a2c7-6544003284f8","FORWARD","76e7e710-96d9-4286-8b64-bdd689d6bfc9","BPA_FIELD_INSPECTOR","1723f919-bcce-4f6f-a135-4757075c5c27","1744621887819","c8d9141d-b3f3-41e3-bc1f-649af40dee6a","1747300190538",True
"ad965253-0822-414b-9f72-6898237b7de6","pg.citya","a2789556-fb41-4129-a0d1-69e30df5e54d","ADHOC","a2789556-fb41-4129-a0d1-69e30df5e54d","CITIZEN,BPA_CITIZEN,BPA_ARCHITECT,BPA_ENGINEER,BPA_BUILDER,BPA_STRUCTURALENGINEER,BPA_TOWNPLANNER,BPA_SUPERVISOR,SYSTEM_PAYMENT,CEMP","3709110a-4b1d-49a4-b639-95b689a86aa5","1743501511811","c8d9141d-b3f3-41e3-bc1f-649af40dee6a","1747227583985",True
"adc9839d-f1df-4736-ad73-c8e7b14f1956","pg.citya","2a6391a4-496a-4f94-9040-6c0bf9f6c68a","RATE","6efb6a49-26ec-4850-b590-62535ad371fd","CFC,CITIZEN","a4a0d5a5-2edc-4c3d-bf97-5fdd1f88cbaa","1743096883293","a4a0d5a5-2edc-4c3d-bf97-5fdd1f88cbaa","1743096883293",True
"adc99058-88a2-4fa3-830f-9e7e9618e58a","pg.citya","ba9368a8-e030-4699-984b-afac3e7de826","CANCEL","af3d12a9-6bc8-48e6-8b50-1eba01569d39","FSM_ADMIN","3903e096-3b9f-43a5-b5f0-4c37079d6cd5","1746620241301","3903e096-3b9f-43a5-b5f0-4c37079d6cd5","1746620241301",True
"ae266430-07b8-42e2-b06f-d4e8a0e4578e","pg.citya","0352f845-af68-470f-a91e-d2afed3fc981","PAY","bc43bfaf-c4d4-45c0-addf-509a9e285d40","CITIZEN,WS_CITIZEN,WS_CEMP,SYSTEM_PAYMENT","d14f1116-6b07-4345-9db9-820d2e85daa0","1750331394335","d14f1116-6b07-4345-9db9-820d2e85daa0","1750331394335",True
"aedd65c7-beae-43cf-b1b8-650dc7212a11","pg.citya","91554318-c342-46e3-81bb-e4edd8d5a035","SKIP_PAYMENT","5790ab4d-c2da-4f96-bbf6-236bd243b126","BPA_APPROVER","3709110a-4b1d-49a4-b639-95b689a86aa5","1743501511811","c8d9141d-b3f3-41e3-bc1f-649af40dee6a","1747225208046",True
"aef48a16-b828-4637-ba40-e318d1eb6b42","pg.citya","add96520-a067-4a9b-9369-e9634b72c2ca","ASSIGN","67aaa3cd-0507-4aa7-ba74-16dbd14fff21","FSM_EDITOR_EMP","11b0e02b-0145-4de2-bc42-c97b96264807","1746620314146","11b0e02b-0145-4de2-bc42-c97b96264807","1746620314146",True
"af60607d-897d-43c4-aab6-7c8cb6769177","pg.citya","b8ccd20c-6f53-4eb0-ad64-159ac492d156","SENDBACK","5ea79b24-0f5d-48bf-92ee-7caa90bdfa81","FSM_ADMIN","5130f2e3-efc1-401a-94fb-b9e60d9fa17d","1746620274309","5130f2e3-efc1-401a-94fb-b9e60d9fa17d","1746620274309",True
"af9dd7a3-4380-486c-9e80-c9699fe52196","pg.citya","b5348326-908d-4c99-a7ea-4edd45f949d9","PAY","ba9368a8-e030-4699-984b-afac3e7de826","CITIZEN,FSM_COLLECTOR","3903e096-3b9f-43a5-b5f0-4c37079d6cd5","1746620241301","3903e096-3b9f-43a5-b5f0-4c37079d6cd5","1746620241301",True
"aff3c44e-d14c-4586-8cbf-18770c9be62e","pg.citya","7561125b-c8aa-4f0d-ba3e-6e710bee62ea","RE-SUBMIT","6c520689-e947-46b6-ae24-59ce7ff1f9a2","CITIZEN,SW_CEMP,WS_CEMP","3709110a-4b1d-49a4-b639-95b689a86aa5","1743506587586","3709110a-4b1d-49a4-b639-95b689a86aa5","1743506587586",True
"b01d22ab-ff8b-48fb-88d3-2045976b1b46","pg.citya","a2789556-fb41-4129-a0d1-69e30df5e54d","PAY","9fbabc7c-abb2-477f-93b3-27d00127f5bf","CITIZEN,BPA_CITIZEN,BPA_ARCHITECT,BPA_ENGINEER,BPA_BUILDER,BPA_STRUCTURALENGINEER,BPA_TOWNPLANNER,BPA_SUPERVISOR,SYSTEM_PAYMENT,CEMP","3709110a-4b1d-49a4-b639-95b689a86aa5","1743501511811","c8d9141d-b3f3-41e3-bc1f-649af40dee6a","1747227583985",True
"b0c3b97f-5202-48e1-bd95-73114308ab71","pg","1210904b-b98e-4172-a53a-ccc0569c9f0f","SENDBACK","3672e189-6e89-4454-a067-ce1f269d98ac","TECHNICAL_SANCTIONER","b43b260c-f620-45d3-a43f-f53148f87f15","1759748291264","b43b260c-f620-45d3-a43f-f53148f87f15","1759748291264",True
"b0f69239-7bf7-425d-ab9d-6b4dcc16c091","pg.citya","73a033f1-1917-4e5a-b9df-8f401055d67e","INITIATE","50ea4c61-f49c-4ed2-9a58-f92a3d87ad97","WS_CEMP","d14f1116-6b07-4345-9db9-820d2e85daa0","1750331424350","d14f1116-6b07-4345-9db9-820d2e85daa0","1750331424350",True
"b1c23dc6-efa4-4d2f-86b6-0a81827f08fa","pg.citya","bb61dbc8-c402-433f-99e5-3dcf0694e99e","REJECT","ba84aa1c-d018-4b9a-a0f6-a2569b4b2d77","PT_DOC_VERIFIER","3709110a-4b1d-49a4-b639-95b689a86aa5","1743506463523","d14f1116-6b07-4345-9db9-820d2e85daa0","1758271856474",True
"b2863dbe-df59-4d90-b510-e00e157f685f","pg","d70bab3d-4672-4641-b30a-173aa4f7ea8b","REOPEN","600f900d-14b6-4e76-96ec-45f8d3f68e01","CITIZEN,PT_CITIZEN,PT_CEMP","919f4168-223a-4ea9-8d27-9a9e27e672bd","1743070107121","c8d9141d-b3f3-41e3-bc1f-649af40dee6a","1747291813744",True
"b2aeda44-9263-4503-b12d-4f83c423f6e0","pg.citya","4a5b88bf-fd54-4d57-b79b-b306f3315231","APPROVE","350f9f04-c855-4aeb-88d3-cd1c1d9d6f3b","PT_APPROVER","3709110a-4b1d-49a4-b639-95b689a86aa5","1743506463523","c8d9141d-b3f3-41e3-bc1f-649af40dee6a","1747296696098",True
"b2fb3d7a-2e6a-4607-b4ce-8f44f49539f3","pg.citya","16c72b06-14cc-41d0-82b4-b4a75b9dad88","REJECT","463f4a9e-d632-4be5-9245-0727df3ab6fe","NOC_FIELD_INSPECTOR","1723f919-bcce-4f6f-a135-4757075c5c27","1743483264461","1723f919-bcce-4f6f-a135-4757075c5c27","1743483264461",True
"b3e6c90e-a169-4997-9446-2478ca54ca31","pg.citya","f6fe3b23-2e1a-43e6-a2bb-99a6d1b6c218","REJECT","9f83a11c-fe66-4118-83c3-987fa89b7796","BPAREG_APPROVER","3709110a-4b1d-49a4-b639-95b689a86aa5","1743501511811","c8d9141d-b3f3-41e3-bc1f-649af40dee6a","1747302921144",True
"b4039edc-0219-4f7a-9adc-d97bc6cfd1bb","pg.citya","d9bb0214-ec55-4dc0-8f84-94ee5bc1996b","RESUBMIT_APPLICATION","d5a2b9b4-fd02-4384-8765-65a9f0ca471c","CITIZEN,WS_CITIZEN,WS_CEMP","d14f1116-6b07-4345-9db9-820d2e85daa0","1750331436198","d14f1116-6b07-4345-9db9-820d2e85daa0","1750331436198",True
"b464aec5-7868-475e-9ba8-7191c2beaf18","pg.citya","13f57cc2-ac3c-4d47-b1fe-9b46a3fa6b46","REJECT","8d104729-0cdc-4d0c-a539-d33279d3db81","BPA_APPROVER","3709110a-4b1d-49a4-b639-95b689a86aa5","1743501511811","c8d9141d-b3f3-41e3-bc1f-649af40dee6a","1747227583985",True
"b51f9be6-69ca-4d2b-9149-52ddbb384136","pg.citya","fe0e2ba9-1404-435a-b09a-423832544c4e","PAY","a45e2c7f-bbda-49ef-9b06-349458685765","CITIZEN,BPA_CITIZEN,SYSTEM_PAYMENT","3709110a-4b1d-49a4-b639-95b689a86aa5","1743501511811","c8d9141d-b3f3-41e3-bc1f-649af40dee6a","1747302781861",True
"b522f047-b049-4aa8-98e8-0a4a69f29549","pg.citya","197af202-6bd0-4143-9588-32a952af4d00","APPLY","d0af3d24-926e-488a-9d72-2ac734adcbd3","FSM_CREATOR_EMP","5130f2e3-efc1-401a-94fb-b9e60d9fa17d","1746620465019","5130f2e3-efc1-401a-94fb-b9e60d9fa17d","1746620465019",True
"b5e2aa37-c762-4fde-aae1-0821b393583f","pg.citya","66fbbe04-608c-4ddb-8940-d8c6c047c355","SENDBACKFROMAP","a123a403-b54b-4018-8367-8b6c231663fa","PT_APPROVER","3709110a-4b1d-49a4-b639-95b689a86aa5","1743506463523","d14f1116-6b07-4345-9db9-820d2e85daa0","1758271856474",True
"b61f967c-3c25-471c-b629-ca956690d377","pg","b4c83829-318d-4613-9b67-6ecfd369c2aa","OPEN","600f900d-14b6-4e76-96ec-45f8d3f68e01","CITIZEN,PT_CITIZEN,PT_CEMP","919f4168-223a-4ea9-8d27-9a9e27e672bd","1743070107121","c8d9141d-b3f3-41e3-bc1f-649af40dee6a","1747291813744",True
"b6250f09-4d94-4024-ab3e-1fb95a2926c7","pg.citya","30f029af-db26-4b12-9c70-2fda076d8f51","REJECT","a995711f-5873-4156-8346-0a0b5b78600d","WS_APPROVER","d14f1116-6b07-4345-9db9-820d2e85daa0","1750331394335","d14f1116-6b07-4345-9db9-820d2e85daa0","1750331394335",True
"b6ad2f2b-ee84-4a4b-97f9-5ce8d7319e39","pg","6f854573-d9ee-4036-bc2d-f0f8f84e088d","REJECT","382801d5-8898-4735-aaef-9a9e0be1aedf","ESTIMATE_CREATOR","b43b260c-f620-45d3-a43f-f53148f87f15","1759748291264","b43b260c-f620-45d3-a43f-f53148f87f15","1759748291264",True
"b6de1946-cbcc-45b2-92d3-5376d938a007","pg.citya","848dc714-e650-4e1f-b9da-0f2380633a25","SCHEDULE","b7c110a9-6d55-4da7-894d-86297cb601c3","FSM_DSO","3903e096-3b9f-43a5-b5f0-4c37079d6cd5","1746620373694","3903e096-3b9f-43a5-b5f0-4c37079d6cd5","1746620373694",True
"b7148f9b-7910-43a0-bcac-065bc5802547","pg","3e304c63-af88-4ec4-9616-87d047a0ca3e","REJECT","1e7785c7-9d0c-40d3-a1d9-7ed26ee87aa3","BPAREG_APPROVER","1723f919-bcce-4f6f-a135-4757075c5c27","1744613193390","c8d9141d-b3f3-41e3-bc1f-649af40dee6a","1747302742562",True
"b7a19e86-ac11-4e30-8d29-be1f48048db9","pg","0227c254-14e7-4089-b259-bc54fea1c0a8","SEND_BACK_TO_CITIZEN","af023fdf-a9b2-4c6e-a8bf-dc0be12beeb5","SW_DOC_VERIFIER","1723f919-bcce-4f6f-a135-4757075c5c27","1745170768730","1723f919-bcce-4f6f-a135-4757075c5c27","1750320031573",True
"b890252f-15ae-4ef0-8957-52c9df820f35","pg","f6d3433f-f27c-4027-92df-0ca73a6db1ca","DSO_REJECT","2f159dab-2c12-4a07-b909-a4b004a5679c","FSM_DSO,FSM_EDITOR_EMP","5130f2e3-efc1-401a-94fb-b9e60d9fa17d","1744197634808","5130f2e3-efc1-401a-94fb-b9e60d9fa17d","1744197634808",True
"b8a7bbbe-b681-43bf-af4d-c66f009ebf78","pg.citya","b9649c39-c44b-4a77-8a01-c697d0b67a9b","REASSING","2d77f0b0-4c82-4057-8fd1-9949bc36c757","FSM_EDITOR_EMP","3903e096-3b9f-43a5-b5f0-4c37079d6cd5","1746620241301","3903e096-3b9f-43a5-b5f0-4c37079d6cd5","1746620241301",True
"b8ecfcd8-0327-4b3e-9892-b089a45c6bd4","pg","35b2f7e2-f55a-4808-94b5-a92a5ee5eed5","REASSIGN","bef6cbc1-4102-4f04-98a5-c3222b332e4b","PGR_LME","a4a0d5a5-2edc-4c3d-bf97-5fdd1f88cbaa","1743096378513","a4a0d5a5-2edc-4c3d-bf97-5fdd1f88cbaa","1743096378513",True
"b9578a9b-18f3-4d03-b1fe-b515f2104d1d","pg.citya","f407c7c5-88a0-4c75-9e31-02a5bb2c4142","REJECT","8d104729-0cdc-4d0c-a539-d33279d3db81","BPA_NOC_VERIFIER","3709110a-4b1d-49a4-b639-95b689a86aa5","1743501511811","c8d9141d-b3f3-41e3-bc1f-649af40dee6a","1747227583985",True
"b9d006d5-91c2-44f6-aa1d-de28dc3196b2","pg","3f571a3b-fad5-479d-820b-72df0335c3db","SEND_BACK_TO_CITIZEN","6f28f778-2024-48b5-b861-8e86ab7bc466","BPA_VERIFIER","1723f919-bcce-4f6f-a135-4757075c5c27","1744621887819","c8d9141d-b3f3-41e3-bc1f-649af40dee6a","1747300190538",True
"ba473a31-8156-4e78-a9f5-08a3b2dbab71","pg","6b4ea5a5-83a2-4645-a684-5847e738cb13","REJECT","1e7785c7-9d0c-40d3-a1d9-7ed26ee87aa3","BPAREG_DOC_VERIFIER","1723f919-bcce-4f6f-a135-4757075c5c27","1744613193390","c8d9141d-b3f3-41e3-bc1f-649af40dee6a","1747302742562",True
"ba740f67-4d8a-4f03-97a9-12ef158c74b2","pg","82b14c1c-3e7c-431c-83ea-5af3bcff6789","INITIATE","eb7e284a-68bd-42b0-a31c-f6e71e30b268","CITIZEN,BPA_ARCHITECT,BPA_ENGINEER,BPA_BUILDER,BPA_STRUCTURALENGINEER,BPA_TOWNPLANNER,BPA_SUPERVISOR","1723f919-bcce-4f6f-a135-4757075c5c27","1745170626068","1723f919-bcce-4f6f-a135-4757075c5c27","1745170626068",True
"ba90c633-c955-4aae-bcee-8f28e8d9999f","pg.citya","bc13f192-3964-4e4e-aa7c-1a0bf0323980","SENDBACK","c45d372c-7fb3-43ea-bb9d-4135211768b5","FSM_ADMIN","5130f2e3-efc1-401a-94fb-b9e60d9fa17d","1746620465019","5130f2e3-efc1-401a-94fb-b9e60d9fa17d","1746620465019",True
"bb610f63-7e5a-42af-ad0f-9ec6d25a08ca","pg","8ac59a61-4233-4781-9b40-a706239000ce","SUBMIT_APPLICATION","f82fbd96-0258-472a-960d-1a122d513c63","CITIZEN,WS_CITIZEN,SW_CEMP","1723f919-bcce-4f6f-a135-4757075c5c27","1745170748360","1723f919-bcce-4f6f-a135-4757075c5c27","1750319946627",True
"bb88668e-73b3-4b44-bb12-de823abd7f3d","pg.citya","c179b5f1-950b-4367-9cfc-03817d36e3a5","CREATE","9d94cc93-ff18-4348-85ab-4227a15db8fe","CITIZEN","11b0e02b-0145-4de2-bc42-c97b96264807","1746620314146","11b0e02b-0145-4de2-bc42-c97b96264807","1746620314146",True
"bbb0cb97-74e8-47cf-8ccd-1ad74c08e1b2","pg","2f9e1be1-df1c-40db-b960-32d0db15e9a1","INITIATE","ca807d31-6741-4995-9a0a-f5c830e95cbc","SW_CEMP","1723f919-bcce-4f6f-a135-4757075c5c27","1745170757723","1723f919-bcce-4f6f-a135-4757075c5c27","1745170757723",True
"bc8710b3-ed53-4918-b069-a1a6f4a346b2","pg.citya","5da84af8-5bba-4261-b006-94af31779b2c","REASSING","67aaa3cd-0507-4aa7-ba74-16dbd14fff21","FSM_EDITOR_EMP","11b0e02b-0145-4de2-bc42-c97b96264807","1746620314146","11b0e02b-0145-4de2-bc42-c97b96264807","1746620314146",True
"bd1690b1-334a-43d8-bb56-811b342c52e8","pg","514c516e-2791-4757-b396-1e32e399f4be","SENDBACK","1210904b-b98e-4172-a53a-ccc0569c9f0f","ESTIMATE_APPROVER","b43b260c-f620-45d3-a43f-f53148f87f15","1759748291264","b43b260c-f620-45d3-a43f-f53148f87f15","1759748291264",True
"bd77ceeb-03cd-44f3-a4da-03b9b0dfca58","pg","d5b89c3b-f77e-40ed-9846-b6bbaac50805","SENDBACK","b3c3c083-9595-4cde-916e-26f6fb34f7db","FSM_ADMIN","11b0e02b-0145-4de2-bc42-c97b96264807","1744197648205","11b0e02b-0145-4de2-bc42-c97b96264807","1744197648205",True
"be58ba2c-19bf-4d28-8b29-5fc039589a5c","pg.citya","d00f5874-3e67-41c3-9009-be30729832e1","APPROVE","3eea0d6d-e04a-486f-bff5-eaee0b35bf18","BPAREG_APPROVER","3709110a-4b1d-49a4-b639-95b689a86aa5","1743501511811","c8d9141d-b3f3-41e3-bc1f-649af40dee6a","1747299813060",True
"bf178ab6-9d95-4d77-b2a3-933825a00fb4","pg","9fc6e2a5-af28-4dad-97f9-ca48dda209cd","SUBMIT_SAMPLE","24416d41-d7a9-4744-976c-de270e03b452","PQM_ADMIN,PQM_TP_OPERATOR","5130f2e3-efc1-401a-94fb-b9e60d9fa17d","1744197760141","5130f2e3-efc1-401a-94fb-b9e60d9fa17d","1744197760141",True
"bf2c9772-f8f0-48c2-b118-39441a8d48ac","pg.citya","380065d9-2fcc-40c2-ad46-820df6f3d8a4","COMPLETED","360f021f-5894-49cb-a487-030ad8a1cb1f","FSM_DSO,FSM_EDITOR_EMP","11b0e02b-0145-4de2-bc42-c97b96264807","1746620314146","11b0e02b-0145-4de2-bc42-c97b96264807","1746620314146",True
"bfbbf796-d8f0-4086-bb03-8a399b4c0e68","pg","48dc7108-c8ca-4ca1-9dee-328a91224d41","SUBMIT_APPLICATION","0227c254-14e7-4089-b259-bc54fea1c0a8","CITIZEN,WS_CITIZEN,SW_CEMP","1723f919-bcce-4f6f-a135-4757075c5c27","1745170768730","1723f919-bcce-4f6f-a135-4757075c5c27","1750320031573",True
"c06f0beb-1eae-467c-9eb3-21e753b6b8a7","pg.citya","fbaf7fce-2b80-46ae-861f-6289a5ae2065","SEND_BACK_TO_CITIZEN","8991f70b-98e2-427d-ac4c-d9cd3de76036","WS_APPROVER","d14f1116-6b07-4345-9db9-820d2e85daa0","1750331436198","d14f1116-6b07-4345-9db9-820d2e85daa0","1750331436198",True
"c1084af6-64b0-4198-adc9-3db858bc99eb","pg.citya","78887492-1c5c-423f-9901-39aa71b99a8a","APPLY","a6c9afcd-42c4-4d6c-8396-d02dd152236e","CITIZEN,CSR","a4a0d5a5-2edc-4c3d-bf97-5fdd1f88cbaa","1743096883293","a4a0d5a5-2edc-4c3d-bf97-5fdd1f88cbaa","1743096883293",True
"c1a7796b-866a-409d-8d6e-3a0684d63818","pg.citya","c45d372c-7fb3-43ea-bb9d-4135211768b5","DSO_REJECT","a1a91c06-297d-4df0-83c5-6a361f637ee8","FSM_DSO,FSM_EDITOR_EMP","5130f2e3-efc1-401a-94fb-b9e60d9fa17d","1746620465019","5130f2e3-efc1-401a-94fb-b9e60d9fa17d","1746620465019",True
"c1d215b8-738f-4a9e-b521-5375c5c35a26","pg","866c0c57-f747-4a91-9ec5-6871ce1b0fcd","APPROVE_FOR_DISCONNECTION","0b43ab5d-b987-410b-a6c9-f393f5b308a1","SW_APPROVER","1723f919-bcce-4f6f-a135-4757075c5c27","1745170768730","1723f919-bcce-4f6f-a135-4757075c5c27","1750320031573",True
"c1dfd29b-6d81-4358-bea9-1da043b67a39","pg.citya","835b36b6-f94d-4139-901a-06c071c85d0d","APPLY","b5348326-908d-4c99-a7ea-4edd45f949d9","FSM_CREATOR_EMP","3903e096-3b9f-43a5-b5f0-4c37079d6cd5","1746620241301","3903e096-3b9f-43a5-b5f0-4c37079d6cd5","1746620241301",True
"c1f70a2b-7f64-4bc0-871b-597b8f5dc802","pg","b3c3c083-9595-4cde-916e-26f6fb34f7db","DSO_ACCEPT","d5b89c3b-f77e-40ed-9846-b6bbaac50805","FSM_DSO,FSM_EDITOR_EMP","11b0e02b-0145-4de2-bc42-c97b96264807","1744197648205","11b0e02b-0145-4de2-bc42-c97b96264807","1744197648205",True
"c20474a7-73dc-4440-8b86-84f396e158ad","pg","f4c76aa6-f0e7-49db-9026-6182f685cf36","FORWARD","4d6d1eab-f735-4196-8572-e3df73224b3e","BPA_VERIFIER","1723f919-bcce-4f6f-a135-4757075c5c27","1744621912674","c8d9141d-b3f3-41e3-bc1f-649af40dee6a","1747300462548",True
"c23ffc03-3848-4503-9feb-843577caf109","pg.citya","5da84af8-5bba-4261-b006-94af31779b2c","SCHEDULE","8aedbbfe-169d-4952-a5c9-d4acf5332f9f","FSM_EDITOR_EMP,FSM_DSO","11b0e02b-0145-4de2-bc42-c97b96264807","1746620314146","11b0e02b-0145-4de2-bc42-c97b96264807","1746620314146",True
"c272567c-11dd-48a4-940b-918e24ead96a","pg.citya","4ba9acae-f793-475f-b33a-0a7d162be846","APPROVE","27e82cfe-8795-4e97-a4f1-d27b6d59ffdb","BPAREG_APPROVER","3709110a-4b1d-49a4-b639-95b689a86aa5","1743501511811","c8d9141d-b3f3-41e3-bc1f-649af40dee6a","1747303039536",True
"c2cab109-1b78-4687-b07b-7335d76839ce","pg.citya","95cc1cc4-9720-4179-8f99-886e346e1ba5","REJECT","0986acff-ee96-47c0-81e6-d19cbbc42509","PT_DOC_VERIFIER","3709110a-4b1d-49a4-b639-95b689a86aa5","1743506463523","c8d9141d-b3f3-41e3-bc1f-649af40dee6a","1747296696098",True
"c2e54386-d7c1-464a-b9ed-358e9d2c8ab4","pg","13d5d3b6-dcbd-42cc-8b44-839fb7dd79c4","SEND_BACK_TO_CITIZEN","510683c3-7c27-4420-9feb-def58efb44d6","BPA_NOC_VERIFIER","1723f919-bcce-4f6f-a135-4757075c5c27","1744621912674","c8d9141d-b3f3-41e3-bc1f-649af40dee6a","1747300462548",True
"c3006638-dbb1-4fff-a3b6-e82a065537db","pg","af56b240-542c-49a1-a9bb-fcc2e93866aa","CANCEL","1c3bdda8-e29f-40f4-8465-a397660074cf","FSM_ADMIN","3903e096-3b9f-43a5-b5f0-4c37079d6cd5","1744197611210","3903e096-3b9f-43a5-b5f0-4c37079d6cd5","1744197611210",True
"c346f889-014e-48d3-8a80-974ce0897d0c","pg","323d268c-afd3-48c8-b1b3-3cd9e232be71","SEND_BACK_TO_CITIZEN","dbc31524-f562-4a2d-a0a5-706b69de0736","WS_DOC_VERIFIER","1723f919-bcce-4f6f-a135-4757075c5c27","1745170711814","1723f919-bcce-4f6f-a135-4757075c5c27","1750320234575",True
"c380f7a5-28e9-4b8d-89f1-820febdff6be","pg","37177417-9daa-4650-a89f-274f14a0d4f8","RESUBMIT_APPLICATION","f82fbd96-0258-472a-960d-1a122d513c63","CITIZEN,WS_CITIZEN,SW_CEMP","1723f919-bcce-4f6f-a135-4757075c5c27","1745170748360","1723f919-bcce-4f6f-a135-4757075c5c27","1750319946627",True
"c4138ae4-83fd-4adf-b998-78c204a9018b","pg","dbc31524-f562-4a2d-a0a5-706b69de0736","RESUBMIT_APPLICATION","323d268c-afd3-48c8-b1b3-3cd9e232be71","CITIZEN,WS_CITIZEN,WS_CEMP","1723f919-bcce-4f6f-a135-4757075c5c27","1745170711814","1723f919-bcce-4f6f-a135-4757075c5c27","1750320234575",True
"c4199390-b9a1-49a1-84f3-2006ff0134d7","pg","e9170710-4517-4355-aa56-1e0a3ce638ca","OPEN","02e5b406-7560-4d76-aecd-84513f2e4825","CITIZEN,PT_CITIZEN,EMPLOYEE","919f4168-223a-4ea9-8d27-9a9e27e672bd","1743070107121","c8d9141d-b3f3-41e3-bc1f-649af40dee6a","1747291928326",True
"c4244afc-a406-4d37-b211-249181df9019","pg.citya","4c8ebe47-30f8-4903-8550-a431dc9e7d9d","UPDATE","4c8ebe47-30f8-4903-8550-a431dc9e7d9d","FSM_DSO,FSM_EDITOR_EMP","5130f2e3-efc1-401a-94fb-b9e60d9fa17d","1746620339237","5130f2e3-efc1-401a-94fb-b9e60d9fa17d","1746620339237",True
"c4a667cc-a1ea-4cb6-8388-42ba79cf4f2e","pg","e7546894-9ef0-49e0-ab73-f7fae5b807b5","VERIFY_AND_FORWARD","8fb9fa51-cbe4-4789-b124-44e5bf584b35","WORK_ORDER_VERIFIER","b43b260c-f620-45d3-a43f-f53148f87f15","1759748358987","b43b260c-f620-45d3-a43f-f53148f87f15","1759748358987",True
"c4d10949-f148-48a6-a073-18d49c2a5895","pg","8197c1eb-ac7c-43b9-b079-38da4168d317","REJECT","7680583a-bbfa-4498-a97e-a3abda79a145","BPAREG_APPROVER","1723f919-bcce-4f6f-a135-4757075c5c27","1744621944477","c8d9141d-b3f3-41e3-bc1f-649af40dee6a","1747302871860",True
"c56c44bc-a75e-4f54-b62a-9ca15d2c3776","pg","3062b64d-bf07-4c52-a052-02bfe58ac03b","SEND_BACK_FOR_FIELD_INSPECTION","efee547d-dab1-450f-aa3b-cb047b684b71","SW_APPROVER","1723f919-bcce-4f6f-a135-4757075c5c27","1745170748360","1723f919-bcce-4f6f-a135-4757075c5c27","1750319946627",True
"c579248e-680c-473e-83a9-f37a8a1475ac","pg.citya","ed28c3c6-6bf5-469f-af32-fab07043b83c","SUBMIT_APPLICATION","462d81fc-de94-49da-afcd-5d13075b7b03","CITIZEN,WS_CITIZEN,SW_CEMP","d14f1116-6b07-4345-9db9-820d2e85daa0","1750331517050","d14f1116-6b07-4345-9db9-820d2e85daa0","1750331517050",True
"c5bd454d-8633-4d0f-84c1-6e9e5eff9bbf","pg","63fc5c53-85ca-4c43-b62e-6e262e29e78a","REFER","63fc5c53-85ca-4c43-b62e-6e262e29e78a","NOC_FIELD_INSPECTOR","1723f919-bcce-4f6f-a135-4757075c5c27","1745170648438","1723f919-bcce-4f6f-a135-4757075c5c27","1745170648438",True
"c5dad0dc-4178-4dc2-a151-3d8717e81d8c","pg.citya","f407c7c5-88a0-4c75-9e31-02a5bb2c4142","FORWARD","13f57cc2-ac3c-4d47-b1fe-9b46a3fa6b46","BPA_NOC_VERIFIER","3709110a-4b1d-49a4-b639-95b689a86aa5","1743501511811","c8d9141d-b3f3-41e3-bc1f-649af40dee6a","1747227583985",True
"c5e3b79f-0fa2-415d-a6fc-f4dba73335da","pg.citya","bc13f192-3964-4e4e-aa7c-1a0bf0323980","CANCEL","9dcc6832-a40d-45e1-9b89-d86e0ef1c583","FSM_ADMIN","5130f2e3-efc1-401a-94fb-b9e60d9fa17d","1746620465019","5130f2e3-efc1-401a-94fb-b9e60d9fa17d","1746620465019",True
"c6976237-4e52-43bf-b3f8-8cb290c92ecc","pg","a382e7b6-c149-4ec8-af9a-62d646716ca1","RESUBMIT","63fc5c53-85ca-4c43-b62e-6e262e29e78a","CITIZEN,NOC_CEMP","1723f919-bcce-4f6f-a135-4757075c5c27","1745170648438","1723f919-bcce-4f6f-a135-4757075c5c27","1745170648438",True
"c71040b3-4ede-4679-bc59-6b75aa3acc4d","pg","1afa7302-f4c1-4bde-a27b-22d82926ebb2","REASSING","64abc187-1dcb-443c-80c0-116912da9a5b","FSM_EDITOR_EMP","5130f2e3-efc1-401a-94fb-b9e60d9fa17d","1744197661636","5130f2e3-efc1-401a-94fb-b9e60d9fa17d","1744197661636",True
"c7535a35-cf69-47d8-9e59-d41638798b76","pg.citya","0781d3ee-39a6-432e-a30a-6a4982782607","SENDBACK","67aaa3cd-0507-4aa7-ba74-16dbd14fff21","FSM_ADMIN","11b0e02b-0145-4de2-bc42-c97b96264807","1746620314146","11b0e02b-0145-4de2-bc42-c97b96264807","1746620314146",True
"c7b9caec-ca87-43fa-be42-ab1dd967587a","pg","b97f2b8d-a046-4708-b024-291eda980790","FORWARD","c20d9ae1-c4d8-4752-8eeb-176cb24623cf","CITIZEN,BPA_CITIZEN","1723f919-bcce-4f6f-a135-4757075c5c27","1744621900491","c8d9141d-b3f3-41e3-bc1f-649af40dee6a","1747300294366",True
"c7d431a7-921e-49a4-98db-bd2aafa86b74","pg.citya","85ae2763-c43c-44e6-b236-3f7d21ad8f3a","VOID","ff3ed887-0489-4e02-8c9f-932f6dd668e8","BPA_VERIFIER,BPA_FIELD_INSPECTOR,BPA_NOC_VERIFIER","1723f919-bcce-4f6f-a135-4757075c5c27","1743485624550","1723f919-bcce-4f6f-a135-4757075c5c27","1743485624550",True
"c8374678-4078-4aab-8f70-234557e0bc24","pg.citya","f6c40afd-6563-44c6-8f40-e551a0dce7b6","REJECT","c730fe35-a01c-4fda-b475-f3ee2f48d5d3","BPA_NOC_VERIFIER","3709110a-4b1d-49a4-b639-95b689a86aa5","1743501511811","c8d9141d-b3f3-41e3-bc1f-649af40dee6a","1747225208046",True
"c8c8b6a0-cc57-458c-8a2b-fa51de2f53ea","pg.citya","2d77f0b0-4c82-4057-8fd1-9949bc36c757","CANCEL","af3d12a9-6bc8-48e6-8b50-1eba01569d39","FSM_ADMIN","3903e096-3b9f-43a5-b5f0-4c37079d6cd5","1746620241301","3903e096-3b9f-43a5-b5f0-4c37079d6cd5","1746620241301",True
"c8e8ea27-db2e-4466-95f7-db6d7b9b3725","pg","ecdb6d60-0772-4510-917b-341c02f952e1","RESUBMIT_APPLICATION","0227c254-14e7-4089-b259-bc54fea1c0a8","CITIZEN,WS_CITIZEN,SW_CEMP","1723f919-bcce-4f6f-a135-4757075c5c27","1745170768730","1723f919-bcce-4f6f-a135-4757075c5c27","1750320031573",True
"c9346c9a-0745-4ea1-a33c-bd47e9f0bd2e","pg","1210904b-b98e-4172-a53a-ccc0569c9f0f","SENDBACKTOORIGINATOR","6f854573-d9ee-4036-bc2d-f0f8f84e088d","TECHNICAL_SANCTIONER","b43b260c-f620-45d3-a43f-f53148f87f15","1759748291264","b43b260c-f620-45d3-a43f-f53148f87f15","1759748291264",True
"c94bfe37-a9c8-4570-b043-72b9693b8b64","pg","9c6cccbd-7e31-496f-8fbb-874eaa4ae7f0","RATE","836294d8-8d6b-4f3d-bdd6-904035ca4681","CITIZEN","5130f2e3-efc1-401a-94fb-b9e60d9fa17d","1744197661636","5130f2e3-efc1-401a-94fb-b9e60d9fa17d","1744197661636",True
"c9756e7d-0bdb-4359-bdb4-54ffa5ec413e","pg","a6b97130-b64b-4218-927d-7992d936b794","SENDBACK","3e0461ba-7a84-49b1-9ffe-7a36a9326d90","FSM_ADMIN","3903e096-3b9f-43a5-b5f0-4c37079d6cd5","1744197611210","3903e096-3b9f-43a5-b5f0-4c37079d6cd5","1744197611210",True
"c9ce56ca-eb05-43b6-a48e-e4453252bfd2","pg","c20d9ae1-c4d8-4752-8eeb-176cb24623cf","REVOCATE","74f214d7-7c5f-4220-90f4-df28f986c134","BPA_FIELD_INSPECTOR","1723f919-bcce-4f6f-a135-4757075c5c27","1744621900491","c8d9141d-b3f3-41e3-bc1f-649af40dee6a","1747300294366",True
"c9d36d78-a80a-4b95-873a-e218c298ccad","pg","e6153c00-1671-4c61-846e-5d43944bbf77","APPLY","2726cb75-1ddf-463a-ba4a-31de619f0809","FSM_CREATOR_EMP","5130f2e3-efc1-401a-94fb-b9e60d9fa17d","1744197661636","5130f2e3-efc1-401a-94fb-b9e60d9fa17d","1744197661636",True
"c9e20920-1acf-4c47-a0a7-3b52cffe4776","pg.citya","f7cd8f48-5103-44d4-8339-0b424ca07972","CANCEL","af3d12a9-6bc8-48e6-8b50-1eba01569d39","FSM_ADMIN","3903e096-3b9f-43a5-b5f0-4c37079d6cd5","1746620241301","3903e096-3b9f-43a5-b5f0-4c37079d6cd5","1746620241301",True
"c9f80314-ce0d-40cd-b0f4-3aae07c82d58","pg","78740e0f-ab82-40bd-8bf6-c149b85e79cc","APPROVE","db886417-8d39-4ccc-9a6c-aee6348f185a","BPA_APPROVER","1723f919-bcce-4f6f-a135-4757075c5c27","1744621887819","c8d9141d-b3f3-41e3-bc1f-649af40dee6a","1747300190538",True
"ca1e5c2f-5e1f-4553-8e86-11212d9209b5","pg","a5f2ce93-8410-41f8-bc5f-dafeb82be244","CANCEL","61cfbab3-0a58-4d38-803d-891a2f7b57ce","FSM_ADMIN","5130f2e3-efc1-401a-94fb-b9e60d9fa17d","1744197634808","5130f2e3-efc1-401a-94fb-b9e60d9fa17d","1744197634808",True
"ca344761-30d7-45bf-b853-15b31b24e776","pg.citya","30f029af-db26-4b12-9c70-2fda076d8f51","SEND_BACK_FOR_FIELD_INSPECTION","a87b921b-2df0-4a7b-aef2-631da9df3422","WS_APPROVER","d14f1116-6b07-4345-9db9-820d2e85daa0","1750331394335","d14f1116-6b07-4345-9db9-820d2e85daa0","1750331394335",True
"ca3e5c44-1023-4908-88c8-75951343754c","pg.citya","d5a2b9b4-fd02-4384-8765-65a9f0ca471c","SEND_BACK_TO_CITIZEN","8991f70b-98e2-427d-ac4c-d9cd3de76036","WS_DOC_VERIFIER","d14f1116-6b07-4345-9db9-820d2e85daa0","1750331436198","d14f1116-6b07-4345-9db9-820d2e85daa0","1750331436198",True
"caef5a93-17c2-4de5-b1b4-f9a0d8fbcada","pg","f82fbd96-0258-472a-960d-1a122d513c63","VERIFY_AND_FORWARD","efee547d-dab1-450f-aa3b-cb047b684b71","SW_DOC_VERIFIER","1723f919-bcce-4f6f-a135-4757075c5c27","1745170748360","1723f919-bcce-4f6f-a135-4757075c5c27","1750319946627",True
"cb083c53-41b0-4de1-aab1-1146ae665071","pg","d5375dbb-2721-46ae-bdb8-b8786a82ba3f","SEND_BACK","cbc5bfc6-2d31-44f0-9b09-42f19ceca5fe","WS_APPROVER","1723f919-bcce-4f6f-a135-4757075c5c27","1745170704298","1723f919-bcce-4f6f-a135-4757075c5c27","1745170704298",True
"cb7d6195-3b68-4d2d-9710-733704812f48","pg","d8fd10e9-dc38-482b-9407-66d0a1e0e235","PAY","f2749fb6-63fb-466b-be6f-9cfb268ffb9e","CITIZEN,BPA_CITIZEN,BPA_ARCHITECT,BPA_ENGINEER,BPA_BUILDER,BPA_STRUCTURALENGINEER,BPA_TOWNPLANNER,BPA_SUPERVISOR,SYSTEM_PAYMENT,CEMP","1723f919-bcce-4f6f-a135-4757075c5c27","1744621900491","c8d9141d-b3f3-41e3-bc1f-649af40dee6a","1747300294366",True
"cbd3252f-2f8c-45c5-9688-833a3712b7f7","pg.citya","91554318-c342-46e3-81bb-e4edd8d5a035","REJECT","c730fe35-a01c-4fda-b475-f3ee2f48d5d3","BPA_APPROVER","3709110a-4b1d-49a4-b639-95b689a86aa5","1743501511811","c8d9141d-b3f3-41e3-bc1f-649af40dee6a","1747225208046",True
"cbda97d9-0f9b-4511-9e4a-802fc93637b4","pg","d70bab3d-4672-4641-b30a-173aa4f7ea8b","REJECT","ea4846b4-2063-4431-85af-6776982deced","CITIZEN,PT_CITIZEN,PT_CEMP","919f4168-223a-4ea9-8d27-9a9e27e672bd","1743070107121","c8d9141d-b3f3-41e3-bc1f-649af40dee6a","1747291813744",True
"cc35defb-a148-4c1b-94f9-5789b6a740b9","pg.citya","aa8862ff-f01c-4fbc-991c-8f9248756760","SEND_BACK_FOR_DOCUMENT_VERIFICATION","462d81fc-de94-49da-afcd-5d13075b7b03","SW_FIELD_INSPECTOR","d14f1116-6b07-4345-9db9-820d2e85daa0","1750331517050","d14f1116-6b07-4345-9db9-820d2e85daa0","1750331517050",True
"cc90b655-36ad-447d-9ee9-c0963436b5e1","pg.citya","3c7f8bd8-dd50-49aa-acce-75b261dfc611","PAY","49fb089f-3d36-4fac-bf64-40f7aaaa326a","CITIZEN,BPA_CITIZEN,BPA_ARCHITECT,BPA_ENGINEER,BPA_BUILDER,BPA_STRUCTURALENGINEER,BPA_TOWNPLANNER,BPA_SUPERVISOR,SYSTEM_PAYMENT,CEMP","3709110a-4b1d-49a4-b639-95b689a86aa5","1743501511811","c8d9141d-b3f3-41e3-bc1f-649af40dee6a","1747225208046",True
"cd4216b2-068c-494f-bfab-aee07c1a9546","pg","dfea0ba8-ade6-4124-b349-717b2998116f","FORWARD","f2749fb6-63fb-466b-be6f-9cfb268ffb9e","CITIZEN,BPA_CITIZEN","1723f919-bcce-4f6f-a135-4757075c5c27","1744621900491","c8d9141d-b3f3-41e3-bc1f-649af40dee6a","1747300294366",True
"cd4ff8cb-3c1a-48b0-ae7b-b25beb0f673f","pg.citya","fa102f8b-8c46-4dff-bc41-57900e04e1fe","INITIATE","fa102f8b-8c46-4dff-bc41-57900e04e1fe","CITIZEN,TL_CITIZEN,TL_CEMP","1723f919-bcce-4f6f-a135-4757075c5c27","1743484407631","c8d9141d-b3f3-41e3-bc1f-649af40dee6a","1747222345985",True
"cd791a64-fbc7-4ca7-a3d7-a0059aae2d05","pg","024b4b66-c58c-43e0-abad-daab1cd1611b","APPLY","40ee8bd5-0d29-4482-9dd2-5e08eb178773","FSM_CREATOR_EMP","3903e096-3b9f-43a5-b5f0-4c37079d6cd5","1744197611210","3903e096-3b9f-43a5-b5f0-4c37079d6cd5","1744197611210",True
"cd8c4175-9ab2-49f8-8c13-ab0cae926382","pg","1add7391-2707-4dd3-a115-bd1ecd52a901","FORWARD","4d23db06-f804-4de1-a2c7-6544003284f8","CITIZEN,BPA_CITIZEN,BPA_ARCHITECT","1723f919-bcce-4f6f-a135-4757075c5c27","1744621887819","c8d9141d-b3f3-41e3-bc1f-649af40dee6a","1747300190538",True
"cde32a6e-1139-4167-b790-be8b526af244","pg.citya","05ef8c20-46ff-41c8-b98b-1bef0b2e70ec","APPROVE","f25a6ec7-c81d-47f4-9974-a623585f767f","WS_APPROVER,SW_APPROVER","3709110a-4b1d-49a4-b639-95b689a86aa5","1743506632422","3709110a-4b1d-49a4-b639-95b689a86aa5","1743506632422",True
"ce1247c1-d142-4c19-b203-03ff467a65f0","pg","b5578866-29c7-46b8-b843-a0d1030af36d","SEND_BACK_FOR_DOCUMENT_VERIFICATION","323d268c-afd3-48c8-b1b3-3cd9e232be71","WS_FIELD_INSPECTOR","1723f919-bcce-4f6f-a135-4757075c5c27","1745170711814","1723f919-bcce-4f6f-a135-4757075c5c27","1750320234575",True
"ce32bcf0-334e-41e0-97e6-8b2f07fb19e0","pg","50ed760b-f456-41a8-bb0a-4b1183a041cd","APPROVE","6442507a-60a3-4ed8-a736-5627d4bd5398","CITIZEN,BPA_CITIZEN","1723f919-bcce-4f6f-a135-4757075c5c27","1744621887819","c8d9141d-b3f3-41e3-bc1f-649af40dee6a","1747300190538",True
"ce5c4877-0fe0-4be2-8920-9dead189ebdd","pg.citya","a0af0a90-80d8-4398-bd09-41923b5248c8","APPROVE","4484cbc1-df39-41db-b7ec-592911cbb120","BPA_APPROVER","3709110a-4b1d-49a4-b639-95b689a86aa5","1743501511811","c8d9141d-b3f3-41e3-bc1f-649af40dee6a","1747227433277",True
"cea7fe99-7d92-44bb-9c63-28917419e4c7","pg","a5f2ce93-8410-41f8-bc5f-dafeb82be244","REASSING","f6d3433f-f27c-4027-92df-0ca73a6db1ca","FSM_EDITOR_EMP","5130f2e3-efc1-401a-94fb-b9e60d9fa17d","1744197634808","5130f2e3-efc1-401a-94fb-b9e60d9fa17d","1744197634808",True
"cf3208f0-3735-42ac-a013-cf1cf0b90e81","pg","2acf767c-c4eb-4357-8653-9c3303df9933","VERIFY_AND_FORWARD","ff31db08-5385-4af7-950e-838217d2d9f3","WS_FIELD_INSPECTOR","1723f919-bcce-4f6f-a135-4757075c5c27","1745170689502","1723f919-bcce-4f6f-a135-4757075c5c27","1750320158669",True
"cfb3821d-b4bf-4e0e-b206-e69eab2f7cbc","pg.citya","c45d372c-7fb3-43ea-bb9d-4135211768b5","REASSING","c45d372c-7fb3-43ea-bb9d-4135211768b5","FSM_EDITOR_EMP","5130f2e3-efc1-401a-94fb-b9e60d9fa17d","1746620465019","5130f2e3-efc1-401a-94fb-b9e60d9fa17d","1746620465019",True
"cffa45d4-59bc-4d76-902c-e0aa69abfe88","pg.citya","aaa788e5-9e6a-494e-b3b8-00ab653c8704","SUBMIT_APPLICATION","98fc9837-a9ec-45f6-85ae-e568e079dabe","SW_CEMP","d14f1116-6b07-4345-9db9-820d2e85daa0","1750331535903","d14f1116-6b07-4345-9db9-820d2e85daa0","1750331535903",True
"d049bb38-ac27-4a45-8299-b9138cbd6105","pg.citya","eb2fd607-bad0-4abb-a39d-1bce2e1da2c1","FORWARD","16c72b06-14cc-41d0-82b4-b4a75b9dad88","NOC_DOC_VERIFIER","1723f919-bcce-4f6f-a135-4757075c5c27","1743483264461","1723f919-bcce-4f6f-a135-4757075c5c27","1743483264461",True
"d0783ae2-2129-4511-ae1b-dd4d4630f14e","pg.citya","597c7664-2a96-499d-8719-cbe7858da447","MANUALEXPIRE","6d8bb6f7-6adc-49b8-8958-57702e84e373","TL_APPROVER","1723f919-bcce-4f6f-a135-4757075c5c27","1743484407631","c8d9141d-b3f3-41e3-bc1f-649af40dee6a","1747222452265",True
"d086706b-dd3c-4507-a6f2-fb2a0768d419","pg.citya","9ce2c4e4-b304-4795-9e96-190fb650c8f6","INITIATE","9ce2c4e4-b304-4795-9e96-190fb650c8f6","BPA_ARCHITECT,BPA_ENGINEER,BPA_BUILDER,BPA_STRUCTURALENGINEER,BPA_TOWNPLANNER,BPA_SUPERVISOR","3709110a-4b1d-49a4-b639-95b689a86aa5","1743501511811","c8d9141d-b3f3-41e3-bc1f-649af40dee6a","1747225208046",True
"d096f863-16ce-43e0-84e0-fb18d1ed2293","pg","efee547d-dab1-450f-aa3b-cb047b684b71","VERIFY_AND_FORWARD","3062b64d-bf07-4c52-a052-02bfe58ac03b","SW_FIELD_INSPECTOR","1723f919-bcce-4f6f-a135-4757075c5c27","1745170748360","1723f919-bcce-4f6f-a135-4757075c5c27","1750319946627",True
"d0a9c29b-795f-4c30-9e3b-320123e3f12a","pg.citya","fbaf7fce-2b80-46ae-861f-6289a5ae2065","APPROVE_FOR_DISCONNECTION","2e98a386-f09f-4724-8288-c33eb3905fcc","WS_APPROVER","d14f1116-6b07-4345-9db9-820d2e85daa0","1750331436198","d14f1116-6b07-4345-9db9-820d2e85daa0","1750331436198",True
"d103fa9a-dd2d-4179-be55-443c28a44086","pg","a5f2ce93-8410-41f8-bc5f-dafeb82be244","UPDATE","a5f2ce93-8410-41f8-bc5f-dafeb82be244","FSM_DSO,FSM_EDITOR_EMP","5130f2e3-efc1-401a-94fb-b9e60d9fa17d","1744197634808","5130f2e3-efc1-401a-94fb-b9e60d9fa17d","1744197634808",True
"d12382d1-d689-4878-99d9-87377d8e2e3b","pg","40ee8bd5-0d29-4482-9dd2-5e08eb178773","REJECT","4760ae47-f4a1-4ab5-8802-49d87ab01902","FSM_ADMIN","3903e096-3b9f-43a5-b5f0-4c37079d6cd5","1744197611210","3903e096-3b9f-43a5-b5f0-4c37079d6cd5","1744197611210",True
"d1314e73-702d-4e82-a6ed-0a2d8602c4ad","pg.citya","f6c40afd-6563-44c6-8f40-e551a0dce7b6","SEND_BACK_TO_CITIZEN","a61861f6-ea33-4e0b-881c-03d7f1d19a9d","BPA_NOC_VERIFIER","3709110a-4b1d-49a4-b639-95b689a86aa5","1743501511811","c8d9141d-b3f3-41e3-bc1f-649af40dee6a","1747225208046",True
"d1918def-f95d-4da0-8de0-2e1be0d962b9","pg.citya","c6b6a416-0683-4525-a6e0-7da55f91b77e","PAY","cd06e836-9e91-4c51-b46d-37d2a99323a6","CITIZEN,PT_CITIZEN,PT_CEMP,SYSTEM_PAYMENT,SYSTEM","3709110a-4b1d-49a4-b639-95b689a86aa5","1743506463523","c8d9141d-b3f3-41e3-bc1f-649af40dee6a","1747221963724",True
"d1c92b81-947b-4fa3-a1f6-bd7e31621ec1","pg","6442507a-60a3-4ed8-a736-5627d4bd5398","APPLY","b33ed210-0af4-4954-bd9f-8bd78eb629ad","BPA_ARCHITECT,BPA_ENGINEER,BPA_BUILDER,BPA_STRUCTURALENGINEER,BPA_TOWNPLANNER,BPA_SUPERVISOR","1723f919-bcce-4f6f-a135-4757075c5c27","1744621887819","c8d9141d-b3f3-41e3-bc1f-649af40dee6a","1747300190538",True
"d2068a16-99f8-4d8c-b635-69dee0c41ec3","pg","3b96116b-ad7c-4561-9bc3-1a961f2ede62","INITIATE","3b96116b-ad7c-4561-9bc3-1a961f2ede62","CITIZEN,TL_CEMP","1723f919-bcce-4f6f-a135-4757075c5c27","1745170648438","1723f919-bcce-4f6f-a135-4757075c5c27","1745170648438",True
"d207c12f-dac2-49e9-8e53-1d0238d5c1f5","pg.citya","2a95814a-8827-4779-8d45-15e47c744961","REJECT","17c6a499-2104-47af-b3a2-67591da26a65","BPAREG_DOC_VERIFIER","3709110a-4b1d-49a4-b639-95b689a86aa5","1743501511811","c8d9141d-b3f3-41e3-bc1f-649af40dee6a","1747303159965",True
"d2111529-3f4f-49b4-98c9-d6d3842e2d47","pg.citya","ce6be08e-d6fa-4411-8cd1-db589ef2ec2d","RESUBMIT","434a246e-7e99-43a6-8b3e-a01c4b6aefb5","TL_CEMP","1723f919-bcce-4f6f-a135-4757075c5c27","1743484407631","c8d9141d-b3f3-41e3-bc1f-649af40dee6a","1747222452265",True
"d21eda11-120c-41d4-8af2-18c10272bd87","pg","d5a4f8c8-8e91-40a3-9868-802b556b18e2","CANCEL","0b02c4e1-4888-459b-8f6c-956ddf31aa08","FSM_ADMIN","5130f2e3-efc1-401a-94fb-b9e60d9fa17d","1744197702516","5130f2e3-efc1-401a-94fb-b9e60d9fa17d","1744197702516",True
"d22fa02e-40be-4a5c-80b4-944ea00b083b","pg.citya","2892a427-3789-4eb8-9787-05614da39ca1","REJECT","8d104729-0cdc-4d0c-a539-d33279d3db81","BPA_FIELD_INSPECTOR","3709110a-4b1d-49a4-b639-95b689a86aa5","1743501511811","c8d9141d-b3f3-41e3-bc1f-649af40dee6a","1747227583985",True
"d23c9724-fee4-445e-8d34-da73109139bc","pg.citya","d0af3d24-926e-488a-9d72-2ac734adcbd3","ASSIGN","c45d372c-7fb3-43ea-bb9d-4135211768b5","FSM_EDITOR_EMP","5130f2e3-efc1-401a-94fb-b9e60d9fa17d","1746620465019","5130f2e3-efc1-401a-94fb-b9e60d9fa17d","1746620465019",True
"d290291d-9aa2-421c-9d3d-f6957af5f188","pg.citya","8991f70b-98e2-427d-ac4c-d9cd3de76036","RESUBMIT_APPLICATION","d5a2b9b4-fd02-4384-8765-65a9f0ca471c","CITIZEN,WS_CITIZEN,WS_CEMP","d14f1116-6b07-4345-9db9-820d2e85daa0","1750331436198","d14f1116-6b07-4345-9db9-820d2e85daa0","1750331436198",True
"d2ebbf65-824d-4100-b756-38663c431e8c","pg","172f4685-b9bb-4518-ba38-4e02bbf1c563","SUBMIT","884ef92a-ce4e-41b8-bae3-856dd421ac68","FSM_EDITOR_EMP","5130f2e3-efc1-401a-94fb-b9e60d9fa17d","1744197634808","5130f2e3-efc1-401a-94fb-b9e60d9fa17d","1744197634808",True
"d2f8f6c5-2770-41fe-bec4-a17d1e2ef0bf","pg.citya","d835de7e-6cdf-4c1b-ac71-57fd699f375d","DSO_REJECT","dc003af8-ca6f-4652-b759-bfdf506b76f7","FSM_DSO,FSM_EDITOR_EMP","5130f2e3-efc1-401a-94fb-b9e60d9fa17d","1746620339237","5130f2e3-efc1-401a-94fb-b9e60d9fa17d","1746620339237",True
"d33e2af7-f9e0-49db-8fc4-ae507381664a","pg","866c0c57-f747-4a91-9ec5-6871ce1b0fcd","SEND_BACK_FOR_FIELD_INSPECTION","42890bfe-70e3-4264-86ff-9ccd1e9f8a7b","SW_APPROVER","1723f919-bcce-4f6f-a135-4757075c5c27","1745170768730","1723f919-bcce-4f6f-a135-4757075c5c27","1750320031573",True
"d386b0be-3a82-4b1f-bc2e-8ea303456db7","pg","c34ad474-bfe5-45aa-9882-a78514d72682","REVOCATE","74f214d7-7c5f-4220-90f4-df28f986c134","BPA_APPROVER","1723f919-bcce-4f6f-a135-4757075c5c27","1744621900491","c8d9141d-b3f3-41e3-bc1f-649af40dee6a","1747300294366",True
"d3a0da5a-7c15-4527-a582-22ff939c9936","pg","f82fbd96-0258-472a-960d-1a122d513c63","SEND_BACK_TO_CITIZEN","37177417-9daa-4650-a89f-274f14a0d4f8","SW_DOC_VERIFIER","1723f919-bcce-4f6f-a135-4757075c5c27","1745170748360","1723f919-bcce-4f6f-a135-4757075c5c27","1750319946627",True
"d44438de-1e8f-4bbe-b2d7-365a5de05bff","pg","24ef2b6e-8e10-4420-a2c6-3a43372cbfa7","REJECT","600d2d0a-a3b0-47de-b007-43141f10dc50","BPAREG_APPROVER","1723f919-bcce-4f6f-a135-4757075c5c27","1744621953667","c8d9141d-b3f3-41e3-bc1f-649af40dee6a","1747302990941",True
"d55c5433-fda1-4c9f-8da8-c05ad88385d1","pg","acbc6e28-10fd-44ac-ab98-499ee2307c07","INITIATE","acbc6e28-10fd-44ac-ab98-499ee2307c07","BPA_ARCHITECT,BPA_ENGINEER,BPA_BUILDER,BPA_STRUCTURALENGINEER,BPA_TOWNPLANNER,BPA_SUPERVISOR","1723f919-bcce-4f6f-a135-4757075c5c27","1744621900491","c8d9141d-b3f3-41e3-bc1f-649af40dee6a","1747300294366",True
"d56a8b0d-3889-4a82-8d77-b0ac06104c6b","pg","752ed6c0-b3eb-4e39-b032-f54a779a1df6","SCHEDULE","34306aeb-b933-4d1a-bbdb-01c1cc2d09c8","FSM_DSO","3903e096-3b9f-43a5-b5f0-4c37079d6cd5","1744197691155","3903e096-3b9f-43a5-b5f0-4c37079d6cd5","1744197691155",True
"d6a26aba-678f-4eae-836a-89ce3ab8debc","pg","b33ed210-0af4-4954-bd9f-8bd78eb629ad","SKIP_PAYMENT","3f571a3b-fad5-479d-820b-72df0335c3db","CITIZEN,BPA_CITIZEN,BPA_ARCHITECT,BPA_ENGINEER,BPA_BUILDER,BPA_STRUCTURALENGINEER,BPA_TOWNPLANNER,BPA_SUPERVISOR,SYSTEM_PAYMENT,CEMP","1723f919-bcce-4f6f-a135-4757075c5c27","1744621887819","c8d9141d-b3f3-41e3-bc1f-649af40dee6a","1747300190538",True
"d6cea46a-dec9-4060-b4d9-7e2851a0fd78","pg.citya","f7cd8f48-5103-44d4-8339-0b424ca07972","DECLINE","ba9368a8-e030-4699-984b-afac3e7de826","FSM_DSO,FSM_EDITOR_EMP","3903e096-3b9f-43a5-b5f0-4c37079d6cd5","1746620241301","3903e096-3b9f-43a5-b5f0-4c37079d6cd5","1746620241301",True
"d6d3e03f-290f-446a-852c-e6241629e646","pg.citya","98af4240-3008-4af0-a51c-c12470df04c7","SEND_BACK_TO_CITIZEN","3b6e706d-ffa9-4227-8fa3-bb25c2524ac7","BPA_NOC_VERIFIER","3709110a-4b1d-49a4-b639-95b689a86aa5","1743501511811","c8d9141d-b3f3-41e3-bc1f-649af40dee6a","1747227433277",True
"d6ddd726-4f03-4fc4-8bba-f240b92a3589","pg","163fbc71-9b5e-4510-bacd-35c4cba14b05","REOPEN","7c6894d2-7603-490e-81d2-dec530710368","CFC,CSR,CITIZEN","a4a0d5a5-2edc-4c3d-bf97-5fdd1f88cbaa","1743096378513","a4a0d5a5-2edc-4c3d-bf97-5fdd1f88cbaa","1743096378513",True
"d701c360-4ff0-48b9-8006-926d241c7ce8","pg.citya","360f021f-5894-49cb-a487-030ad8a1cb1f","RATE","2ebea066-e754-4a44-9e76-180c58692e9e","CITIZEN","11b0e02b-0145-4de2-bc42-c97b96264807","1746620314146","11b0e02b-0145-4de2-bc42-c97b96264807","1746620314146",True
"d77683a5-0ad4-4f2c-8ac3-57bb7460c240","pg","24416d41-d7a9-4744-976c-de270e03b452","UPDATE_RESULT","30be6c2c-804c-40f4-9cfe-428a8ccccee6","PQM_ADMIN,PQM_TP_OPERATOR","5130f2e3-efc1-401a-94fb-b9e60d9fa17d","1744197760141","5130f2e3-efc1-401a-94fb-b9e60d9fa17d","1744197760141",True
"d7a478a9-4b22-4209-8d78-2514ef29ec6d","pg","3f571a3b-fad5-479d-820b-72df0335c3db","FORWARD","4d23db06-f804-4de1-a2c7-6544003284f8","BPA_VERIFIER","1723f919-bcce-4f6f-a135-4757075c5c27","1744621887819","c8d9141d-b3f3-41e3-bc1f-649af40dee6a","1747300190538",True
"d7a5a833-7048-4eb5-9e8c-5cc06933631c","pg","390280f8-64a0-4ff5-bf22-0f27ed7b182d","APPLY","b9f2cb74-2653-40ce-934d-a5e92005bc3d","CITIZEN,BPA_CITIZEN,ANONYMOUS","1723f919-bcce-4f6f-a135-4757075c5c27","1744621944477","c8d9141d-b3f3-41e3-bc1f-649af40dee6a","1747302871860",True
"d7d0037d-f87e-4301-8c79-219963ff2299","pg.citya","4c8ebe47-30f8-4903-8550-a431dc9e7d9d","PAY","4c8ebe47-30f8-4903-8550-a431dc9e7d9d","CITIZEN,FSM_COLLECTOR","5130f2e3-efc1-401a-94fb-b9e60d9fa17d","1746620339237","5130f2e3-efc1-401a-94fb-b9e60d9fa17d","1746620339237",True
"d81d9544-0848-4590-86fd-e35e550d46d5","pg","5da8940d-783a-460c-9170-7778dff52e70","REJECT","b6deab05-74b0-4a47-8cee-eff66271e066","CITIZEN,PT_CITIZEN,PT_CEMP","919f4168-223a-4ea9-8d27-9a9e27e672bd","1743070107121","c8d9141d-b3f3-41e3-bc1f-649af40dee6a","1747291928326",True
"d83597c0-ee83-4cf4-9754-5b9b451fff84","pg","3e0461ba-7a84-49b1-9ffe-7a36a9326d90","CANCEL","1c3bdda8-e29f-40f4-8465-a397660074cf","FSM_ADMIN","3903e096-3b9f-43a5-b5f0-4c37079d6cd5","1744197611210","3903e096-3b9f-43a5-b5f0-4c37079d6cd5","1744197611210",True
"d88a2bb4-d88c-49b9-bfdd-26c2cd70266c","pg","3672e189-6e89-4454-a067-ce1f269d98ac","REJECT","382801d5-8898-4735-aaef-9a9e0be1aedf","ESTIMATE_VERIFIER","b43b260c-f620-45d3-a43f-f53148f87f15","1759748291264","b43b260c-f620-45d3-a43f-f53148f87f15","1759748291264",True
"d8a196b1-b647-49b0-b83e-878a194f287d","pg.citya","9afd3bb9-3565-48bc-a7fc-ebff0832f7fc","REJECT","b2274dbc-e86e-4500-be9b-bae92029dc80","SW_FIELD_INSPECTOR","d14f1116-6b07-4345-9db9-820d2e85daa0","1750331545883","d14f1116-6b07-4345-9db9-820d2e85daa0","1750331545883",True
"d8be070f-972c-415d-bb53-3ecd46401ca0","pg.citya","bb61dbc8-c402-433f-99e5-3dcf0694e99e","SENDBACKTOCITIZEN","a916d4d6-698f-44dd-ae07-99eb13087bbf","PT_DOC_VERIFIER","3709110a-4b1d-49a4-b639-95b689a86aa5","1743506463523","d14f1116-6b07-4345-9db9-820d2e85daa0","1758271856474",True
"d93cee7b-86e5-401c-ba52-8f9cffccce61","pg.citya","b8ccd20c-6f53-4eb0-ad64-159ac492d156","REASSING","5ea79b24-0f5d-48bf-92ee-7caa90bdfa81","FSM_EDITOR_EMP","5130f2e3-efc1-401a-94fb-b9e60d9fa17d","1746620274309","5130f2e3-efc1-401a-94fb-b9e60d9fa17d","1746620274309",True
"d9558ba7-ec02-4c3e-a689-bdc253019258","pg.citya","547625cd-43c9-496c-95c1-6faa608c7c5b","INITIATE","8beffb9f-bd56-4695-ae6d-be397e862aa3","BPA_ARCHITECT,BPA_ENGINEER,BPA_BUILDER,BPA_STRUCTURALENGINEER,BPA_TOWNPLANNER,BPA_SUPERVISOR","3709110a-4b1d-49a4-b639-95b689a86aa5","1743501511811","c8d9141d-b3f3-41e3-bc1f-649af40dee6a","1747227583985",True
"d96a406c-c322-4a4a-9a2a-b3ddd39ec1d5","pg","c4c377f0-bda8-4324-908a-8c9c84d23c69","APPROVE","2fe3caf2-d3d3-4ee4-8d2a-e139e351da20","BPAREG_APPROVER","1723f919-bcce-4f6f-a135-4757075c5c27","1744621746981","c8d9141d-b3f3-41e3-bc1f-649af40dee6a","1747303115855",True
"d9817931-fced-4553-bde1-2906e09613ca","pg.citya","cc8d126d-d380-49d2-ae9a-d94d187ed730","APPLY","74aa488e-de78-4885-b935-5daa63db1d05","FSM_CREATOR_EMP","5130f2e3-efc1-401a-94fb-b9e60d9fa17d","1746620274309","5130f2e3-efc1-401a-94fb-b9e60d9fa17d","1746620274309",True
"d9dc90cc-b606-4f30-9be1-5332645b7030","pg","b5578866-29c7-46b8-b843-a0d1030af36d","SEND_BACK_TO_CITIZEN","dbc31524-f562-4a2d-a0a5-706b69de0736","WS_FIELD_INSPECTOR","1723f919-bcce-4f6f-a135-4757075c5c27","1745170711814","1723f919-bcce-4f6f-a135-4757075c5c27","1750320234575",True
"d9dce616-6c35-4ac9-9e40-c1bdddb8b5da","pg","dd709151-7dab-475d-bdf5-a58babdf92af","REASSING","0ffa6840-88d7-4721-a618-8fb02fe0e5cb","FSM_EDITOR_EMP","5130f2e3-efc1-401a-94fb-b9e60d9fa17d","1744197702516","5130f2e3-efc1-401a-94fb-b9e60d9fa17d","1744197702516",True
"da30d346-516c-48cb-b695-58e6172b5bfc","pg","7c65cec2-a9ad-45d2-9e68-2ae6ae60b13f","REJECT","a76f9f5c-ed55-4319-937c-6fdbb22a50af","BPAREG_APPROVER","1723f919-bcce-4f6f-a135-4757075c5c27","1744621925179","c8d9141d-b3f3-41e3-bc1f-649af40dee6a","1747299993886",True
"da5342df-488f-46d1-9b78-4096daf15693","pg.citya","901eb23d-aba4-4a53-aea4-b5d617e811ac","RATE","10c202ab-14d8-4049-b415-6750440d5183","CITIZEN","5130f2e3-efc1-401a-94fb-b9e60d9fa17d","1746620339237","5130f2e3-efc1-401a-94fb-b9e60d9fa17d","1746620339237",True
"dabc2a93-17bf-4197-809e-399e1021b076","pg","6271bda4-c8ee-4f21-9371-4a349d4e11fb","SUBMIT_APPLICATION","7fbf5ad0-65d2-4ab4-9c20-d66037ccd65b","CITIZEN,WS_CITIZEN,WS_CEMP","1723f919-bcce-4f6f-a135-4757075c5c27","1745170689502","1723f919-bcce-4f6f-a135-4757075c5c27","1750320158669",True
"db0b2a61-ff4f-432a-8b2f-0697048c45a0","pg","3062b64d-bf07-4c52-a052-02bfe58ac03b","REJECT","ebff7b86-1cc5-4777-9084-b9dff05cf200","SW_APPROVER","1723f919-bcce-4f6f-a135-4757075c5c27","1745170748360","1723f919-bcce-4f6f-a135-4757075c5c27","1750319946627",True
"db146548-4961-4c0d-bd7c-355f8a67b156","pg.citya","9e2e9b0c-59b5-4e7e-b9ca-47b418553b75","APPROVE","702db8a7-510a-4fc3-9be4-1ab33faed82c","CITIZEN,BPA_CITIZEN","3709110a-4b1d-49a4-b639-95b689a86aa5","1743501511811","c8d9141d-b3f3-41e3-bc1f-649af40dee6a","1747227583985",True
"db25e2f6-39fc-48ff-849b-d02d4c53234c","pg.citya","0d69f79e-2b70-44be-931d-7efc4544f92f","RE-SUBMIT","05ef8c20-46ff-41c8-b98b-1bef0b2e70ec","CITIZEN,SW_CEMP,WS_CEMP","3709110a-4b1d-49a4-b639-95b689a86aa5","1743506632422","3709110a-4b1d-49a4-b639-95b689a86aa5","1743506632422",True
"db323466-5094-403f-80bf-489ff5a762ce","pg.citya","b33c65e3-73f9-4374-bb0a-db52d629d41e","CREATE","75adf41a-95e2-4566-9ffe-5e67fad828af","CITIZEN","5130f2e3-efc1-401a-94fb-b9e60d9fa17d","1746620339237","5130f2e3-efc1-401a-94fb-b9e60d9fa17d","1746620339237",True
"db4ecfb1-0c7a-4acc-bf72-81f71ffc5054","pg.citya","9714c7bb-1b7a-447d-8ec0-9b6cd2fedb51","REJECT","60dcf909-fe29-4b0b-b749-e2dc2d3ff54d","FSM_ADMIN","5130f2e3-efc1-401a-94fb-b9e60d9fa17d","1746620465019","5130f2e3-efc1-401a-94fb-b9e60d9fa17d","1746620465019",True
"db7a4be0-4e70-4793-9271-b4ffbad692a4","pg","6cd96373-bb1f-4ce0-a897-60faf5b11404","ASSIGN","64abc187-1dcb-443c-80c0-116912da9a5b","FSM_EDITOR_EMP","5130f2e3-efc1-401a-94fb-b9e60d9fa17d","1744197661636","5130f2e3-efc1-401a-94fb-b9e60d9fa17d","1744197661636",True
"dba8c51c-6f28-47a9-854d-929faffee55a","pg.citya","73775120-d08b-4fb5-8422-df8c8ed5bb57","UPDATE_RESULT","d4d4a3bd-ce31-4c88-80d2-ae9a11febb6f","PQM_ADMIN,PQM_TP_OPERATOR","5130f2e3-efc1-401a-94fb-b9e60d9fa17d","1746620493337","5130f2e3-efc1-401a-94fb-b9e60d9fa17d","1746620493337",True
"dbb11245-921f-4b98-8340-dacfa3fd6cc4","pg","4365ad91-5ea4-47ed-9ed5-43e0fd6d97e9","INITIATE","18e469aa-3cda-4825-937e-5be25698e798","BPA_ARCHITECT,BPA_ENGINEER,BPA_BUILDER,BPA_STRUCTURALENGINEER,BPA_TOWNPLANNER,BPA_SUPERVISOR","1723f919-bcce-4f6f-a135-4757075c5c27","1744621887819","c8d9141d-b3f3-41e3-bc1f-649af40dee6a","1747300190538",True
"dbbdcdb9-d951-4fbf-a7d7-fda310db97e4","pg","5179269d-2cdd-4d1b-b468-5cfcc36045c1","REJECT","0febbec6-1180-40c0-950d-d099218c9b15","FSM_ADMIN","5130f2e3-efc1-401a-94fb-b9e60d9fa17d","1744197702516","5130f2e3-efc1-401a-94fb-b9e60d9fa17d","1744197702516",True
"dc120ca0-40ee-4c6d-8f1e-3ef24301f0a3","pg","60355f2c-5675-46a3-8bef-69f7e3fb0c05","REJECT","600d2d0a-a3b0-47de-b007-43141f10dc50","BPAREG_DOC_VERIFIER","1723f919-bcce-4f6f-a135-4757075c5c27","1744621953667","c8d9141d-b3f3-41e3-bc1f-649af40dee6a","1747302990941",True
"dc83b91c-59b7-4204-9105-e86dd2e28e16","pg","17b50346-dcde-4229-be29-c25260929139","RESUBMIT","29d16ea4-a2dd-438b-96ae-9f3312fa74a7","CITIZEN,NOC_CEMP","1723f919-bcce-4f6f-a135-4757075c5c27","1745170648438","1723f919-bcce-4f6f-a135-4757075c5c27","1745170648438",True
"dcde8080-53b6-4745-b636-d89c611b8a95","pg","34306aeb-b933-4d1a-bbdb-01c1cc2d09c8","READY_FOR_DISPOSAL","4075d28b-4d90-4bb0-9aba-f5f52aea7cdc","FSM_DSO,FSM_EDITOR_EMP","3903e096-3b9f-43a5-b5f0-4c37079d6cd5","1744197691155","3903e096-3b9f-43a5-b5f0-4c37079d6cd5","1744197691155",True
"dd1fdb17-d58d-42c1-b1d9-5955b462c503","pg","aba5befb-d16f-40a3-9a3e-93e29f1d2e0f","SENDBACK","d5b89c3b-f77e-40ed-9846-b6bbaac50805","FSM_ADMIN","11b0e02b-0145-4de2-bc42-c97b96264807","1744197648205","11b0e02b-0145-4de2-bc42-c97b96264807","1744197648205",True
"dd28edd2-333e-4f39-b76b-57407c55d4fb","pg","b04c2279-f6ef-4c4d-87a1-6eefa30553a9","RATE","8b3521fd-6cc2-46da-a8f3-27f45fcf009b","CITIZEN","3903e096-3b9f-43a5-b5f0-4c37079d6cd5","1744197611210","3903e096-3b9f-43a5-b5f0-4c37079d6cd5","1744197611210",True
"dd7a2eb7-5dff-4d3f-b13e-f5d793402efe","pg","4014b6ca-91e1-46a2-b5ac-ce6b0683c26e","PAY","1176abf5-5022-4dbf-8442-878032295198","CITIZEN,BPA_CITIZEN,SYSTEM_PAYMENT","1723f919-bcce-4f6f-a135-4757075c5c27","1744621925179","c8d9141d-b3f3-41e3-bc1f-649af40dee6a","1747299993886",True
"de33887a-1410-44eb-b1a3-332ba05dffdf","pg","29d16ea4-a2dd-438b-96ae-9f3312fa74a7","REFER","29d16ea4-a2dd-438b-96ae-9f3312fa74a7","NOC_DOC_VERIFIER","1723f919-bcce-4f6f-a135-4757075c5c27","1745170648438","1723f919-bcce-4f6f-a135-4757075c5c27","1745170648438",True
"de6408f5-6cea-4a45-84da-d015103624dc","pg","18e469aa-3cda-4825-937e-5be25698e798","SEND_TO_CITIZEN","50ed760b-f456-41a8-bb0a-4b1183a041cd","BPA_ARCHITECT,BPA_ENGINEER,BPA_BUILDER,BPA_STRUCTURALENGINEER,BPA_TOWNPLANNER,BPA_SUPERVISOR","1723f919-bcce-4f6f-a135-4757075c5c27","1744621887819","c8d9141d-b3f3-41e3-bc1f-649af40dee6a","1747300190538",True
"df0253f0-0a5d-42ef-91c5-b4aa3d20f970","pg","a57e36eb-4957-4f89-9707-cbfb6dc7ae26","REVOCATE","74f214d7-7c5f-4220-90f4-df28f986c134","BPA_NOC_VERIFIER","1723f919-bcce-4f6f-a135-4757075c5c27","1744621900491","c8d9141d-b3f3-41e3-bc1f-649af40dee6a","1747300294366",True
"df04c289-5f51-43bb-b4a3-45e4b8916306","pg.citya","bb61dbc8-c402-433f-99e5-3dcf0694e99e","VERIFY","a123a403-b54b-4018-8367-8b6c231663fa","PT_DOC_VERIFIER","3709110a-4b1d-49a4-b639-95b689a86aa5","1743506463523","d14f1116-6b07-4345-9db9-820d2e85daa0","1758271856474",True
"df742207-62af-4b5e-bd44-9cd000a97325","pg","af56b240-542c-49a1-a9bb-fcc2e93866aa","DECLINE","48b779f2-f0ad-4158-baa2-999504deb8bd","FSM_DSO,FSM_EDITOR_EMP","3903e096-3b9f-43a5-b5f0-4c37079d6cd5","1744197611210","3903e096-3b9f-43a5-b5f0-4c37079d6cd5","1744197611210",True
"e00e404b-33f5-428a-b152-607d3a9d67e3","pg","d8fd10e9-dc38-482b-9407-66d0a1e0e235","ADHOC","d8fd10e9-dc38-482b-9407-66d0a1e0e235","CITIZEN,BPA_CITIZEN,BPA_ARCHITECT,BPA_ENGINEER,BPA_BUILDER,BPA_STRUCTURALENGINEER,BPA_TOWNPLANNER,BPA_SUPERVISOR,SYSTEM_PAYMENT,CEMP","1723f919-bcce-4f6f-a135-4757075c5c27","1744621900491","c8d9141d-b3f3-41e3-bc1f-649af40dee6a","1747300294366",True
"e019fada-3afd-4731-8410-9bdc1c2dc4de","pg","7fbf5ad0-65d2-4ab4-9c20-d66037ccd65b","VERIFY_AND_FORWARD","2acf767c-c4eb-4357-8653-9c3303df9933","WS_DOC_VERIFIER","1723f919-bcce-4f6f-a135-4757075c5c27","1745170689502","1723f919-bcce-4f6f-a135-4757075c5c27","1750320158669",True
"e05cf2a0-bbf3-493a-857c-249c35612241","pg.citya","933bdec8-5600-4ba8-ae60-4428426d7051","RESOLVE","2a6391a4-496a-4f94-9040-6c0bf9f6c68a","PGR_LME","a4a0d5a5-2edc-4c3d-bf97-5fdd1f88cbaa","1743096883293","a4a0d5a5-2edc-4c3d-bf97-5fdd1f88cbaa","1743096883293",True
"e05e7db8-d4c4-44d8-b77f-c08fdb42864a","pg.citya","ffed33b2-e2ba-4650-a0ff-a4e4b29cd9ff","CANCEL","0c42f37f-609e-48be-9480-85bf77a80542","FSM_ADMIN","5130f2e3-efc1-401a-94fb-b9e60d9fa17d","1746620274309","5130f2e3-efc1-401a-94fb-b9e60d9fa17d","1746620274309",True
"e07bd1e4-4947-4791-b558-875d0f6bc971","pg","8dd41013-05af-4db3-a769-1e0e05111ee4","OPEN","11453774-fa3b-40e7-af54-8b5ede217be4","CITIZEN,WS_CITIZEN,SW_CEMP,WS_CEMP","1723f919-bcce-4f6f-a135-4757075c5c27","1745170721050","1723f919-bcce-4f6f-a135-4757075c5c27","1750320275276",True
"e0de825f-3225-4c12-bfa2-5b4729cb46f3","pg.citya","a6c9afcd-42c4-4d6c-8396-d02dd152236e","REJECT","a985e495-2ae1-4fd7-b54a-26b23927489d","GRO,DGRO","a4a0d5a5-2edc-4c3d-bf97-5fdd1f88cbaa","1743096883293","a4a0d5a5-2edc-4c3d-bf97-5fdd1f88cbaa","1743096883293",True
"e0f43035-9309-472d-ae15-7c927df2d704","pg.citya","6c520689-e947-46b6-ae24-59ce7ff1f9a2","SEND_BACK","7561125b-c8aa-4f0d-ba3e-6e710bee62ea","WS_APPROVER,SW_APPROVER","3709110a-4b1d-49a4-b639-95b689a86aa5","1743506587586","3709110a-4b1d-49a4-b639-95b689a86aa5","1743506587586",True
"e13b922c-8d42-4684-a3f4-38932ef40ee5","pg.citya","12f61d44-b1cf-4bb9-9da4-4988a21a26b9","SEND_BACK_TO_CITIZEN","27c8c3d4-5e23-401c-8f1d-395df4c05b00","BPA_FIELD_INSPECTOR","3709110a-4b1d-49a4-b639-95b689a86aa5","1743501511811","c8d9141d-b3f3-41e3-bc1f-649af40dee6a","1747225208046",True
"e16759fe-b3d2-4209-bcd1-d1dec2a7088a","pg.citya","ffed33b2-e2ba-4650-a0ff-a4e4b29cd9ff","REASSING","5ea79b24-0f5d-48bf-92ee-7caa90bdfa81","FSM_EDITOR_EMP","5130f2e3-efc1-401a-94fb-b9e60d9fa17d","1746620274309","5130f2e3-efc1-401a-94fb-b9e60d9fa17d","1746620274309",True
"e17601ec-2dea-4439-9139-8c77074bb6eb","pg.citya","e72a5087-a919-4dc0-9d44-cbce52b52bcc","RATE","291b08d9-e66f-4420-8000-9962a70a8c3c","CITIZEN","3903e096-3b9f-43a5-b5f0-4c37079d6cd5","1746620241301","3903e096-3b9f-43a5-b5f0-4c37079d6cd5","1746620241301",True
"e1988fdf-af13-4976-ac7c-64f54aecb1ad","pg","11453774-fa3b-40e7-af54-8b5ede217be4","APPROVE","13d95bd8-fde7-4e96-affd-da39e8deac74","WS_APPROVER,SW_APPROVER","1723f919-bcce-4f6f-a135-4757075c5c27","1745170721050","1723f919-bcce-4f6f-a135-4757075c5c27","1750320275276",True
"e1b13347-28c8-4595-b5fb-821c8a8f0da4","pg.citya","6c520689-e947-46b6-ae24-59ce7ff1f9a2","REJECT","26f70616-ef80-4093-bec2-b63ed6707a47","WS_APPROVER,SW_APPROVER","3709110a-4b1d-49a4-b639-95b689a86aa5","1743506587586","3709110a-4b1d-49a4-b639-95b689a86aa5","1743506587586",True
"e217c92a-363a-41e9-b7fc-5f47a8016fd6","pg.citya","3b6e706d-ffa9-4227-8fa3-bb25c2524ac7","FORWARD","98af4240-3008-4af0-a51c-c12470df04c7","CITIZEN,BPA_CITIZEN","3709110a-4b1d-49a4-b639-95b689a86aa5","1743501511811","c8d9141d-b3f3-41e3-bc1f-649af40dee6a","1747227433277",True
"e21e5468-0370-4263-9076-405f8a7afb57","pg.citya","b6b7a481-135a-4703-93e0-55a517b57fcb","PAY","5790ab4d-c2da-4f96-bbf6-236bd243b126","CITIZEN,BPA_CITIZEN,BPA_ARCHITECT,BPA_ENGINEER,BPA_BUILDER,BPA_STRUCTURALENGINEER,BPA_TOWNPLANNER,BPA_SUPERVISOR,SYSTEM_PAYMENT,CEMP","3709110a-4b1d-49a4-b639-95b689a86aa5","1743501511811","c8d9141d-b3f3-41e3-bc1f-649af40dee6a","1747225208046",True
"e22b0869-7715-473e-89ba-1dcdf6ead9c4","pg.citya","b8ccd20c-6f53-4eb0-ad64-159ac492d156","CANCEL","0c42f37f-609e-48be-9480-85bf77a80542","FSM_ADMIN","5130f2e3-efc1-401a-94fb-b9e60d9fa17d","1746620274309","5130f2e3-efc1-401a-94fb-b9e60d9fa17d","1746620274309",True
"e25332c8-3664-4848-8e1f-4a9712ac6f90","pg","514c516e-2791-4757-b396-1e32e399f4be","REJECT","382801d5-8898-4735-aaef-9a9e0be1aedf","ESTIMATE_APPROVER","b43b260c-f620-45d3-a43f-f53148f87f15","1759748291264","b43b260c-f620-45d3-a43f-f53148f87f15","1759748291264",True
"e2765e02-431a-464b-ab56-7a6e1d3645f4","pg.citya","8f8b465a-6d8c-4fa5-b0e5-0ca0b645522c","VOID","0a406fa7-5db3-4aae-932e-f91774137e6c","BPA_VERIFIER,BPA_FIELD_INSPECTOR,BPA_NOC_VERIFIER,BPA_APPROVER","1723f919-bcce-4f6f-a135-4757075c5c27","1743483264461","1723f919-bcce-4f6f-a135-4757075c5c27","1743483264461",True
"e27aeb15-53c1-49b5-a1e5-cbcbf5eed3d4","pg.citya","4c8ebe47-30f8-4903-8550-a431dc9e7d9d","SENDBACK","d835de7e-6cdf-4c1b-ac71-57fd699f375d","FSM_ADMIN","5130f2e3-efc1-401a-94fb-b9e60d9fa17d","1746620339237","5130f2e3-efc1-401a-94fb-b9e60d9fa17d","1746620339237",True
"e286371b-679a-497f-8451-61e960522bdc","pg","0ffa6840-88d7-4721-a618-8fb02fe0e5cb","REASSING","0ffa6840-88d7-4721-a618-8fb02fe0e5cb","FSM_EDITOR_EMP","5130f2e3-efc1-401a-94fb-b9e60d9fa17d","1744197702516","5130f2e3-efc1-401a-94fb-b9e60d9fa17d","1744197702516",True
"e2893e70-3ffc-476c-b362-5ac5dc4360ed","pg.citya","49fb089f-3d36-4fac-bf64-40f7aaaa326a","FORWARD","12f61d44-b1cf-4bb9-9da4-4988a21a26b9","BPA_VERIFIER","3709110a-4b1d-49a4-b639-95b689a86aa5","1743501511811","c8d9141d-b3f3-41e3-bc1f-649af40dee6a","1747225208046",True
"e2ac6ba9-3ddd-41de-aba9-4f7b11940509","pg.citya","8f8b465a-6d8c-4fa5-b0e5-0ca0b645522c","AUTO_APPROVE","ca6cfce2-eb83-4a23-b8ba-1da5e5cad70a","BPA_VERIFIER,BPA_FIELD_INSPECTOR,BPA_NOC_VERIFIER,BPA_APPROVER","1723f919-bcce-4f6f-a135-4757075c5c27","1743483264461","1723f919-bcce-4f6f-a135-4757075c5c27","1743483264461",True
"e2c77610-5219-443c-a04a-187cacd4dec8","pg.citya","2892a427-3789-4eb8-9787-05614da39ca1","FORWARD","f407c7c5-88a0-4c75-9e31-02a5bb2c4142","BPA_FIELD_INSPECTOR","3709110a-4b1d-49a4-b639-95b689a86aa5","1743501511811","c8d9141d-b3f3-41e3-bc1f-649af40dee6a","1747227583985",True
"e303d884-cb98-48a3-99c0-ee65f8eda81a","pg.citya","122f0ba0-70f5-4289-9df2-df5ee598cc10","FORWARD","9fbabc7c-abb2-477f-93b3-27d00127f5bf","CITIZEN,BPA_CITIZEN,BPA_ARCHITECT","3709110a-4b1d-49a4-b639-95b689a86aa5","1743501511811","c8d9141d-b3f3-41e3-bc1f-649af40dee6a","1747227583985",True
"e381bd90-05f2-4d67-abed-af9b3ad10e36","pg.citya","bc13f192-3964-4e4e-aa7c-1a0bf0323980","UPDATE","bc13f192-3964-4e4e-aa7c-1a0bf0323980","FSM_DSO,FSM_EDITOR_EMP","5130f2e3-efc1-401a-94fb-b9e60d9fa17d","1746620465019","5130f2e3-efc1-401a-94fb-b9e60d9fa17d","1746620465019",True
"e429f113-cc62-417d-93f4-cc56114ef0cf","pg","2cdd085b-ac20-4378-97bd-e3617abfbb38","REJECT","aba078ce-b3e7-40d5-aa2d-efed137bad61","WS_APPROVER","1723f919-bcce-4f6f-a135-4757075c5c27","1745170711814","1723f919-bcce-4f6f-a135-4757075c5c27","1750320234575",True
"e4599251-0cda-4e3d-bbdd-7078d29a440a","pg.citya","67aaa3cd-0507-4aa7-ba74-16dbd14fff21","REASSING","67aaa3cd-0507-4aa7-ba74-16dbd14fff21","FSM_EDITOR_EMP","11b0e02b-0145-4de2-bc42-c97b96264807","1746620314146","11b0e02b-0145-4de2-bc42-c97b96264807","1746620314146",True
"e4733710-4326-4ed3-9035-13b8920fabe9","pg.citya","933bdec8-5600-4ba8-ae60-4428426d7051","REASSIGN","54fd18e9-964b-4081-82e8-35a5cbde0241","PGR_LME","a4a0d5a5-2edc-4c3d-bf97-5fdd1f88cbaa","1743096883293","a4a0d5a5-2edc-4c3d-bf97-5fdd1f88cbaa","1743096883293",True
"e488bf47-ecb6-4dbb-9dc4-b619180f39d2","pg.citya","a6c9afcd-42c4-4d6c-8396-d02dd152236e","ASSIGN","933bdec8-5600-4ba8-ae60-4428426d7051","GRO,DGRO","a4a0d5a5-2edc-4c3d-bf97-5fdd1f88cbaa","1743096883293","a4a0d5a5-2edc-4c3d-bf97-5fdd1f88cbaa","1743096883293",True
"e48c65f7-ce72-4763-9cf4-a1aac68a9eae","pg","b5578866-29c7-46b8-b843-a0d1030af36d","REJECT","aba078ce-b3e7-40d5-aa2d-efed137bad61","WS_FIELD_INSPECTOR","1723f919-bcce-4f6f-a135-4757075c5c27","1745170711814","1723f919-bcce-4f6f-a135-4757075c5c27","1750320234575",True
"e4d1feb7-f5c2-4c4e-b824-d2383d89ea8a","pg.citya","ffed33b2-e2ba-4650-a0ff-a4e4b29cd9ff","PAY","ffed33b2-e2ba-4650-a0ff-a4e4b29cd9ff","CITIZEN,FSM_COLLECTOR","5130f2e3-efc1-401a-94fb-b9e60d9fa17d","1746620274309","5130f2e3-efc1-401a-94fb-b9e60d9fa17d","1746620274309",True
"e58052cc-c3e1-47e7-bc09-61b56e8156b4","pg","e8e82a7c-c276-4bb0-8729-07157a7a488b","INITIATE","7625824f-0be6-4b4d-bcfd-be7dc3359994","BPA_ARCHITECT,BPA_ENGINEER,BPA_BUILDER,BPA_STRUCTURALENGINEER,BPA_TOWNPLANNER,BPA_SUPERVISOR","1723f919-bcce-4f6f-a135-4757075c5c27","1744621912674","c8d9141d-b3f3-41e3-bc1f-649af40dee6a","1747300462548",True
"e58115b2-01eb-4724-8295-a8481fe62575","pg","eb7e284a-68bd-42b0-a31c-f6e71e30b268","APPROVE","46ea9969-bff9-48c7-a557-ba7677458738","AIRPORT_AUTHORITY_APPROVER","1723f919-bcce-4f6f-a135-4757075c5c27","1745170626068","1723f919-bcce-4f6f-a135-4757075c5c27","1745170626068",True
"e5c0e716-98d9-4e9f-b31f-3096ab3679de","pg.citya","ea5eda78-9d77-4442-b11f-373f83485ec5","OPEN","1e442c24-fef4-4992-a548-42564176da59","CITIZEN,PT_CITIZEN,PT_CEMP","3709110a-4b1d-49a4-b639-95b689a86aa5","1743506463523","c8d9141d-b3f3-41e3-bc1f-649af40dee6a","1747221963724",True
"e5c2e0fc-b9ca-4c88-9edd-2029a8ba8df2","pg.citya","f564f83e-1214-48a4-a542-89f97e73b6c1","REJECT","0986acff-ee96-47c0-81e6-d19cbbc42509","CITIZEN,PT_CITIZEN,PT_CEMP","3709110a-4b1d-49a4-b639-95b689a86aa5","1743506463523","c8d9141d-b3f3-41e3-bc1f-649af40dee6a","1747296696098",True
"e5dba7f7-36d8-44e1-9ba3-97c7c96b488e","pg.citya","16c72b06-14cc-41d0-82b4-b4a75b9dad88","REFER","16c72b06-14cc-41d0-82b4-b4a75b9dad88","NOC_FIELD_INSPECTOR","1723f919-bcce-4f6f-a135-4757075c5c27","1743483264461","1723f919-bcce-4f6f-a135-4757075c5c27","1743483264461",True
"e6298d7c-2856-4bf5-bc89-d4a248c47dde","pg.citya","d00f5874-3e67-41c3-9009-be30729832e1","REJECT","bce8e548-afdd-424e-89e2-81b05a1fbcd0","BPAREG_APPROVER","3709110a-4b1d-49a4-b639-95b689a86aa5","1743501511811","c8d9141d-b3f3-41e3-bc1f-649af40dee6a","1747299813060",True
"e7232716-f722-4ea7-aeb1-480d19d4d83e","pg.citya","848dc714-e650-4e1f-b9da-0f2380633a25","CREATE_FSTPO_VEHICLE_LOG","331dedf9-9b36-4d9e-a573-5f635a4cc579","FSM_EMP_FSTPO","3903e096-3b9f-43a5-b5f0-4c37079d6cd5","1746620373694","3903e096-3b9f-43a5-b5f0-4c37079d6cd5","1746620373694",True
"e77a4c2f-eb20-4fa5-9dd2-3c1260043e1c","pg.citya","eb2fd607-bad0-4abb-a39d-1bce2e1da2c1","REJECT","463f4a9e-d632-4be5-9245-0727df3ab6fe","NOC_DOC_VERIFIER","1723f919-bcce-4f6f-a135-4757075c5c27","1743483264461","1723f919-bcce-4f6f-a135-4757075c5c27","1743483264461",True
"e824e06e-3455-4cca-9885-2877ee6177bc","pg","0cd986d2-76db-4143-96c5-85efb4257771","UPDATE","0cd986d2-76db-4143-96c5-85efb4257771","FSM_DSO,FSM_EDITOR_EMP","5130f2e3-efc1-401a-94fb-b9e60d9fa17d","1744197702516","5130f2e3-efc1-401a-94fb-b9e60d9fa17d","1744197702516",True
"e8a2b46a-d628-404f-a006-cb9ecef8ef15","pg.citya","b7397410-3275-4c85-b2bf-d4d66551f930","RESUBMIT_APPLICATION","8b26194d-69d0-46e0-9592-aecd3c40dbab","CITIZEN,WS_CITIZEN,SW_CEMP","d14f1116-6b07-4345-9db9-820d2e85daa0","1750331545883","d14f1116-6b07-4345-9db9-820d2e85daa0","1750331545883",True
"e9111865-a6f6-4293-ae6e-37172b99efaf","pg.citya","12f61d44-b1cf-4bb9-9da4-4988a21a26b9","REJECT","c730fe35-a01c-4fda-b475-f3ee2f48d5d3","BPA_FIELD_INSPECTOR","3709110a-4b1d-49a4-b639-95b689a86aa5","1743501511811","c8d9141d-b3f3-41e3-bc1f-649af40dee6a","1747225208046",True
"e9301550-ddc2-418c-974b-f711155967d2","pg","4e97b4fd-7c51-4455-8f96-05ae56d88327","PAY","cb4916b9-6d64-430c-be79-7de902b79979","CITIZEN,BPA_CITIZEN,SYSTEM_PAYMENT","1723f919-bcce-4f6f-a135-4757075c5c27","1744621746981","c8d9141d-b3f3-41e3-bc1f-649af40dee6a","1747303115855",True
"e94a47df-34fe-482f-8eb6-4cf14e6e4c7e","pg","2f159dab-2c12-4a07-b909-a4b004a5679c","REASSING","f6d3433f-f27c-4027-92df-0ca73a6db1ca","FSM_EDITOR_EMP","5130f2e3-efc1-401a-94fb-b9e60d9fa17d","1744197634808","5130f2e3-efc1-401a-94fb-b9e60d9fa17d","1744197634808",True
"e999f38f-8408-422f-9bf1-840986d4b87d","pg.citya","e8c3259a-7710-4307-8382-7b6a70688198","APPROVE_FOR_DISCONNECTION","3eec7e2a-c7dc-4938-af25-09bb331484fa","SW_APPROVER","d14f1116-6b07-4345-9db9-820d2e85daa0","1750331545883","d14f1116-6b07-4345-9db9-820d2e85daa0","1750331545883",True
"eae36c59-3d00-4e1d-bfab-c8c996e9293f","pg.citya","3eec7e2a-c7dc-4938-af25-09bb331484fa","PAY","ceee1a26-ba3e-41c5-ac69-90a49b9d6566","CITIZEN,WS_CITIZEN,SW_CEMP","d14f1116-6b07-4345-9db9-820d2e85daa0","1750331545883","d14f1116-6b07-4345-9db9-820d2e85daa0","1750331545883",True
"eb26f927-dc58-4a96-8217-6f0d2213f384","pg.citya","fbaf7fce-2b80-46ae-861f-6289a5ae2065","REJECT","effbd535-5eb8-449e-9f11-f09ef06024ec","WS_APPROVER","d14f1116-6b07-4345-9db9-820d2e85daa0","1750331436198","d14f1116-6b07-4345-9db9-820d2e85daa0","1750331436198",True
"eb33365f-1df8-4147-9d94-e929f5c872ab","pg","9178164c-5a82-4b52-a08a-23c3b2730bae","VOID","f0858bbc-214e-4387-bbbb-beb287fcacbc","BPA_VERIFIER,BPA_FIELD_INSPECTOR,BPA_NOC_VERIFIER,BPA_APPROVER","1723f919-bcce-4f6f-a135-4757075c5c27","1745170642694","1723f919-bcce-4f6f-a135-4757075c5c27","1745170642694",True
"ebc6c5ca-6b93-4153-abae-e716cb13f875","pg","3408aa24-24b1-4517-b5e6-16503edddb7e","INITIATE","931c8988-b63e-4a34-ad51-8ca34a766118","CITIZEN,WS_CITIZEN,WS_CEMP","1723f919-bcce-4f6f-a135-4757075c5c27","1745170711814","1723f919-bcce-4f6f-a135-4757075c5c27","1750320234575",True
"ebce6f3c-6e4e-4223-9bee-4ed3837af83c","pg.citya","c90bef0c-d588-42bf-8cbb-40f0dd26df32","INITIATE","85ae2763-c43c-44e6-b236-3f7d21ad8f3a","CITIZEN,BPA_ARCHITECT,BPA_ENGINEER,BPA_BUILDER,BPA_STRUCTURALENGINEER,BPA_TOWNPLANNER,BPA_SUPERVISOR","1723f919-bcce-4f6f-a135-4757075c5c27","1743485624550","1723f919-bcce-4f6f-a135-4757075c5c27","1743485624550",True
"ebe0fa74-dc8a-482a-acdf-3dd5b8e8f4fd","pg.citya","4c8ebe47-30f8-4903-8550-a431dc9e7d9d","REASSING","d835de7e-6cdf-4c1b-ac71-57fd699f375d","FSM_EDITOR_EMP","5130f2e3-efc1-401a-94fb-b9e60d9fa17d","1746620339237","5130f2e3-efc1-401a-94fb-b9e60d9fa17d","1746620339237",True
"ec3b52ff-f104-4e1d-a366-25ed07de6c65","pg.citya","6d06a1d1-f571-441d-8b5a-8a5d9fbf03a2","INITIATE","6d06a1d1-f571-441d-8b5a-8a5d9fbf03a2","BPA_ARCHITECT,BPA_ENGINEER,BPA_BUILDER,BPA_STRUCTURALENGINEER,BPA_TOWNPLANNER,BPA_SUPERVISOR","3709110a-4b1d-49a4-b639-95b689a86aa5","1743501511811","c8d9141d-b3f3-41e3-bc1f-649af40dee6a","1747225208046",True
"ec3da307-3290-49fb-bab5-edf87bf8e12f","pg.citya","3f07f19a-8948-4cc9-a891-87829854374f","EXECUTE_DISCONNECTION","e0f30178-c184-4387-9535-7443483dcd0d","WS_CLERK","d14f1116-6b07-4345-9db9-820d2e85daa0","1750331436198","d14f1116-6b07-4345-9db9-820d2e85daa0","1750331436198",True
"ec7f2ab1-46b9-4004-af4e-4d0c6fab6c39","pg.citya","848dc714-e650-4e1f-b9da-0f2380633a25","READY_FOR_DISPOSAL","cf3ad282-36be-4547-a902-59bc56c57d62","FSM_DSO,FSM_EDITOR_EMP,FSM_EMP_FSTPO","3903e096-3b9f-43a5-b5f0-4c37079d6cd5","1746620373694","3903e096-3b9f-43a5-b5f0-4c37079d6cd5","1746620373694",True
"eca7fd86-fd49-43d0-81ab-b2d56fb9c3e0","pg","0ed13691-915e-4583-9bf4-70cb144da8ba","CANCEL","33d17730-23e6-4c18-9c6d-78f15c181d10","NOC_APPROVER","1723f919-bcce-4f6f-a135-4757075c5c27","1745170648438","1723f919-bcce-4f6f-a135-4757075c5c27","1745170648438",True
"ece80281-93c3-422c-be76-5ed0f821b495","pg.citya","3c7f8bd8-dd50-49aa-acce-75b261dfc611","SKIP_PAYMENT","49fb089f-3d36-4fac-bf64-40f7aaaa326a","CITIZEN,BPA_CITIZEN,BPA_ARCHITECT,BPA_ENGINEER,BPA_BUILDER,BPA_STRUCTURALENGINEER,BPA_TOWNPLANNER,BPA_SUPERVISOR,SYSTEM_PAYMENT,CEMP","3709110a-4b1d-49a4-b639-95b689a86aa5","1743501511811","c8d9141d-b3f3-41e3-bc1f-649af40dee6a","1747225208046",True
"ecebf7f2-dd2f-4d79-8fa4-236f5cfd1f56","pg","0ffa6840-88d7-4721-a618-8fb02fe0e5cb","DSO_ACCEPT","0cd986d2-76db-4143-96c5-85efb4257771","FSM_DSO,FSM_EDITOR_EMP","5130f2e3-efc1-401a-94fb-b9e60d9fa17d","1744197702516","5130f2e3-efc1-401a-94fb-b9e60d9fa17d","1744197702516",True
"ecfd25d7-b657-4772-a694-dfbb92a9dad1","pg.citya","85ae2763-c43c-44e6-b236-3f7d21ad8f3a","APPROVE","3bbdfeef-2abb-4958-b8e3-1d436b6f334e","FIRE_NOC_APPROVER","1723f919-bcce-4f6f-a135-4757075c5c27","1743485624550","1723f919-bcce-4f6f-a135-4757075c5c27","1743485624550",True
"ed4f0383-8c87-4d85-8481-31cf91e78fe9","pg.citya","eb2fd607-bad0-4abb-a39d-1bce2e1da2c1","SENDBACKTOCITIZEN","901725b9-68b2-4bac-82ff-e559adf3331f","NOC_DOC_VERIFIER","1723f919-bcce-4f6f-a135-4757075c5c27","1743483264461","1723f919-bcce-4f6f-a135-4757075c5c27","1743483264461",True
"ed5bd8d2-becf-488f-9e61-24c6dbc440e7","pg","cd2766c9-a232-4725-8732-d0d06649a088","RESUBMIT_APPLICATION","323d268c-afd3-48c8-b1b3-3cd9e232be71","CITIZEN,WS_CITIZEN,WS_CEMP","1723f919-bcce-4f6f-a135-4757075c5c27","1745170711814","1723f919-bcce-4f6f-a135-4757075c5c27","1750320234575",True
"ed865c95-c5f2-405a-b2ff-a07671241aec","pg","2726cb75-1ddf-463a-ba4a-31de619f0809","SENDBACK","7e64688c-cda6-43a1-b8b0-3a7ced576f88","FSM_ADMIN","5130f2e3-efc1-401a-94fb-b9e60d9fa17d","1744197661636","5130f2e3-efc1-401a-94fb-b9e60d9fa17d","1744197661636",True
"edbe0d28-33cc-4444-975f-f1531e8aa1fa","pg","ca682e41-7087-4577-b0e3-f1b5a62bb477","APPROVE","e50309f2-4c35-469f-84bd-1a91e838b947","BPAREG_APPROVER","1723f919-bcce-4f6f-a135-4757075c5c27","1744621972446","c8d9141d-b3f3-41e3-bc1f-649af40dee6a","1747303289822",True
"edc2c030-a39a-4cd4-a179-333f5e3188d6","pg","4d6d1eab-f735-4196-8572-e3df73224b3e","REJECT","52c727f7-e5f0-478a-89e3-d72bb4aaee7e","BPA_FIELD_INSPECTOR","1723f919-bcce-4f6f-a135-4757075c5c27","1744621912674","c8d9141d-b3f3-41e3-bc1f-649af40dee6a","1747300462548",True
"edcac78e-2c5b-4d92-8d17-8f444d841c92","pg","40ee8bd5-0d29-4482-9dd2-5e08eb178773","PAY","48b779f2-f0ad-4158-baa2-999504deb8bd","CITIZEN,FSM_COLLECTOR","3903e096-3b9f-43a5-b5f0-4c37079d6cd5","1744197611210","3903e096-3b9f-43a5-b5f0-4c37079d6cd5","1744197611210",True
"ee1b6dba-9989-45b4-b39c-75e51ba76278","pg","6cd96373-bb1f-4ce0-a897-60faf5b11404","CANCEL","c210b3b1-3a5a-457b-9c29-aad553a2c3dc","FSM_ADMIN","5130f2e3-efc1-401a-94fb-b9e60d9fa17d","1744197661636","5130f2e3-efc1-401a-94fb-b9e60d9fa17d","1744197661636",True
"ee43734a-7732-4022-b686-3729d15f6c33","pg","d5b89c3b-f77e-40ed-9846-b6bbaac50805","REASSING","b3c3c083-9595-4cde-916e-26f6fb34f7db","FSM_EDITOR_EMP","11b0e02b-0145-4de2-bc42-c97b96264807","1744197648205","11b0e02b-0145-4de2-bc42-c97b96264807","1744197648205",True
"ee51ae8a-0895-4100-9bf7-86101cad53c0","pg.citya","5a7ef49d-0188-4a88-b1aa-49ec02ab7566","VERIFY_AND_FORWARD","fbaf7fce-2b80-46ae-861f-6289a5ae2065","WS_FIELD_INSPECTOR","d14f1116-6b07-4345-9db9-820d2e85daa0","1750331436198","d14f1116-6b07-4345-9db9-820d2e85daa0","1750331436198",True
"ef2932d2-745e-45dc-9260-2042c44bc712","pg","1176abf5-5022-4dbf-8442-878032295198","REJECT","a76f9f5c-ed55-4319-937c-6fdbb22a50af","BPAREG_DOC_VERIFIER","1723f919-bcce-4f6f-a135-4757075c5c27","1744621925179","c8d9141d-b3f3-41e3-bc1f-649af40dee6a","1747299993886",True
"ef391d42-1318-43f0-bce0-104087ffa51d","pg.citya","5bf2b38f-af3d-4eac-8109-42542c29366c","APPROVE","3edc955f-87a4-437c-a074-0bdce1b030eb","BPAREG_APPROVER","3709110a-4b1d-49a4-b639-95b689a86aa5","1743501511811","c8d9141d-b3f3-41e3-bc1f-649af40dee6a","1747302781861",True
"eff5e9d3-a882-49e1-943e-62ac8219372e","pg","af7ff6c3-952d-47b0-bcca-8b0e91bf234e","REASSING","64abc187-1dcb-443c-80c0-116912da9a5b","FSM_EDITOR_EMP","5130f2e3-efc1-401a-94fb-b9e60d9fa17d","1744197661636","5130f2e3-efc1-401a-94fb-b9e60d9fa17d","1744197661636",True
"f01b9889-85af-4ff3-892f-02d08e0eab8a","pg.citya","8aedbbfe-169d-4952-a5c9-d4acf5332f9f","PAY","380065d9-2fcc-40c2-ad46-820df6f3d8a4","CITIZEN,FSM_COLLECTOR","11b0e02b-0145-4de2-bc42-c97b96264807","1746620314146","11b0e02b-0145-4de2-bc42-c97b96264807","1746620314146",True
"f026f884-5d4c-4ad1-b442-fdd8c43f48da","pg","ef120f0d-3b9e-4933-b2bd-ce8bc6a97176","REJECT","efec407c-9520-4db3-8cbc-7c7e8cf3c914","PT_CEMP,CITIZEN,PT_CITIZEN","919f4168-223a-4ea9-8d27-9a9e27e672bd","1743070107121","c8d9141d-b3f3-41e3-bc1f-649af40dee6a","1747894463358",True
"f0d44fa5-d606-4e73-82b4-659c165c04be","pg.citya","723a65be-223b-4afd-898b-1d98808b9fe5","REJECT","a995711f-5873-4156-8346-0a0b5b78600d","WS_DOC_VERIFIER","d14f1116-6b07-4345-9db9-820d2e85daa0","1750331394335","d14f1116-6b07-4345-9db9-820d2e85daa0","1750331394335",True
"f1334c9b-b099-4336-ba0c-8f0f94f26fe6","pg","6ef35cee-f6a0-4a0a-a999-44dd16e51ab5","SENDBACK","b3c3c083-9595-4cde-916e-26f6fb34f7db","FSM_ADMIN","11b0e02b-0145-4de2-bc42-c97b96264807","1744197648205","11b0e02b-0145-4de2-bc42-c97b96264807","1744197648205",True
"f229a738-8037-4e43-bce1-00dde3e32fab","pg.citya","fbc7929f-9e29-4fec-b726-a7dee9609786","INITIATE","fbc7929f-9e29-4fec-b726-a7dee9609786","BPA_ARCHITECT,BPA_ENGINEER,BPA_BUILDER,BPA_STRUCTURALENGINEER,BPA_TOWNPLANNER,BPA_SUPERVISOR","3709110a-4b1d-49a4-b639-95b689a86aa5","1743501511811","c8d9141d-b3f3-41e3-bc1f-649af40dee6a","1747227433277",True
"f2784aa5-2e41-478b-8a86-826c555c7944","pg.citya","462d81fc-de94-49da-afcd-5d13075b7b03","SEND_BACK_TO_CITIZEN","0548169a-1290-4099-881f-73803e4ab455","SW_DOC_VERIFIER","d14f1116-6b07-4345-9db9-820d2e85daa0","1750331517050","d14f1116-6b07-4345-9db9-820d2e85daa0","1750331517050",True
"f2bec2ac-bc5c-4a56-86d7-bf33af0724ac","pg","f2749fb6-63fb-466b-be6f-9cfb268ffb9e","FORWARD","c20d9ae1-c4d8-4752-8eeb-176cb24623cf","BPA_VERIFIER","1723f919-bcce-4f6f-a135-4757075c5c27","1744621900491","c8d9141d-b3f3-41e3-bc1f-649af40dee6a","1747300294366",True
"f30b665a-a42e-4b07-8e5c-2855a279ba68","pg","f75cdc6f-5731-46ae-9c14-c376de83f912","INITIATE","ec38c3b4-65c6-4144-b3d7-d84b32f6b1b1","CITIZEN,BPA_ARCHITECT,BPA_ENGINEER,BPA_BUILDER,BPA_STRUCTURALENGINEER,BPA_TOWNPLANNER,BPA_SUPERVISOR","1723f919-bcce-4f6f-a135-4757075c5c27","1745170615341","1723f919-bcce-4f6f-a135-4757075c5c27","1745170615341",True
"f339edbe-cda6-4c99-a831-930e4be1e5ff","pg","0185bfbf-f7e3-457b-aab0-eb2bd0438cc7","REJECT","aa0ce60a-ef16-4bd7-b432-cd3b3b94d7ec","SW_APPROVER","1723f919-bcce-4f6f-a135-4757075c5c27","1745170757723","1723f919-bcce-4f6f-a135-4757075c5c27","1745170757723",True
"f35671cb-d7d3-4a40-8cc7-d48c04c81d88","pg","78740e0f-ab82-40bd-8bf6-c149b85e79cc","SKIP_PAYMENT","9874058e-09c7-4ae4-a5f0-caf183c51ae1","BPA_APPROVER","1723f919-bcce-4f6f-a135-4757075c5c27","1744621887819","c8d9141d-b3f3-41e3-bc1f-649af40dee6a","1747300190538",True
"f3972afc-4120-437d-9902-38bc4d67f7dd","pg.citya","bc13f192-3964-4e4e-aa7c-1a0bf0323980","COMPLETED","874092bc-2ba3-4c96-abf6-e9c7223fd8fb","FSM_DSO,FSM_EDITOR_EMP","5130f2e3-efc1-401a-94fb-b9e60d9fa17d","1746620465019","5130f2e3-efc1-401a-94fb-b9e60d9fa17d","1746620465019",True
"f3f63401-af3d-43ac-b26f-480ebbd06f83","pg.citya","b14016f2-ebcc-4291-8afb-5ee9263fd3a5","OPEN","95cc1cc4-9720-4179-8f99-886e346e1ba5","CITIZEN,PT_CITIZEN,PT_CEMP","3709110a-4b1d-49a4-b639-95b689a86aa5","1743506463523","c8d9141d-b3f3-41e3-bc1f-649af40dee6a","1747296696098",True
"f3fc07c5-cd36-4d6f-9c44-3af3b51a1767","pg.citya","eab5b3a5-c9da-4ff3-819a-56cfcf0be3fa","VOID","477e0b38-0b75-46f5-9fb0-905a1ad0649b","BPA_VERIFIER,BPA_FIELD_INSPECTOR,BPA_NOC_VERIFIER","1723f919-bcce-4f6f-a135-4757075c5c27","1743483264461","1723f919-bcce-4f6f-a135-4757075c5c27","1743483264461",True
"f4d88a7f-3a9c-47be-b89d-a18e1c769906","pg","9c4a8bea-0c63-4ae2-9a63-1b4e237dcf8a","UPDATE_RESULT","30be6c2c-804c-40f4-9cfe-428a8ccccee6","PQM_ADMIN,PQM_TP_OPERATOR","5130f2e3-efc1-401a-94fb-b9e60d9fa17d","1744197760141","5130f2e3-efc1-401a-94fb-b9e60d9fa17d","1744197760141",True
"f4debbd3-1706-495d-a32f-eb7a3304541c","pg.citya","5c52f9b6-2464-44fa-b840-9b336cfc7242","SEND_TO_CITIZEN","b91e6dde-6aa1-4721-bbbe-8488f9c6a7b6","BPA_ARCHITECT,BPA_ENGINEER,BPA_BUILDER,BPA_STRUCTURALENGINEER,BPA_TOWNPLANNER,BPA_SUPERVISOR","3709110a-4b1d-49a4-b639-95b689a86aa5","1743501511811","c8d9141d-b3f3-41e3-bc1f-649af40dee6a","1747227433277",True
"f54c3606-1c0e-4406-be7e-9b826b6c9894","pg.citya","12f61d44-b1cf-4bb9-9da4-4988a21a26b9","FORWARD","f6c40afd-6563-44c6-8f40-e551a0dce7b6","BPA_FIELD_INSPECTOR","3709110a-4b1d-49a4-b639-95b689a86aa5","1743501511811","c8d9141d-b3f3-41e3-bc1f-649af40dee6a","1747225208046",True
"f669d903-ff84-4db3-8f01-2d7aeeb0e104","pg","724be35f-160e-4b0c-acbf-74999e15d0a4","REJECT","9749b29a-1ab9-4434-ac02-ab11eb56d8fe","BPAREG_DOC_VERIFIER","1723f919-bcce-4f6f-a135-4757075c5c27","1744621972446","c8d9141d-b3f3-41e3-bc1f-649af40dee6a","1747303289822",True
"f67a41fb-60f8-4da5-86f5-374d12418e1d","pg","3062b64d-bf07-4c52-a052-02bfe58ac03b","APPROVE_FOR_CONNECTION","3dcdac23-5869-4843-98f7-63217acf67fb","SW_APPROVER","1723f919-bcce-4f6f-a135-4757075c5c27","1745170748360","1723f919-bcce-4f6f-a135-4757075c5c27","1750319946627",True
"f712d62c-f5c5-4454-b5f1-a0e5121f2e26","pg","f82fbd96-0258-472a-960d-1a122d513c63","REJECT","ebff7b86-1cc5-4777-9084-b9dff05cf200","SW_DOC_VERIFIER","1723f919-bcce-4f6f-a135-4757075c5c27","1745170748360","1723f919-bcce-4f6f-a135-4757075c5c27","1750319946627",True
"f734a8d3-cd4f-4593-a7b5-4813d490c056","pg.citya","7dd1f1aa-8121-461b-9d26-9aba4ebb3b45","FORWARD","f50efcd6-f310-4106-884b-1898ae2b9ba7","BPA_VERIFIER","3709110a-4b1d-49a4-b639-95b689a86aa5","1743501511811","c8d9141d-b3f3-41e3-bc1f-649af40dee6a","1747227433277",True
"f7695ec4-64b0-4db8-a7bf-6b58b3d8bc40","pg.citya","ebc60d6b-764a-4967-96cf-6b8b3e4c8ae8","ADHOC","ebc60d6b-764a-4967-96cf-6b8b3e4c8ae8","CITIZEN,BPA_CITIZEN,BPA_ARCHITECT,BPA_ENGINEER,BPA_BUILDER,BPA_STRUCTURALENGINEER,BPA_TOWNPLANNER,BPA_SUPERVISOR,SYSTEM_PAYMENT,CEMP","3709110a-4b1d-49a4-b639-95b689a86aa5","1743501511811","c8d9141d-b3f3-41e3-bc1f-649af40dee6a","1747227433277",True
"f78f851e-42c7-4a5a-8682-0eab204a20db","pg.citya","9fbabc7c-abb2-477f-93b3-27d00127f5bf","SEND_BACK_TO_CITIZEN","122f0ba0-70f5-4289-9df2-df5ee598cc10","BPA_VERIFIER","3709110a-4b1d-49a4-b639-95b689a86aa5","1743501511811","c8d9141d-b3f3-41e3-bc1f-649af40dee6a","1747227583985",True
"f79690e7-1ccd-4152-a1b6-dedc9a75d8d0","pg","f6d3433f-f27c-4027-92df-0ca73a6db1ca","CANCEL","61cfbab3-0a58-4d38-803d-891a2f7b57ce","FSM_ADMIN","5130f2e3-efc1-401a-94fb-b9e60d9fa17d","1744197634808","5130f2e3-efc1-401a-94fb-b9e60d9fa17d","1744197634808",True
"f7a82ddf-e0e8-435c-a0ca-f7ca0fe695a1","pg","8b66e6d8-a10b-4027-88ee-5b13e3605ded","REJECT","ea4846b4-2063-4431-85af-6776982deced","PT_APPROVER","919f4168-223a-4ea9-8d27-9a9e27e672bd","1743070107121","c8d9141d-b3f3-41e3-bc1f-649af40dee6a","1747291813744",True
"f7fc7ee4-007d-48e0-90e6-377e214545fa","pg.citya","cf3ad282-36be-4547-a902-59bc56c57d62","DECLINEVEHICLE","40b49cb5-e0c1-4270-893f-3ffd04c8fc00","FSM_EMP_FSTPO","3903e096-3b9f-43a5-b5f0-4c37079d6cd5","1746620373694","3903e096-3b9f-43a5-b5f0-4c37079d6cd5","1746620373694",True
"f85cea8e-2668-4f33-8236-42161d375bbe","pg.citya","9afd3bb9-3565-48bc-a7fc-ebff0832f7fc","VERIFY_AND_FORWARD","e8c3259a-7710-4307-8382-7b6a70688198","SW_FIELD_INSPECTOR","d14f1116-6b07-4345-9db9-820d2e85daa0","1750331545883","d14f1116-6b07-4345-9db9-820d2e85daa0","1750331545883",True
"f8f0facb-4bfd-4a87-94e6-af37078443ca","pg.citya","ffed33b2-e2ba-4650-a0ff-a4e4b29cd9ff","SENDBACK","5ea79b24-0f5d-48bf-92ee-7caa90bdfa81","FSM_ADMIN","5130f2e3-efc1-401a-94fb-b9e60d9fa17d","1746620274309","5130f2e3-efc1-401a-94fb-b9e60d9fa17d","1746620274309",True
"f9f56a46-fb3c-4da6-a1d9-99b8b04e545a","pg.citya","c0f87817-051d-4bb8-a996-9da624fb691d","CANCEL","a07662d5-82ac-4450-8905-9c6cabf0440e","NOC_APPROVER","1723f919-bcce-4f6f-a135-4757075c5c27","1743483264461","1723f919-bcce-4f6f-a135-4757075c5c27","1743483264461",True
"f9fba156-a06f-4b2f-819f-28056fb9f4ef","pg.cityb","0a3a0130-1950-47ed-b558-cd3c6ac54c6e","UPDATE_RESULT","eb37d399-5341-4b42-9334-dff014169adb","PQM_ADMIN,PQM_TP_OPERATOR","5130f2e3-efc1-401a-94fb-b9e60d9fa17d","1748348009641","5130f2e3-efc1-401a-94fb-b9e60d9fa17d","1748348009641",True
"fa60b92e-8265-42f3-8ccf-a8efbaf94f13","pg","42890bfe-70e3-4264-86ff-9ccd1e9f8a7b","VERIFY_AND_FORWARD","866c0c57-f747-4a91-9ec5-6871ce1b0fcd","SW_FIELD_INSPECTOR","1723f919-bcce-4f6f-a135-4757075c5c27","1745170768730","1723f919-bcce-4f6f-a135-4757075c5c27","1750320031573",True
"fa6335b4-837e-44bb-8b39-3d889dd14f7e","pg","63fc5c53-85ca-4c43-b62e-6e262e29e78a","SENDBACK","29d16ea4-a2dd-438b-96ae-9f3312fa74a7","NOC_FIELD_INSPECTOR","1723f919-bcce-4f6f-a135-4757075c5c27","1745170648438","1723f919-bcce-4f6f-a135-4757075c5c27","1745170648438",True
"fa7d3518-7b3b-4147-9f0e-aacb59061355","pg.citya","901725b9-68b2-4bac-82ff-e559adf3331f","RESUBMIT","eb2fd607-bad0-4abb-a39d-1bce2e1da2c1","CITIZEN,NOC_CEMP","1723f919-bcce-4f6f-a135-4757075c5c27","1743483264461","1723f919-bcce-4f6f-a135-4757075c5c27","1743483264461",True
"fa7e3c49-f84f-4aa3-a60f-4d8512fff5e8","pg.citya","b6b7a481-135a-4703-93e0-55a517b57fcb","ADHOC","b6b7a481-135a-4703-93e0-55a517b57fcb","CITIZEN,BPA_CITIZEN,BPA_ARCHITECT,BPA_ENGINEER,BPA_BUILDER,BPA_STRUCTURALENGINEER,BPA_TOWNPLANNER,BPA_SUPERVISOR,SYSTEM_PAYMENT,CEMP","3709110a-4b1d-49a4-b639-95b689a86aa5","1743501511811","c8d9141d-b3f3-41e3-bc1f-649af40dee6a","1747225208046",True
"fa9b9c35-9494-41a3-9ec4-502f806f7cd1","pg","5fa57a6b-2cef-4780-832a-a8b1862bc17f","CREATE","172f4685-b9bb-4518-ba38-4e02bbf1c563","CITIZEN","5130f2e3-efc1-401a-94fb-b9e60d9fa17d","1744197634808","5130f2e3-efc1-401a-94fb-b9e60d9fa17d","1744197634808",True
"faa1ff43-77d7-433e-be49-d82d715862ab","pg","dfd626e5-7222-4a33-98a8-0a7fef1b1cc5","INITIATE","8ac59a61-4233-4781-9b40-a706239000ce","CITIZEN,WS_CITIZEN,SW_CEMP","1723f919-bcce-4f6f-a135-4757075c5c27","1745170748360","1723f919-bcce-4f6f-a135-4757075c5c27","1750319946627",True
"fade98f9-15e8-4ea0-9600-8751f9e085d0","pg","a5f2ce93-8410-41f8-bc5f-dafeb82be244","COMPLETED","1e9cce4e-63bc-4e41-b1a1-51e4f2d2f656","FSM_DSO,FSM_EDITOR_EMP","5130f2e3-efc1-401a-94fb-b9e60d9fa17d","1744197634808","5130f2e3-efc1-401a-94fb-b9e60d9fa17d","1744197634808",True
"faebb3a4-b4eb-46d3-9342-572a961bbab7","pg","6f28f778-2024-48b5-b861-8e86ab7bc466","FORWARD","3f571a3b-fad5-479d-820b-72df0335c3db","CITIZEN,BPA_CITIZEN,BPA_ARCHITECT","1723f919-bcce-4f6f-a135-4757075c5c27","1744621887819","c8d9141d-b3f3-41e3-bc1f-649af40dee6a","1747300190538",True
"fb334258-0f71-489d-ae47-ae7412a41542","pg.citya","9fbabc7c-abb2-477f-93b3-27d00127f5bf","FORWARD","2892a427-3789-4eb8-9787-05614da39ca1","BPA_VERIFIER","3709110a-4b1d-49a4-b639-95b689a86aa5","1743501511811","c8d9141d-b3f3-41e3-bc1f-649af40dee6a","1747227583985",True
"fb569545-9b9e-4042-a519-6a3ee2bdb99c","pg","3967ce9c-f4de-491c-9626-30e1706c27d4","APPLY","4014b6ca-91e1-46a2-b5ac-ce6b0683c26e","CITIZEN,BPA_CITIZEN,ANONYMOUS","1723f919-bcce-4f6f-a135-4757075c5c27","1744621925179","c8d9141d-b3f3-41e3-bc1f-649af40dee6a","1747299993886",True
"fc234fd4-2ae7-4143-a000-6456fc6b524b","pg.citya","702db8a7-510a-4fc3-9be4-1ab33faed82c","INITIATE","702db8a7-510a-4fc3-9be4-1ab33faed82c","BPA_ARCHITECT,BPA_ENGINEER,BPA_BUILDER,BPA_STRUCTURALENGINEER,BPA_TOWNPLANNER,BPA_SUPERVISOR","3709110a-4b1d-49a4-b639-95b689a86aa5","1743501511811","c8d9141d-b3f3-41e3-bc1f-649af40dee6a","1747227583985",True
"fcb13432-ead5-4d25-9698-5eb46ec8c4b4","pg.citya","b5b3d496-c955-46b4-aed9-348d2b188a01","APPLY","8bc521c8-10fa-4c2c-81b5-890361c05a84","CITIZEN,BPA_CITIZEN,ANONYMOUS","3709110a-4b1d-49a4-b639-95b689a86aa5","1743501511811","c8d9141d-b3f3-41e3-bc1f-649af40dee6a","1747303039536",True
"fcb71aa8-e689-45bf-bb16-e6daee328ff5","pg","c34ad474-bfe5-45aa-9882-a78514d72682","APPROVE","f07bfea3-765c-4230-89b1-db6ebec08d21","BPA_APPROVER","1723f919-bcce-4f6f-a135-4757075c5c27","1744621900491","c8d9141d-b3f3-41e3-bc1f-649af40dee6a","1747300294366",True
"fcc4955f-5345-45cb-a46e-3b573073a137","pg.citya","01eb74e4-fe6e-490c-9e91-4ad262329f2b","SENDBACKTOCITIZEN","ce6be08e-d6fa-4411-8cd1-db589ef2ec2d","TL_FIELD_INSPECTOR","1723f919-bcce-4f6f-a135-4757075c5c27","1743484407631","c8d9141d-b3f3-41e3-bc1f-649af40dee6a","1747222452265",True
"fcce4bd9-ec9b-42a0-a9f0-fcacaef13ba5","pg.citya","fa2d9327-0930-4688-8b95-9096d26ffc7c","FORWARD","f6fe3b23-2e1a-43e6-a2bb-99a6d1b6c218","BPAREG_DOC_VERIFIER","3709110a-4b1d-49a4-b639-95b689a86aa5","1743501511811","c8d9141d-b3f3-41e3-bc1f-649af40dee6a","1747302921144",True
"fcf76481-d9f5-48aa-b331-4bdb771926af","pg","acbc6e28-10fd-44ac-ab98-499ee2307c07","APPLY","d8fd10e9-dc38-482b-9407-66d0a1e0e235","BPA_ARCHITECT,BPA_ENGINEER,BPA_BUILDER,BPA_STRUCTURALENGINEER,BPA_TOWNPLANNER,BPA_SUPERVISOR","1723f919-bcce-4f6f-a135-4757075c5c27","1744621900491","c8d9141d-b3f3-41e3-bc1f-649af40dee6a","1747300294366",True
"fdc7350e-f646-4475-9a0c-bb6101a3c147","pg.citya","cc8d126d-d380-49d2-ae9a-d94d187ed730","CREATE","40506c52-2e8f-439e-bac0-1afaf58bdeb9","CITIZEN","5130f2e3-efc1-401a-94fb-b9e60d9fa17d","1746620274309","5130f2e3-efc1-401a-94fb-b9e60d9fa17d","1746620274309",True
"fdf567b0-29cd-40ee-8a30-6fbd08532bb5","pg.citya","723a65be-223b-4afd-898b-1d98808b9fe5","SEND_BACK_TO_CITIZEN","9b2b06e3-9b56-4c1a-a5c6-1b9aa90f8e16","WS_DOC_VERIFIER","d14f1116-6b07-4345-9db9-820d2e85daa0","1750331394335","d14f1116-6b07-4345-9db9-820d2e85daa0","1750331394335",True
"fe4b9583-9381-4037-8234-43769284febf","pg","40b88ef1-d126-49dd-aad0-4bd777e05ca4","INITIATE","6271bda4-c8ee-4f21-9371-4a349d4e11fb","CITIZEN,WS_CITIZEN,WS_CEMP","1723f919-bcce-4f6f-a135-4757075c5c27","1745170689502","1723f919-bcce-4f6f-a135-4757075c5c27","1750320158669",True
"feb8ac30-0c72-410c-a741-2da7510dbae7","pg","0cd986d2-76db-4143-96c5-85efb4257771","COMPLETED","72ff6337-0e24-4727-a244-046221b222e1","FSM_DSO,FSM_EDITOR_EMP","5130f2e3-efc1-401a-94fb-b9e60d9fa17d","1744197702516","5130f2e3-efc1-401a-94fb-b9e60d9fa17d","1744197702516",True
"feff9f7d-433a-4104-b153-a1585125f849","pg.citya","9b2b06e3-9b56-4c1a-a5c6-1b9aa90f8e16","RESUBMIT_APPLICATION","723a65be-223b-4afd-898b-1d98808b9fe5","CITIZEN,WS_CITIZEN,WS_CEMP","d14f1116-6b07-4345-9db9-820d2e85daa0","1750331394335","d14f1116-6b07-4345-9db9-820d2e85daa0","1750331394335",True
"ff3ce6f0-4507-47a7-ace1-7f7026d9a1ba","pg","600f900d-14b6-4e76-96ec-45f8d3f68e01","SENDBACKTOCITIZEN","d70bab3d-4672-4641-b30a-173aa4f7ea8b","PT_DOC_VERIFIER","919f4168-223a-4ea9-8d27-9a9e27e672bd","1743070107121","c8d9141d-b3f3-41e3-bc1f-649af40dee6a","1747291813744",True
"ff609927-62ac-49d6-bb7f-be4b791c0fa7","pg","af7ff6c3-952d-47b0-bcca-8b0e91bf234e","CANCEL","c210b3b1-3a5a-457b-9c29-aad553a2c3dc","FSM_ADMIN","5130f2e3-efc1-401a-94fb-b9e60d9fa17d","1744197661636","5130f2e3-efc1-401a-94fb-b9e60d9fa17d","1744197661636",True
"ff7cbc94-2403-4b27-89f8-4b4e7eadbe8b","pg","8fb9fa51-cbe4-4789-b124-44e5bf584b35","REJECT","eed252ac-cce2-4c48-a049-1f6cf2d2979f","WORK_ORDER_APPROVER","b43b260c-f620-45d3-a43f-f53148f87f15","1759748358987","b43b260c-f620-45d3-a43f-f53148f87f15","1759748358987",True
"ff94fd0c-e096-403f-824c-d9dff7fb6daa","pg.citya","197af202-6bd0-4143-9588-32a952af4d00","CREATE","9714c7bb-1b7a-447d-8ec0-9b6cd2fedb51","CITIZEN","5130f2e3-efc1-401a-94fb-b9e60d9fa17d","1746620465019","5130f2e3-efc1-401a-94fb-b9e60d9fa17d","1746620465019",True
"ffd1f9b1-28f0-46c2-ae15-5f8b2c9ff0bc","pg","0185bfbf-f7e3-457b-aab0-eb2bd0438cc7","APPROVE_CONNECTION","6bd5a3de-e424-494e-89fb-b2fbe5c98a25","SW_APPROVER","1723f919-bcce-4f6f-a135-4757075c5c27","1745170757723","1723f919-bcce-4f6f-a135-4757075c5c27","1745170757723",True
"ffdfc3d7-9377-4dc8-ae30-e70979867f80","pg.citya","2d77f0b0-4c82-4057-8fd1-9949bc36c757","DSO_REJECT","b9649c39-c44b-4a77-8a01-c697d0b67a9b","FSM_DSO","3903e096-3b9f-43a5-b5f0-4c37079d6cd5","1746620241301","3903e096-3b9f-43a5-b5f0-4c37079d6cd5","1746620241301",True
